record_id,name,email,phone,age,zip_code,gender,job_title,medical_condition,salary
1,Mark Johnson,mark.johnson98@yahoo.com,(133) 218-1960,36,94145,Male,Data Analyst,No Condition,78642
2,Brandon Hall,brandon.hall77@hotmail.com,(108) 386-3794,51,10041,Male,Accountant,Asthma,67292
3,Peter Moore,peter.moore85@yahoo.com,(654) 235-1161,54,75215,Male,Data Analyst,Hypertension,76557
4,Ryan Munoz,ryan.munoz79@gmail.com,(478) 161-8495,49,98101,Male,Nurse,No Condition,79932
5,Michele Williams,michele.williams15@gmail.com,(641) 316-4752,26,10041,Female,Teacher,No Condition,73819
6,Heather Santiago,heather.santiago63@hotmail.com,(919) 283-2764,37,94131,Female,Physician,No Condition,231444
7,Colleen Nguyen,colleen.nguyen25@gmail.com,(430) 564-1395,18,33111,Female,Marketing Manager,No Condition,70938
8,Matthew Foster,matthew.foster79@hotmail.com,(772) 423-8849,40,75253,Male,Accountant,No Condition,95501
9,Stephanie Ross,stephanie.ross83@gmail.com,(228) 710-1226,82,10049,Female,Electrician,Heart Disease,76233
10,James Carlson,james.carlson81@yahoo.com,(584) 801-8451,38,98118,Male,Data Analyst,No Condition,70942
11,Jeffrey Chavez,jeffrey.chavez53@hotmail.com,(348) 281-4893,38,60613,Male,Software Engineer,Asthma,119470
12,James Martin,james.martin3@hotmail.com,(109) 570-1543,46,94145,Male,Chef,No Condition,43547
13,David Bradley,david.bradley88@gmail.com,(517) 182-2782,71,33143,Male,Teacher,Hypertension,58795
14,Kelsey Obrien,kelsey.obrien24@gmail.com,(483) 465-7871,26,75262,Female,Software Engineer,No Condition,112082
15,Courtney Morgan,courtney.morgan79@hotmail.com,(183) 930-1031,26,75262,Female,Cashier,Asthma,29542
16,Scott Jones,scott.jones89@gmail.com,(847) 382-9973,38,33130,Male,Lawyer,No Condition,46406
17,Rhonda Lee,rhonda.lee25@gmail.com,(665) 667-0106,36,94131,Female,Teacher,No Condition,70798
18,Robert Rodriguez,robert.rodriguez27@gmail.com,(238) 726-2473,37,94139,Male,Cashier,Arthritis,29587
19,Jessica Callahan,jessica.callahan84@hotmail.com,(810) 801-3267,58,33141,Female,Lawyer,Heart Disease,167204
20,Cindy Morales,cindy.morales48@gmail.com,(826) 064-7468,42,60684,Female,Cashier,Asthma,26268
21,Brittney Phillips,brittney.phillips91@gmail.com,(998) 050-0978,58,10053,Female,Cashier,Arthritis,38693
22,Christopher Yu,christopher.yu13@gmail.com,(121) 913-6193,25,75262,Male,Electrician,Asthma,65877
23,Lisa Barnes,lisa.barnes9@hotmail.com,(398) 543-5346,24,10053,Female,Marketing Manager,No Condition,72155
24,Megan Evans,megan.evans25@yahoo.com,(910) 799-1183,18,33119,Female,Cashier,No Condition,29909
25,Deborah Mahoney,deborah.mahoney14@gmail.com,(135) 427-8498,50,10041,Female,Software Engineer,Diabetes,124967
26,Mary Spencer,mary.spencer92@hotmail.com,(412) 411-8244,53,60681,Female,Chef,Hypertension,53085
27,Mitchell Harris,mitchell.harris53@hotmail.com,(148) 740-1640,39,10041,Male,Chef,No Condition,38961
28,Felicia Anderson,felicia.anderson31@yahoo.com,(927) 868-0112,31,98193,Female,Cashier,No Condition,34401
29,Barry Wood,barry.wood1@hotmail.com,(426) 204-5053,53,10041,Non-binary,Lawyer,No Condition,140759
30,Mary Gomez,mary.gomez71@hotmail.com,(669) 232-2602,35,10086,Female,Accountant,No Condition,52415
31,Richard Jenkins,richard.jenkins31@hotmail.com,(834) 216-0733,48,98118,Male,Cashier,Arthritis,26176
32,Hannah Hoover,hannah.hoover44@gmail.com,(930) 365-4145,35,75262,Female,Software Engineer,No Condition,110914
33,Jennifer Zavala,jennifer.zavala85@hotmail.com,(750) 142-9401,32,10041,Female,Cashier,Cancer,34462
34,Haley Hartman,haley.hartman3@yahoo.com,(198) 169-3406,38,10086,Female,Software Engineer,Depression,70178
35,Joseph Drake,joseph.drake29@hotmail.com,(935) 615-9514,32,75262,Male,Chef,Asthma,47122
36,Ellen Ortiz,ellen.ortiz84@yahoo.com,(548) 236-6299,41,10041,Female,Accountant,Asthma,87377
37,Jennifer Bass,jennifer.bass44@yahoo.com,(443) 699-5777,21,60613,Female,Nurse,Arthritis,81823
38,Kayla Leon,kayla.leon16@hotmail.com,(421) 489-5134,47,33167,Female,Software Engineer,Asthma,113088
39,Robert Hernandez,robert.hernandez37@gmail.com,(837) 917-6936,34,98158,Male,Accountant,Asthma,74338
40,Jennifer Hernandez,jennifer.hernandez9@hotmail.com,(401) 632-8708,47,98101,Female,Nurse,Asthma,71187
41,Sylvia Martinez,sylvia.martinez44@gmail.com,(978) 895-7986,47,94145,Female,Teacher,No Condition,76218
42,Jeremy Moore,jeremy.moore93@yahoo.com,(274) 348-7347,44,60627,Male,Teacher,Asthma,62284
43,Micheal Young,micheal.young16@yahoo.com,(258) 122-3623,19,33143,Male,Nurse,No Condition,68265
44,Jason Rivera,jason.rivera41@yahoo.com,(860) 366-9096,57,33143,Male,Electrician,Depression,68380
45,Abigail Bell,abigail.bell61@yahoo.com,(868) 893-7346,37,33143,Female,Teacher,No Condition,57360
46,Alyssa Rogers,alyssa.rogers31@hotmail.com,(162) 729-8069,62,98118,Female,Chef,Diabetes,52645
47,Angela Patterson,angela.patterson25@yahoo.com,(720) 465-3755,30,94131,Female,Software Engineer,Heart Disease,118311
48,Donald Bean,donald.bean31@yahoo.com,(141) 708-0531,37,60681,Male,Data Analyst,Depression,86250
49,Paul Herring,paul.herring43@gmail.com,(809) 232-7193,21,94140,Male,Data Analyst,No Condition,59478
50,Michael Wang,michael.wang82@gmail.com,(799) 124-1904,34,98158,Male,Cashier,Asthma,27922
51,Jennifer Espinoza,jennifer.espinoza74@gmail.com,(993) 149-1905,43,10086,Female,Data Analyst,No Condition,81751
52,Jeffrey Wood,jeffrey.wood39@hotmail.com,(750) 671-6572,54,98158,Male,Electrician,Arthritis,62938
53,Christopher Boyd,christopher.boyd50@hotmail.com,(449) 877-6945,35,10084,Male,Cashier,Hypertension,32191
54,Ronald Miller,ronald.miller44@yahoo.com,(337) 996-5075,28,98118,Male,Software Engineer,No Condition,72424
55,Katherine Kelly,katherine.kelly98@yahoo.com,(454) 948-0831,18,10040,Female,Nurse,Diabetes,64121
56,Michelle Freeman,michelle.freeman58@gmail.com,(577) 701-4363,38,75247,Female,Software Engineer,Hypertension,89869
57,Matthew Wood,matthew.wood92@hotmail.com,(585) 685-5744,49,75256,Male,Lawyer,Cancer,141771
58,Crystal Griffith,crystal.griffith83@yahoo.com,(518) 233-7498,27,60662,Female,Accountant,No Condition,61124
59,William Wall,william.wall98@yahoo.com,(135) 240-8240,42,60613,Male,Teacher,No Condition,64875
60,Kristen Terry,kristen.terry90@gmail.com,(371) 094-7775,49,60627,Female,Electrician,No Condition,68456
61,Tracie King,tracie.king52@yahoo.com,(511) 671-9022,21,33167,Female,Accountant,Depression,61550
62,Angela Wright,angela.wright63@hotmail.com,(569) 993-8677,25,75256,Female,Lawyer,Asthma,151103
63,Scott Branch,scott.branch64@yahoo.com,(399) 091-3341,45,98158,Male,Graphic Designer,Depression,65710
64,Cynthia Arnold,cynthia.arnold55@gmail.com,(506) 797-4034,36,10041,Female,Software Engineer,Hypertension,100307
65,Jacqueline Gibson,jacqueline.gibson85@hotmail.com,(534) 936-1832,18,94138,Non-binary,Physician,No Condition,245857
66,Samantha Jones,samantha.jones46@gmail.com,(549) 947-1746,49,75262,Female,Software Engineer,No Condition,83258
67,Jonathan Snyder,jonathan.snyder92@gmail.com,(190) 659-4013,22,75256,Male,Lawyer,Depression,78867
68,Zachary Chambers,zachary.chambers67@yahoo.com,(790) 278-7429,33,33167,Male,Lawyer,Hypertension,133463
69,Madison Vasquez,madison.vasquez52@gmail.com,(875) 655-1256,34,98118,Female,Marketing Manager,Heart Disease,71431
70,Dwayne Landry,dwayne.landry3@hotmail.com,(107) 154-5168,77,60627,Male,Electrician,Hypertension,70365
71,Mary Daniels,mary.daniels85@yahoo.com,(503) 859-7703,50,60677,Female,Cashier,Arthritis,37095
72,Joshua Pennington,joshua.pennington19@yahoo.com,(971) 093-2480,37,10041,Male,Electrician,No Condition,49027
73,Jennifer Walker,jennifer.walker22@gmail.com,(871) 274-8467,39,60677,Female,Software Engineer,No Condition,122415
74,David Arnold,david.arnold49@yahoo.com,(539) 821-4658,44,60677,Male,Teacher,Depression,46084
75,Samantha Campbell,samantha.campbell97@yahoo.com,(999) 727-8755,40,60636,Female,Teacher,Hypertension,62156
76,Pamela Bennett,pamela.bennett28@yahoo.com,(733) 963-6057,52,75241,Female,Nurse,Hypertension,75127
77,James Alvarado,james.alvarado35@hotmail.com,(227) 028-9517,47,33143,Male,Physician,No Condition,224742
78,Joseph Bryant,joseph.bryant86@hotmail.com,(226) 217-4596,59,75241,Male,Physician,Heart Disease,226506
79,Samuel Phelps,samuel.phelps17@hotmail.com,(465) 780-9134,62,75241,Male,Graphic Designer,Diabetes,71580
80,Paul Hamilton,paul.hamilton56@gmail.com,(617) 240-0504,18,10053,Male,Software Engineer,No Condition,51032
81,James Thomas,james.thomas26@hotmail.com,(469) 222-1969,57,10082,Male,Software Engineer,No Condition,120870
82,Kathleen Aguilar,kathleen.aguilar51@gmail.com,(274) 740-7482,29,60627,Female,Teacher,No Condition,59849
83,Jeremy Reed,jeremy.reed41@hotmail.com,(446) 474-3671,41,94145,Male,Accountant,No Condition,55289
84,Jane Howard,jane.howard85@yahoo.com,(540) 640-9097,27,60684,Female,Nurse,No Condition,53788
85,Patricia Hall,patricia.hall33@yahoo.com,(133) 942-1047,45,98193,Female,Software Engineer,Asthma,92059
86,Kevin Oconnor,kevin.oconnor23@gmail.com,(945) 623-2858,49,10041,Male,Chef,No Condition,51394
87,Thomas Rivas,thomas.rivas16@yahoo.com,(974) 517-1236,18,60636,Male,Electrician,Depression,48350
88,Jacob Gibbs,jacob.gibbs11@gmail.com,(248) 175-4965,55,33167,Male,Data Analyst,Cancer,78339
89,Michael Ruiz,michael.ruiz25@hotmail.com,(385) 931-7461,27,33143,Male,Graphic Designer,Depression,68316
90,Andrew Johnson,andrew.johnson91@yahoo.com,(711) 382-6758,50,33143,Male,Data Analyst,Hypertension,88264
91,Kevin Barber,kevin.barber85@yahoo.com,(817) 964-0537,18,10086,Male,Data Analyst,Asthma,51457
92,Tiffany Foley,tiffany.foley3@gmail.com,(258) 506-4317,61,98118,Female,Electrician,No Condition,73268
93,Mary May,mary.may6@hotmail.com,(400) 532-9318,42,98158,Female,Software Engineer,Arthritis,110965
94,Laurie Li,laurie.li17@gmail.com,(352) 904-2284,42,98118,Female,Chef,Diabetes,46616
95,Brian Delacruz,brian.delacruz71@gmail.com,(305) 395-0240,24,60627,Male,Marketing Manager,No Condition,55139
96,Natalie Fox,natalie.fox5@hotmail.com,(417) 758-9178,56,98186,Female,Nurse,Asthma,81717
97,Tony Williams,tony.williams74@hotmail.com,(884) 700-7661,60,33143,Male,Cashier,Diabetes,29178
98,Michelle Wallace,michelle.wallace67@gmail.com,(659) 212-4998,39,75262,Female,Accountant,No Condition,66128
99,Jane Harper,jane.harper65@yahoo.com,(878) 961-1836,45,10041,Female,Graphic Designer,No Condition,58407
100,Stacy Gutierrez,stacy.gutierrez39@yahoo.com,(866) 156-5452,46,60666,Female,Accountant,Heart Disease,54047
101,Austin Decker,austin.decker41@gmail.com,(661) 528-0988,58,75215,Male,Cashier,No Condition,42847
102,Meagan Jenkins,meagan.jenkins51@hotmail.com,(460) 494-5198,31,75262,Female,Software Engineer,Depression,134179
103,Christopher Olson,christopher.olson21@gmail.com,(958) 514-9368,42,75215,Male,Chef,No Condition,49288
104,Allison Hickman,allison.hickman96@hotmail.com,(340) 244-5502,53,94138,Female,Electrician,Diabetes,67299
105,Keith Morales,keith.morales34@gmail.com,(601) 836-6752,45,10041,Male,Data Analyst,No Condition,83579
106,Emily Nguyen,emily.nguyen37@hotmail.com,(891) 022-9014,28,10053,Female,Cashier,No Condition,30059
107,Matthew Tucker,matthew.tucker96@yahoo.com,(864) 381-5614,36,94131,Male,Nurse,Hypertension,83596
108,Kelsey Parker,kelsey.parker19@gmail.com,(569) 003-4324,42,94131,Female,Software Engineer,No Condition,112313
109,Erin Smith,erin.smith30@hotmail.com,(262) 268-3885,45,98158,Female,Graphic Designer,No Condition,51500
110,James Harmon,james.harmon86@yahoo.com,(507) 159-6966,59,33143,Male,Software Engineer,Depression,89190
111,Ashley Smith,ashley.smith52@yahoo.com,(729) 751-6136,42,60613,Female,Lawyer,Depression,115699
112,Joseph Foster,joseph.foster17@yahoo.com,(453) 521-8188,20,94138,Male,Cashier,No Condition,27462
113,Susan Bailey,susan.bailey41@hotmail.com,(223) 124-3292,38,10053,Female,Nurse,No Condition,70981
114,Christopher Mejia,christopher.mejia12@yahoo.com,(879) 979-9552,49,60684,Male,Cashier,Heart Disease,39207
115,Barry Ramos,barry.ramos53@yahoo.com,(149) 058-1477,61,60636,Male,Data Analyst,Cancer,74555
116,Amy Decker,amy.decker53@gmail.com,(819) 986-7980,39,94131,Female,Accountant,No Condition,76223
117,Terry Armstrong,terry.armstrong36@gmail.com,(259) 782-0715,48,94131,Male,Graphic Designer,Diabetes,67360
118,Jonathan Thompson,jonathan.thompson13@gmail.com,(777) 889-2554,40,10086,Male,Software Engineer,No Condition,115532
119,Jennifer Morgan,jennifer.morgan8@hotmail.com,(305) 151-8644,46,33111,Female,Data Analyst,Depression,43744
120,Felicia Aguilar,felicia.aguilar46@gmail.com,(654) 629-1486,18,10041,Female,Chef,No Condition,32460
121,Robert Santiago,robert.santiago6@hotmail.com,(481) 685-0542,73,75215,Male,Physician,Arthritis,312474
122,Glenn Miranda,glenn.miranda78@gmail.com,(132) 214-1888,40,10086,Male,Graphic Designer,No Condition,58921
123,Matthew Walter,matthew.walter79@hotmail.com,(129) 622-2927,38,33167,Male,Teacher,No Condition,62574
124,Jennifer Rhodes,jennifer.rhodes13@gmail.com,(479) 473-8347,57,75241,Female,Electrician,Arthritis,76038
125,Jacob Valentine,jacob.valentine55@yahoo.com,(374) 688-6239,52,75262,Male,Software Engineer,Cancer,90774
126,Shelley Williams,shelley.williams18@yahoo.com,(858) 181-4124,50,33111,Female,Marketing Manager,Arthritis,108258
127,Taylor Hernandez,taylor.hernandez73@yahoo.com,(613) 750-6068,40,33143,Male,Cashier,Cancer,32405
128,David Vang,david.vang73@yahoo.com,(830) 515-2204,41,60677,Male,Teacher,No Condition,63701
129,Michael Taylor,michael.taylor32@hotmail.com,(977) 901-0432,36,75241,Male,Software Engineer,No Condition,84083
130,Teresa Lynch,teresa.lynch66@yahoo.com,(814) 341-0369,18,60684,Female,Marketing Manager,No Condition,79662
131,Arthur Copeland,arthur.copeland28@yahoo.com,(198) 089-3246,46,98118,Male,Data Analyst,Asthma,86305
132,Lisa Allen,lisa.allen28@yahoo.com,(921) 851-8888,18,60684,Female,Marketing Manager,Arthritis,94562
133,Alejandro Marks,alejandro.marks44@gmail.com,(665) 405-1531,48,94138,Male,Chef,No Condition,57749
134,Brandi Bell,brandi.bell68@yahoo.com,(427) 722-1704,51,60622,Female,Electrician,Depression,76099
135,Andrew Gonzalez,andrew.gonzalez80@gmail.com,(554) 868-7403,34,98197,Male,Lawyer,Depression,148432
136,Heather Norman,heather.norman24@hotmail.com,(354) 156-6765,43,94131,Female,Accountant,Asthma,89496
137,Jon Jimenez,jon.jimenez30@hotmail.com,(641) 616-9284,48,94138,Male,Nurse,Heart Disease,81859
138,Brian Murphy,brian.murphy26@yahoo.com,(647) 962-7570,41,60662,Male,Physician,No Condition,281665
139,Lisa Graham,lisa.graham60@hotmail.com,(801) 658-2029,38,98158,Female,Data Analyst,No Condition,78177
140,Amanda Jones,amanda.jones12@hotmail.com,(655) 690-9275,33,98158,Female,Software Engineer,Depression,103865
141,Jeremy Jones,jeremy.jones47@gmail.com,(885) 654-3102,36,10053,Male,Lawyer,No Condition,157543
142,Kelly Mcintyre,kelly.mcintyre87@gmail.com,(344) 739-4731,42,75241,Female,Marketing Manager,Arthritis,81279
143,Sarah Hayes,sarah.hayes11@hotmail.com,(371) 551-8844,48,98158,Female,Nurse,No Condition,97724
144,Michael Ho,michael.ho10@hotmail.com,(125) 831-3237,49,60677,Male,Physician,Depression,179707
145,Isaac Armstrong,isaac.armstrong39@yahoo.com,(782) 911-4678,62,75262,Male,Accountant,No Condition,77595
146,Patricia Morrow,patricia.morrow32@gmail.com,(325) 177-8528,57,10041,Female,Electrician,No Condition,63146
147,Randall Anderson,randall.anderson9@hotmail.com,(601) 824-2253,38,10021,Male,Marketing Manager,No Condition,115650
148,Travis Stone,travis.stone43@yahoo.com,(214) 384-2498,18,75262,Male,Electrician,No Condition,51363
149,Jonathan Jackson,jonathan.jackson54@hotmail.com,(122) 995-9001,42,75215,Male,Accountant,Hypertension,72937
150,Travis Wise,travis.wise73@yahoo.com,(839) 690-7844,18,60666,Male,Cashier,No Condition,31290
151,David Aguirre,david.aguirre16@yahoo.com,(447) 102-7677,56,94138,Male,Graphic Designer,Depression,69774
152,Gerald Thomas,gerald.thomas18@hotmail.com,(455) 625-8815,43,98186,Male,Graphic Designer,No Condition,38015
153,John Adams,john.adams47@gmail.com,(621) 046-9632,38,75215,Male,Electrician,Depression,57228
154,Taylor Griffith,taylor.griffith65@gmail.com,(727) 877-4701,36,10082,Female,Electrician,No Condition,47058
155,Jonathan Levy,jonathan.levy26@gmail.com,(995) 004-7974,19,33143,Male,Teacher,No Condition,54299
156,Adam Rodriguez,adam.rodriguez75@gmail.com,(445) 650-6098,53,75241,Male,Software Engineer,Hypertension,119277
157,Heidi Roberts,heidi.roberts76@yahoo.com,(787) 849-9121,50,98118,Female,Accountant,Arthritis,87242
158,Jake Hatfield,jake.hatfield64@hotmail.com,(152) 398-6800,69,33143,Male,Data Analyst,Hypertension,73841
159,Chad Cook,chad.cook41@yahoo.com,(387) 298-2595,35,60613,Male,Data Analyst,No Condition,66353
160,James Jensen,james.jensen21@yahoo.com,(195) 888-7947,29,60677,Male,Nurse,No Condition,86399
161,Isabella Nunez,isabella.nunez4@yahoo.com,(194) 097-4993,18,10053,Female,Software Engineer,No Condition,52444
162,Lauren Jackson,lauren.jackson92@hotmail.com,(896) 230-9130,41,75262,Female,Accountant,No Condition,81096
163,Erik Hernandez,erik.hernandez7@hotmail.com,(936) 897-0283,33,33143,Male,Physician,Arthritis,191797
164,Erika Bates,erika.bates32@hotmail.com,(865) 278-5854,43,94138,Female,Electrician,No Condition,67075
165,Corey Wright,corey.wright97@hotmail.com,(943) 443-7575,59,33143,Male,Teacher,Diabetes,60322
166,Taylor Pope,taylor.pope11@yahoo.com,(141) 986-6524,36,98193,Female,Teacher,Hypertension,44504
167,Donna Klein,donna.klein38@yahoo.com,(374) 733-8484,46,33143,Female,Nurse,No Condition,93232
168,Brian Yang,brian.yang46@gmail.com,(830) 833-0165,35,75215,Male,Teacher,Diabetes,63016
169,Ashlee Townsend,ashlee.townsend53@gmail.com,(182) 677-3454,30,98193,Female,Electrician,No Condition,67341
170,Susan Davis,susan.davis26@hotmail.com,(338) 026-2067,36,98197,Female,Electrician,No Condition,64442
171,Taylor Hayden,taylor.hayden90@yahoo.com,(900) 499-1547,38,75215,Female,Lawyer,Hypertension,65746
172,Joseph Small,joseph.small56@gmail.com,(387) 431-5274,45,60681,Male,Chef,Diabetes,65078
173,Adrian Rogers,adrian.rogers66@yahoo.com,(793) 296-6851,36,94131,Male,Electrician,Arthritis,71841
174,Maureen Lopez,maureen.lopez16@gmail.com,(675) 304-6374,25,33143,Female,Chef,Depression,26974
175,Eric Sharp,eric.sharp24@gmail.com,(945) 301-7426,18,33143,Male,Teacher,No Condition,28816
176,Thomas Barron,thomas.barron56@yahoo.com,(814) 593-3272,53,75262,Male,Nurse,Cancer,94418
177,Paul Obrien,paul.obrien93@yahoo.com,(987) 833-9187,21,75241,Male,Data Analyst,No Condition,61382
178,Michele Miller,michele.miller52@hotmail.com,(610) 883-9822,45,94131,Female,Accountant,No Condition,56642
179,Scott Ramos,scott.ramos49@hotmail.com,(939) 718-7072,26,98101,Male,Teacher,Arthritis,56975
180,Jason Elliott,jason.elliott34@hotmail.com,(174) 064-0391,51,98186,Male,Marketing Manager,Diabetes,83741
181,Jeff Graves,jeff.graves21@hotmail.com,(601) 704-6226,27,98101,Male,Software Engineer,No Condition,88464
182,Wendy Reyes,wendy.reyes53@yahoo.com,(961) 825-1286,38,98193,Female,Lawyer,Heart Disease,148581
183,Cameron Irwin,cameron.irwin71@gmail.com,(804) 786-8633,34,33143,Male,Teacher,No Condition,53297
184,Hannah Hill,hannah.hill53@hotmail.com,(110) 690-3311,54,60613,Female,Nurse,No Condition,77962
185,Jill Powers,jill.powers13@gmail.com,(930) 673-8302,20,98158,Female,Lawyer,No Condition,66015
186,Wendy Young,wendy.young70@hotmail.com,(495) 995-3428,49,33141,Female,Chef,Asthma,61918
187,Jason Hill,jason.hill45@hotmail.com,(692) 687-0568,39,60677,Male,Teacher,No Condition,67960
188,Melissa Russell,melissa.russell45@yahoo.com,(162) 873-3427,29,98193,Female,Marketing Manager,No Condition,76351
189,Justin Faulkner,justin.faulkner28@hotmail.com,(682) 634-3517,50,33130,Male,Chef,Hypertension,39121
190,Brandon Hardy,brandon.hardy96@gmail.com,(904) 699-0139,39,10082,Male,Data Analyst,Cancer,84224
191,Claire Clark,claire.clark65@yahoo.com,(740) 331-7393,49,75262,Female,Marketing Manager,Arthritis,71171
192,Thomas Arnold,thomas.arnold62@yahoo.com,(867) 854-4587,30,60666,Male,Teacher,No Condition,62769
193,Annette Zavala,annette.zavala13@yahoo.com,(153) 556-0932,47,60622,Female,Marketing Manager,No Condition,79998
194,Dean Donovan,dean.donovan53@hotmail.com,(864) 235-3693,51,60613,Male,Chef,No Condition,43238
195,Krista Harding,krista.harding53@yahoo.com,(847) 772-5228,40,94138,Female,Graphic Designer,Hypertension,49006
196,Clinton Preston,clinton.preston51@hotmail.com,(208) 010-0623,47,33143,Male,Nurse,No Condition,84515
197,Jasmine Smith,jasmine.smith2@hotmail.com,(975) 099-7700,37,94131,Non-binary,Software Engineer,Asthma,119607
198,Kristen Smith,kristen.smith46@hotmail.com,(948) 408-6211,62,75241,Female,Lawyer,Hypertension,156575
199,Brittany Lee,brittany.lee77@hotmail.com,(445) 461-5679,31,60677,Female,Teacher,Hypertension,63238
200,Wanda Perez,wanda.perez66@hotmail.com,(110) 166-6870,22,60666,Female,Cashier,No Condition,29107
201,Michele Miller,michele.miller12@yahoo.com,(559) 180-3397,39,60684,Female,Software Engineer,No Condition,81527
202,Anthony Jones,anthony.jones74@yahoo.com,(789) 025-0392,48,33111,Male,Chef,Asthma,52499
203,Timothy Evans,timothy.evans74@hotmail.com,(639) 685-6218,22,10041,Male,Nurse,No Condition,68093
204,Amy Kim,amy.kim36@gmail.com,(859) 996-5047,26,10006,Female,Accountant,Asthma,69918
205,Crystal Tran,crystal.tran21@yahoo.com,(262) 961-9431,34,60636,Female,Teacher,Hypertension,58962
206,Derrick James,derrick.james44@hotmail.com,(626) 551-1047,18,75215,Male,Nurse,No Condition,73707
207,Philip Garcia,philip.garcia69@gmail.com,(226) 788-8610,18,60636,Male,Cashier,No Condition,24265
208,Heather Davis,heather.davis30@hotmail.com,(956) 046-6183,18,98158,Female,Marketing Manager,Depression,75368
209,Carolyn James,carolyn.james36@gmail.com,(744) 472-1264,58,10086,Female,Accountant,Diabetes,86214
210,Elizabeth Patton,elizabeth.patton46@yahoo.com,(543) 799-3712,55,75262,Female,Software Engineer,Heart Disease,101561
211,Adriana Foster,adriana.foster76@hotmail.com,(465) 756-9245,63,98118,Female,Nurse,Hypertension,94409
212,Karen Thompson,karen.thompson98@yahoo.com,(654) 793-5646,38,60677,Female,Electrician,No Condition,69936
213,Brian Elliott,brian.elliott74@hotmail.com,(782) 807-3741,33,94138,Male,Lawyer,No Condition,110347
214,Michael Taylor,michael.taylor6@yahoo.com,(734) 266-1797,53,60684,Male,Chef,Depression,52329
215,Kimberly Mclean,kimberly.mclean42@hotmail.com,(668) 058-9113,33,98101,Female,Nurse,No Condition,86701
216,Christopher Salazar,christopher.salazar24@hotmail.com,(965) 610-1438,38,75256,Male,Teacher,No Condition,46011
217,Justin Watts,justin.watts57@gmail.com,(875) 679-8250,18,10082,Male,Data Analyst,Depression,64979
218,Brian Perry,brian.perry56@gmail.com,(612) 545-7387,40,75215,Male,Teacher,No Condition,65842
219,John Kim,john.kim43@hotmail.com,(375) 140-1051,22,75241,Male,Cashier,No Condition,30449
220,Timothy Yang,timothy.yang47@hotmail.com,(328) 258-6736,45,60684,Male,Cashier,No Condition,32425
221,Cody Sandoval,cody.sandoval13@yahoo.com,(409) 379-6603,37,94131,Male,Nurse,Cancer,83228
222,Diana Padilla,diana.padilla20@gmail.com,(591) 825-5371,46,60684,Female,Nurse,Arthritis,86273
223,Michael Burns,michael.burns92@hotmail.com,(859) 696-9155,18,94138,Male,Software Engineer,Diabetes,108988
224,Lisa Cervantes,lisa.cervantes23@hotmail.com,(249) 912-5134,58,98118,Female,Lawyer,Hypertension,69789
225,Clayton Steele,clayton.steele85@hotmail.com,(966) 929-6627,24,33167,Male,Cashier,Asthma,28834
226,Melissa Brewer,melissa.brewer86@gmail.com,(182) 742-2579,18,94179,Female,Chef,Asthma,40129
227,Sharon Crane,sharon.crane16@yahoo.com,(823) 688-7676,35,10041,Female,Nurse,Hypertension,80874
228,Katherine Miller,katherine.miller74@gmail.com,(834) 043-8427,39,75256,Female,Chef,Depression,57613
229,Krista Wilson,krista.wilson25@gmail.com,(248) 580-7836,20,75262,Female,Graphic Designer,Depression,62037
230,Jill Valdez,jill.valdez52@gmail.com,(440) 745-1713,26,75241,Non-binary,Accountant,No Condition,79473
231,Robert Matthews,robert.matthews61@yahoo.com,(696) 292-3309,45,75256,Male,Teacher,Cancer,47165
232,Joseph Carlson,joseph.carlson86@gmail.com,(154) 494-8126,38,60662,Male,Marketing Manager,Depression,94547
233,Willie Camacho,willie.camacho45@gmail.com,(523) 253-6729,27,33143,Male,Accountant,No Condition,59741
234,Lori Brooks,lori.brooks22@gmail.com,(116) 845-7759,45,94138,Female,Graphic Designer,Depression,57871
235,Sean Boone,sean.boone52@gmail.com,(575) 186-3637,34,60666,Male,Electrician,No Condition,59296
236,Frank Campbell,frank.campbell85@hotmail.com,(192) 975-0017,44,98101,Male,Cashier,Depression,33227
237,Becky Mathews,becky.mathews11@yahoo.com,(670) 632-4241,35,75241,Female,Data Analyst,Depression,72192
238,David Watson,david.watson47@hotmail.com,(420) 643-6110,50,10041,Male,Graphic Designer,Arthritis,66225
239,John Anderson,john.anderson82@gmail.com,(287) 005-1627,23,10040,Male,Software Engineer,Arthritis,87335
240,Darryl Davis,darryl.davis17@gmail.com,(915) 542-6221,43,75262,Male,Electrician,Asthma,67495
241,Kristine Bishop,kristine.bishop31@gmail.com,(275) 326-9731,38,75290,Female,Accountant,Hypertension,81324
242,Charles Martinez,charles.martinez63@hotmail.com,(965) 652-3413,30,60684,Male,Data Analyst,Heart Disease,89728
243,Kyle Griffith,kyle.griffith94@yahoo.com,(104) 389-8364,31,10006,Male,Cashier,No Condition,27721
244,Rachel Leon,rachel.leon68@gmail.com,(676) 137-9180,33,60627,Female,Electrician,Diabetes,73008
245,Taylor Anderson,taylor.anderson44@hotmail.com,(165) 827-1091,27,10041,Female,Cashier,Asthma,25571
246,Dennis Williams,dennis.williams60@gmail.com,(968) 486-6618,27,94138,Male,Software Engineer,No Condition,119952
247,Lisa Ramirez,lisa.ramirez76@yahoo.com,(518) 328-5691,37,33143,Female,Cashier,Hypertension,24783
248,Melissa Blair,melissa.blair24@gmail.com,(503) 161-7990,46,94131,Female,Accountant,Depression,62192
249,Maxwell Barrett,maxwell.barrett41@gmail.com,(510) 202-7588,18,98197,Male,Accountant,Arthritis,76445
250,Christopher Martinez,christopher.martinez51@yahoo.com,(210) 564-8149,46,60666,Male,Software Engineer,No Condition,114921
251,Kathleen Dixon,kathleen.dixon53@gmail.com,(479) 252-4191,37,33143,Female,Data Analyst,No Condition,68262
252,Natalie Smith,natalie.smith72@gmail.com,(730) 756-2208,48,75241,Female,Teacher,No Condition,61678
253,Courtney Wright,courtney.wright93@hotmail.com,(454) 195-1802,42,75262,Female,Graphic Designer,No Condition,42437
254,Robert Jarvis,robert.jarvis50@yahoo.com,(617) 445-1870,44,33143,Male,Graphic Designer,Hypertension,72198
255,Christina Elliott,christina.elliott71@yahoo.com,(393) 759-7383,52,60613,Female,Accountant,Hypertension,67299
256,Aaron Ortiz,aaron.ortiz85@gmail.com,(985) 050-6413,63,98158,Male,Chef,Hypertension,59078
257,William Barnes,william.barnes63@gmail.com,(224) 103-8657,50,94145,Male,Marketing Manager,Heart Disease,91319
258,Kevin Wagner,kevin.wagner54@hotmail.com,(561) 990-6234,33,10041,Male,Data Analyst,No Condition,55327
259,Samuel Howe,samuel.howe11@yahoo.com,(255) 743-1329,26,10086,Male,Nurse,Diabetes,69712
260,Christopher Martin,christopher.martin75@yahoo.com,(556) 185-3747,51,10082,Male,Electrician,Cancer,68294
261,Samuel Davis,samuel.davis51@hotmail.com,(749) 035-2135,51,94179,Male,Software Engineer,Cancer,138711
262,Jose Byrd,jose.byrd60@yahoo.com,(220) 678-8317,39,98118,Male,Electrician,No Condition,67468
263,Regina Taylor,regina.taylor14@gmail.com,(503) 236-5199,25,98101,Female,Accountant,No Condition,73988
264,Thomas Jones,thomas.jones72@gmail.com,(337) 215-1070,19,10082,Male,Teacher,No Condition,47715
265,Thomas Hamilton,thomas.hamilton54@hotmail.com,(567) 066-2532,27,75256,Male,Physician,No Condition,227934
266,Douglas Stephenson,douglas.stephenson64@gmail.com,(199) 934-7687,26,60684,Male,Software Engineer,No Condition,90848
267,Brandon Reyes,brandon.reyes9@yahoo.com,(838) 380-6578,26,98193,Male,Data Analyst,No Condition,77507
268,Hailey Cunningham,hailey.cunningham18@yahoo.com,(164) 205-9304,25,10086,Female,Cashier,Depression,26750
269,Rhonda Ruiz,rhonda.ruiz19@yahoo.com,(493) 213-3480,49,75262,Female,Marketing Manager,No Condition,48975
270,Laura Mcgrath,laura.mcgrath54@yahoo.com,(652) 239-5590,37,75215,Female,Software Engineer,Heart Disease,129948
271,Travis Elliott,travis.elliott71@hotmail.com,(437) 842-7010,25,98158,Male,Cashier,No Condition,33431
272,Kyle Smith,kyle.smith50@yahoo.com,(105) 932-5250,36,98101,Male,Cashier,Heart Disease,24329
273,Charles Bush,charles.bush20@gmail.com,(518) 515-6915,32,33167,Male,Chef,Asthma,46298
274,Marcus Daugherty,marcus.daugherty84@hotmail.com,(367) 528-9539,36,10040,Non-binary,Marketing Manager,No Condition,74423
275,James Gross,james.gross74@yahoo.com,(622) 096-9029,45,60681,Male,Lawyer,Heart Disease,149235
276,Thomas Ponce,thomas.ponce74@gmail.com,(391) 725-1355,25,75241,Male,Software Engineer,No Condition,105136
277,Mark Mccarty,mark.mccarty27@hotmail.com,(257) 043-3154,31,10082,Male,Nurse,No Condition,77581
278,Nathan Williams,nathan.williams15@yahoo.com,(862) 676-5861,38,60684,Male,Software Engineer,No Condition,143971
279,Rachel Lane,rachel.lane75@hotmail.com,(232) 710-4054,45,60684,Female,Accountant,Depression,75996
280,Benjamin Jackson,benjamin.jackson11@yahoo.com,(721) 815-9970,38,33143,Male,Software Engineer,No Condition,114007
281,Tommy Martin,tommy.martin73@yahoo.com,(520) 153-3688,47,98101,Male,Software Engineer,Depression,135013
282,Matthew Evans,matthew.evans10@gmail.com,(706) 987-2050,46,33167,Male,Chef,No Condition,67033
283,Brandon Colon,brandon.colon95@hotmail.com,(897) 310-3241,45,60662,Male,Graphic Designer,Hypertension,62278
284,Sarah Parker,sarah.parker54@yahoo.com,(677) 418-6256,50,94131,Female,Graphic Designer,No Condition,71547
285,Cody Williams,cody.williams72@yahoo.com,(674) 349-0211,44,94145,Male,Software Engineer,Arthritis,125457
286,Rhonda Gutierrez,rhonda.gutierrez93@hotmail.com,(438) 068-6879,30,60684,Female,Accountant,No Condition,53331
287,John Miller,john.miller41@hotmail.com,(308) 989-9217,44,33111,Male,Graphic Designer,No Condition,57937
288,Travis Jackson,travis.jackson84@gmail.com,(532) 061-6329,43,60613,Male,Cashier,Asthma,37322
289,Francisco Acosta,francisco.acosta50@gmail.com,(116) 868-5487,51,75215,Male,Accountant,Cancer,61397
290,Rachel Dean,rachel.dean35@hotmail.com,(261) 622-9991,48,98118,Female,Teacher,Hypertension,67074
291,Justin Garcia,justin.garcia94@yahoo.com,(185) 646-7997,47,75262,Male,Chef,Asthma,35108
292,Carrie Powell,carrie.powell24@hotmail.com,(696) 065-3074,21,60662,Female,Data Analyst,No Condition,72668
293,Alejandro Roth,alejandro.roth45@yahoo.com,(544) 713-2475,41,98193,Male,Nurse,No Condition,79726
294,Nicholas Jacobs,nicholas.jacobs61@gmail.com,(337) 367-8508,38,10086,Male,Nurse,No Condition,68882
295,Austin Mckinney,austin.mckinney97@yahoo.com,(128) 902-3303,29,10040,Male,Software Engineer,Asthma,81296
296,Stephen Hull,stephen.hull34@hotmail.com,(634) 578-6103,52,94145,Non-binary,Electrician,Heart Disease,64519
297,Katherine Griffin,katherine.griffin72@yahoo.com,(798) 552-4140,43,94138,Female,Cashier,No Condition,36263
298,Amber Nash,amber.nash83@gmail.com,(333) 346-8007,18,98158,Female,Cashier,Diabetes,20000
299,Matthew Burke,matthew.burke66@gmail.com,(534) 944-6657,34,33143,Male,Lawyer,No Condition,105184
300,Daniel Turner,daniel.turner76@hotmail.com,(596) 910-8589,48,94179,Male,Nurse,No Condition,91317
301,Elizabeth Rodriguez,elizabeth.rodriguez19@gmail.com,(454) 544-4328,45,94138,Female,Teacher,No Condition,60303
302,Steven Trujillo,steven.trujillo27@hotmail.com,(765) 207-4466,41,10041,Male,Teacher,No Condition,54439
303,Nancy Aguilar,nancy.aguilar95@hotmail.com,(935) 387-5842,74,75256,Female,Graphic Designer,No Condition,60451
304,Catherine Davis,catherine.davis26@gmail.com,(748) 251-3534,53,75262,Female,Electrician,Arthritis,69701
305,Richard Rivera,richard.rivera35@yahoo.com,(294) 717-0999,31,10082,Male,Electrician,No Condition,70801
306,Kaitlyn Lee,kaitlyn.lee56@gmail.com,(768) 460-2235,41,75241,Female,Software Engineer,Cancer,90418
307,William Orozco,william.orozco26@yahoo.com,(125) 217-5250,30,75215,Male,Teacher,No Condition,50827
308,Shannon Clark,shannon.clark32@gmail.com,(792) 712-9666,50,98186,Non-binary,Accountant,No Condition,82814
309,Vincent Reyes,vincent.reyes58@gmail.com,(483) 505-8300,31,60622,Male,Teacher,No Condition,46709
310,Darrell Wiley,darrell.wiley92@yahoo.com,(521) 689-4210,46,60684,Male,Cashier,No Condition,35418
311,Tiffany Bryant,tiffany.bryant11@hotmail.com,(398) 562-5753,45,10053,Female,Graphic Designer,Heart Disease,45814
312,Travis Hull,travis.hull34@yahoo.com,(203) 323-0982,35,60677,Male,Electrician,No Condition,70394
313,Jacob Santos,jacob.santos54@gmail.com,(164) 890-9010,44,60613,Male,Nurse,No Condition,84692
314,Michael Butler,michael.butler25@yahoo.com,(218) 472-3046,34,75256,Male,Teacher,Arthritis,61158
315,Mary Nelson,mary.nelson13@hotmail.com,(826) 189-1411,48,10082,Female,Teacher,Arthritis,67263
316,Craig Gonzalez,craig.gonzalez90@yahoo.com,(483) 564-2087,66,33143,Male,Data Analyst,Diabetes,85095
317,Melissa Castillo,melissa.castillo82@gmail.com,(200) 119-7218,43,33143,Female,Cashier,Heart Disease,28369
318,Nathaniel Garcia,nathaniel.garcia86@yahoo.com,(537) 447-0120,44,60666,Male,Lawyer,No Condition,150625
319,Isaac Rhodes,isaac.rhodes88@yahoo.com,(511) 002-2557,64,60613,Male,Software Engineer,Heart Disease,123118
320,Shawn Davis,shawn.davis34@yahoo.com,(321) 667-4676,37,98158,Male,Cashier,No Condition,24291
321,Brian Horton,brian.horton69@gmail.com,(721) 697-9729,19,10082,Male,Software Engineer,Heart Disease,121383
322,Peggy Carr,peggy.carr4@hotmail.com,(627) 716-7014,51,94131,Female,Teacher,Diabetes,52470
323,Adam Oneill,adam.oneill29@hotmail.com,(499) 358-8916,49,98158,Male,Software Engineer,No Condition,119734
324,John Alvarado,john.alvarado59@hotmail.com,(862) 890-0287,53,60613,Male,Cashier,Cancer,24908
325,Sean Jones,sean.jones94@yahoo.com,(753) 540-8386,50,10084,Male,Nurse,Hypertension,56722
326,Robert Miller,robert.miller7@yahoo.com,(297) 177-5170,34,94131,Male,Electrician,Depression,63608
327,Jamie Johnson,jamie.johnson73@hotmail.com,(601) 994-8837,47,98186,Male,Teacher,No Condition,68378
328,Jack Brown,jack.brown42@gmail.com,(275) 899-7571,57,75215,Male,Nurse,No Condition,102285
329,Olivia Walker,olivia.walker70@yahoo.com,(354) 885-1027,34,10086,Female,Software Engineer,No Condition,89719
330,Samantha Newton,samantha.newton82@yahoo.com,(414) 933-1637,47,75262,Female,Accountant,Arthritis,75083
331,Mitchell Rodriguez,mitchell.rodriguez57@yahoo.com,(109) 177-9827,45,94131,Male,Chef,Asthma,53018
332,Joseph Williams,joseph.williams82@yahoo.com,(697) 829-2216,47,60677,Male,Accountant,No Condition,79550
333,Jonathan Cruz,jonathan.cruz76@hotmail.com,(934) 654-7226,18,10041,Male,Chef,No Condition,53519
334,Elizabeth Miles,elizabeth.miles25@yahoo.com,(983) 339-4522,29,60636,Female,Data Analyst,No Condition,71164
335,Kimberly Walsh,kimberly.walsh18@hotmail.com,(715) 879-9684,53,75215,Female,Software Engineer,Heart Disease,149079
336,Robert Mills,robert.mills97@gmail.com,(362) 003-4244,39,33143,Male,Graphic Designer,No Condition,59368
337,Ryan Vaughn,ryan.vaughn39@yahoo.com,(938) 057-1983,51,75262,Male,Cashier,Heart Disease,34767
338,James Dixon,james.dixon55@hotmail.com,(540) 666-5800,44,60627,Male,Teacher,Asthma,72190
339,Christina Melton,christina.melton49@yahoo.com,(335) 989-3347,48,94131,Female,Software Engineer,Hypertension,138727
340,William Jones,william.jones41@gmail.com,(381) 606-4842,53,10041,Male,Data Analyst,No Condition,80558
341,Lauren Scott,lauren.scott92@yahoo.com,(872) 025-9094,49,75241,Female,Marketing Manager,Depression,93389
342,Rachel Pierce,rachel.pierce72@gmail.com,(958) 328-1826,20,60622,Female,Cashier,No Condition,25129
343,Kimberly Davis,kimberly.davis41@gmail.com,(935) 554-3987,41,98158,Female,Data Analyst,Hypertension,56833
344,Rodney Zavala,rodney.zavala43@gmail.com,(715) 739-9305,25,10082,Male,Teacher,No Condition,48196
345,Sydney Landry,sydney.landry61@yahoo.com,(848) 408-5887,45,75262,Female,Marketing Manager,Diabetes,101289
346,Andrew Villanueva,andrew.villanueva71@gmail.com,(458) 112-8801,46,33111,Male,Chef,No Condition,45034
347,Meagan Ayala,meagan.ayala18@hotmail.com,(661) 386-1207,21,75262,Female,Electrician,No Condition,51947
348,Andrew Jones,andrew.jones22@gmail.com,(748) 193-4667,18,75215,Male,Accountant,No Condition,80152
349,Jeffrey Smith,jeffrey.smith37@hotmail.com,(918) 091-9015,71,98101,Male,Accountant,No Condition,100282
350,Brian Buchanan,brian.buchanan19@yahoo.com,(991) 476-6072,27,94139,Male,Cashier,No Condition,24669
351,Colleen Francis,colleen.francis89@hotmail.com,(142) 450-8821,45,10082,Female,Chef,Hypertension,49610
352,Abigail Carlson,abigail.carlson94@hotmail.com,(381) 435-3682,52,75262,Female,Accountant,Depression,72838
353,Catherine Jensen,catherine.jensen49@yahoo.com,(531) 290-8781,34,10082,Female,Graphic Designer,Hypertension,51116
354,Megan King,megan.king82@gmail.com,(297) 552-3149,55,94138,Female,Software Engineer,Hypertension,82418
355,Stephanie Stewart,stephanie.stewart36@yahoo.com,(759) 492-9955,25,33143,Female,Data Analyst,No Condition,64553
356,Christopher Edwards,christopher.edwards15@gmail.com,(564) 525-7775,42,98118,Male,Data Analyst,Cancer,81116
357,Katelyn Rodriguez,katelyn.rodriguez25@hotmail.com,(191) 428-3411,18,75241,Female,Cashier,Cancer,26439
358,Sarah Welch,sarah.welch62@hotmail.com,(896) 930-8488,45,94139,Female,Software Engineer,Hypertension,112163
359,Matthew Hernandez,matthew.hernandez51@yahoo.com,(639) 427-8816,41,98158,Male,Data Analyst,No Condition,85943
360,Kathryn Bates,kathryn.bates34@hotmail.com,(828) 272-2992,72,75241,Female,Graphic Designer,Heart Disease,62959
361,Todd Williams,todd.williams24@yahoo.com,(731) 453-0385,56,10086,Male,Marketing Manager,Heart Disease,112051
362,Julie Gibson,julie.gibson26@gmail.com,(305) 184-4989,54,94138,Female,Software Engineer,Depression,154255
363,Nicholas Gray,nicholas.gray37@hotmail.com,(818) 463-8655,33,75215,Non-binary,Lawyer,Diabetes,151773
364,Rebecca Eaton,rebecca.eaton2@gmail.com,(382) 723-1843,66,10041,Female,Chef,Cancer,51389
365,Cody Cox,cody.cox71@hotmail.com,(313) 651-7773,41,94179,Male,Teacher,Hypertension,54294
366,Matthew Jenkins,matthew.jenkins20@gmail.com,(302) 992-2809,45,98118,Male,Marketing Manager,Cancer,108334
367,Anthony Scott,anthony.scott37@gmail.com,(886) 990-4137,50,98101,Male,Teacher,Diabetes,59035
368,Sharon Jackson,sharon.jackson40@yahoo.com,(892) 929-8425,35,10041,Female,Marketing Manager,Asthma,61525
369,Kyle Jones,kyle.jones30@yahoo.com,(262) 103-8862,35,94131,Male,Cashier,Hypertension,28999
370,Christopher Valenzuela,christopher.valenzuela87@hotmail.com,(108) 811-7298,62,75262,Male,Chef,Arthritis,53468
371,Steven Hampton,steven.hampton58@hotmail.com,(768) 650-8637,28,94138,Male,Electrician,No Condition,44969
372,Gregory Ballard,gregory.ballard92@hotmail.com,(991) 624-7314,50,94131,Male,Chef,Diabetes,49814
373,Jason Lopez,jason.lopez24@hotmail.com,(709) 818-0635,59,75262,Male,Data Analyst,Heart Disease,96143
374,Heidi Moore,heidi.moore46@hotmail.com,(794) 486-9594,48,60684,Female,Chef,Depression,61141
375,Nicole Gutierrez,nicole.gutierrez17@hotmail.com,(672) 588-7449,72,94138,Female,Physician,Diabetes,183472
376,Patricia Sanders,patricia.sanders83@gmail.com,(913) 721-3865,46,33143,Female,Software Engineer,Heart Disease,104204
377,Lucas Cohen,lucas.cohen90@gmail.com,(226) 012-7961,58,94131,Male,Physician,No Condition,237420
378,Deborah Wood,deborah.wood39@hotmail.com,(806) 698-4902,18,33167,Female,Accountant,No Condition,58789
379,Jessica Harris,jessica.harris23@hotmail.com,(384) 309-8839,55,75262,Female,Cashier,Heart Disease,31077
380,Megan Ward,megan.ward50@hotmail.com,(402) 146-5669,44,33143,Female,Nurse,No Condition,98082
381,Kelly Mclaughlin,kelly.mclaughlin17@gmail.com,(418) 489-5543,43,98101,Female,Teacher,Arthritis,59332
382,Jordan Powell,jordan.powell26@gmail.com,(642) 681-8184,51,75262,Female,Software Engineer,Cancer,113950
383,Theresa Pratt,theresa.pratt66@yahoo.com,(889) 476-9735,40,75262,Female,Cashier,Cancer,39035
384,Michael Mosley,michael.mosley53@gmail.com,(671) 416-3356,34,75241,Male,Graphic Designer,No Condition,48818
385,Jose Smith,jose.smith3@yahoo.com,(634) 165-1827,30,94145,Male,Graphic Designer,Diabetes,60681
386,Heather Shannon,heather.shannon85@yahoo.com,(423) 733-3433,48,60677,Female,Teacher,Depression,58160
387,Sandy Huff,sandy.huff31@yahoo.com,(821) 117-9080,36,98118,Female,Software Engineer,Diabetes,95665
388,Jacob Stewart,jacob.stewart14@hotmail.com,(147) 284-6392,35,94131,Male,Data Analyst,Asthma,78545
389,Kelly Henderson,kelly.henderson98@hotmail.com,(608) 562-7187,48,60613,Female,Cashier,Depression,38218
390,Michael Smith,michael.smith10@gmail.com,(569) 155-9428,43,94131,Male,Software Engineer,Asthma,138926
391,Cynthia Ruiz,cynthia.ruiz11@hotmail.com,(755) 276-3655,41,75262,Female,Chef,Asthma,55604
392,Diana White,diana.white8@gmail.com,(393) 143-8663,47,98118,Female,Software Engineer,No Condition,93469
393,Rebecca Rodgers,rebecca.rodgers50@yahoo.com,(502) 672-8857,39,75262,Female,Graphic Designer,Depression,64154
394,Danielle Garrison,danielle.garrison44@gmail.com,(661) 203-4717,51,75215,Female,Teacher,Diabetes,60798
395,David Ward,david.ward52@hotmail.com,(945) 061-5939,56,10053,Male,Marketing Manager,Hypertension,117608
396,Carrie Deleon,carrie.deleon14@yahoo.com,(358) 771-6947,33,33141,Female,Chef,Heart Disease,44453
397,Sean Davidson,sean.davidson46@yahoo.com,(669) 961-1253,23,75262,Male,Electrician,No Condition,59165
398,Emily Carter,emily.carter73@yahoo.com,(396) 475-9876,38,98158,Female,Accountant,Diabetes,61881
399,Clinton Johnson,clinton.johnson28@hotmail.com,(834) 132-6111,56,75215,Male,Data Analyst,No Condition,77593
400,Kimberly Johnson,kimberly.johnson24@yahoo.com,(481) 149-2164,27,10082,Female,Software Engineer,No Condition,70728
401,Danielle Mitchell,danielle.mitchell25@hotmail.com,(822) 820-0557,50,60684,Female,Cashier,Arthritis,37959
402,Theresa Fernandez,theresa.fernandez43@yahoo.com,(787) 282-9979,34,94131,Non-binary,Nurse,Depression,72931
403,Joseph Fowler,joseph.fowler85@yahoo.com,(557) 831-7456,52,75262,Male,Cashier,Depression,32738
404,Christopher Smith,christopher.smith45@hotmail.com,(125) 478-0774,78,10082,Male,Physician,Diabetes,266419
405,Ralph Yates,ralph.yates75@hotmail.com,(430) 853-6866,49,60636,Male,Software Engineer,No Condition,118859
406,Christopher Mclaughlin,christopher.mclaughlin21@yahoo.com,(563) 416-3894,33,75262,Male,Nurse,Arthritis,78318
407,Mariah Patel,mariah.patel94@yahoo.com,(863) 122-4179,51,94138,Female,Accountant,No Condition,82874
408,Dillon Dean,dillon.dean43@gmail.com,(550) 208-0214,55,94138,Male,Electrician,No Condition,63600
409,Beth Gonzales,beth.gonzales88@gmail.com,(831) 207-3564,45,60684,Female,Software Engineer,No Condition,101763
410,Zachary Ford,zachary.ford45@gmail.com,(351) 204-6187,34,10086,Male,Data Analyst,Hypertension,56178
411,Corey Skinner,corey.skinner47@yahoo.com,(201) 367-3037,20,10086,Male,Graphic Designer,No Condition,44207
412,Joseph Hendrix,joseph.hendrix54@yahoo.com,(864) 520-8814,67,33167,Male,Marketing Manager,No Condition,137708
413,Margaret Gonzalez,margaret.gonzalez40@gmail.com,(231) 365-0249,28,94138,Female,Teacher,No Condition,58774
414,Randy Sanchez,randy.sanchez20@gmail.com,(297) 925-1327,43,75241,Non-binary,Graphic Designer,Arthritis,68327
415,Melissa Morgan,melissa.morgan61@hotmail.com,(600) 528-1273,34,33111,Female,Marketing Manager,No Condition,101679
416,William Kramer,william.kramer70@yahoo.com,(873) 065-2407,61,10021,Male,Cashier,No Condition,43276
417,Justin Daniels,justin.daniels12@yahoo.com,(939) 285-5749,29,33143,Male,Cashier,No Condition,25902
418,Caitlyn Schmidt,caitlyn.schmidt67@yahoo.com,(144) 857-0862,24,60613,Female,Electrician,Asthma,60349
419,Manuel Diaz,manuel.diaz73@hotmail.com,(335) 186-3878,26,60636,Male,Software Engineer,No Condition,57623
420,Lisa Morris,lisa.morris32@hotmail.com,(451) 181-0220,30,60684,Female,Teacher,Depression,62150
421,Ashley Lee,ashley.lee64@gmail.com,(496) 789-9405,46,75256,Female,Data Analyst,Hypertension,74145
422,Larry Jones,larry.jones86@gmail.com,(571) 705-8650,47,10086,Male,Nurse,Depression,79573
423,Kendra Navarro,kendra.navarro90@yahoo.com,(413) 811-3863,55,60684,Female,Electrician,Hypertension,78576
424,Kelsey Wright,kelsey.wright10@hotmail.com,(228) 861-9576,56,94131,Female,Marketing Manager,Arthritis,98877
425,Carol White,carol.white40@yahoo.com,(685) 289-7558,49,75290,Female,Cashier,Diabetes,33414
426,Ryan Gutierrez,ryan.gutierrez81@hotmail.com,(565) 939-8368,69,33143,Male,Software Engineer,No Condition,103504
427,Heather Chavez,heather.chavez92@yahoo.com,(500) 490-8240,24,75262,Female,Lawyer,No Condition,156769
428,Victoria Lewis,victoria.lewis16@yahoo.com,(104) 888-9921,23,75241,Female,Data Analyst,No Condition,79412
429,Julia Moore,julia.moore63@yahoo.com,(459) 334-4196,18,75215,Female,Software Engineer,No Condition,89414
430,Nicholas Cummings,nicholas.cummings59@yahoo.com,(227) 919-4096,59,75215,Male,Nurse,Heart Disease,90250
431,Penny Weeks,penny.weeks52@yahoo.com,(556) 613-9060,52,98101,Female,Software Engineer,Hypertension,133957
432,Joseph Flores,joseph.flores28@hotmail.com,(925) 832-0679,18,94131,Male,Electrician,No Condition,62317
433,Brandon Reynolds,brandon.reynolds84@yahoo.com,(522) 517-9086,24,94139,Male,Physician,No Condition,172989
434,Bradley Shaw,bradley.shaw85@hotmail.com,(922) 783-7693,61,75225,Male,Marketing Manager,No Condition,99812
435,Lisa Fitzgerald,lisa.fitzgerald88@gmail.com,(731) 465-9116,33,75247,Female,Accountant,Asthma,60597
436,Holly Lee,holly.lee38@yahoo.com,(890) 425-9792,74,98118,Female,Software Engineer,Heart Disease,119987
437,Amanda Meyers,amanda.meyers85@gmail.com,(152) 110-3924,61,10041,Female,Data Analyst,Asthma,87623
438,Greg Brock,greg.brock49@yahoo.com,(977) 053-8338,64,98186,Male,Teacher,Diabetes,61016
439,Paul Dunn,paul.dunn15@hotmail.com,(520) 698-0420,53,10086,Male,Graphic Designer,Heart Disease,72880
440,Christina Horton,christina.horton72@yahoo.com,(507) 016-4510,38,60662,Female,Marketing Manager,No Condition,104984
441,Sean Banks,sean.banks23@gmail.com,(468) 157-9812,37,75256,Male,Cashier,No Condition,36196
442,Jonathan Ellis,jonathan.ellis12@hotmail.com,(100) 384-5762,56,98118,Male,Chef,Cancer,47769
443,Hannah Bell,hannah.bell13@hotmail.com,(543) 840-4608,47,10040,Female,Teacher,Arthritis,60715
444,Darius Peterson,darius.peterson46@yahoo.com,(321) 689-3639,30,75246,Male,Marketing Manager,No Condition,93577
445,Jessica Edwards,jessica.edwards44@hotmail.com,(357) 823-2983,48,60627,Female,Nurse,Asthma,78075
446,Eric Thornton,eric.thornton19@hotmail.com,(226) 292-5188,40,60613,Male,Marketing Manager,No Condition,93112
447,Clinton Franco,clinton.franco91@gmail.com,(205) 664-7423,54,94131,Male,Data Analyst,Diabetes,71157
448,Carlos Johnson,carlos.johnson33@hotmail.com,(194) 999-3933,35,98101,Male,Teacher,No Condition,52853
449,Ian Watts,ian.watts27@yahoo.com,(328) 975-2677,44,75262,Male,Software Engineer,No Condition,108018
450,Christopher Perez,christopher.perez71@yahoo.com,(804) 633-3127,48,98158,Male,Software Engineer,Asthma,133520
451,Melissa Delacruz,melissa.delacruz7@gmail.com,(966) 096-5699,59,60613,Female,Software Engineer,Hypertension,88762
452,Joseph Liu,joseph.liu70@gmail.com,(181) 770-3886,35,60681,Male,Software Engineer,Cancer,97701
453,Justin Black,justin.black77@hotmail.com,(703) 476-4472,29,10041,Male,Cashier,Asthma,36010
454,Edward Ellison,edward.ellison97@hotmail.com,(982) 771-8129,31,10006,Male,Marketing Manager,Asthma,105437
455,Brandy Gutierrez,brandy.gutierrez55@yahoo.com,(302) 793-7145,27,10082,Female,Lawyer,No Condition,164502
456,Michelle Martinez,michelle.martinez97@gmail.com,(975) 186-8926,52,60684,Female,Accountant,No Condition,68033
457,James Tate,james.tate93@yahoo.com,(892) 222-0644,52,10041,Male,Nurse,No Condition,81628
458,Donna White,donna.white72@gmail.com,(130) 940-7778,24,75241,Female,Teacher,No Condition,58521
459,Lawrence Snyder,lawrence.snyder56@gmail.com,(497) 767-1990,41,98197,Male,Chef,Arthritis,50927
460,Stephen Ramirez,stephen.ramirez92@hotmail.com,(183) 022-0502,42,10082,Male,Software Engineer,No Condition,90061
461,Mary Massey,mary.massey96@yahoo.com,(951) 016-2249,69,10041,Female,Cashier,No Condition,31438
462,Christopher Gibson,christopher.gibson78@hotmail.com,(950) 145-5616,36,60684,Male,Physician,Asthma,213003
463,Austin Ruiz,austin.ruiz78@gmail.com,(245) 868-3390,29,60613,Male,Marketing Manager,No Condition,75366
464,Kenneth Krause,kenneth.krause80@hotmail.com,(617) 946-9548,38,10053,Male,Data Analyst,Arthritis,74837
465,Timothy Mendez,timothy.mendez24@yahoo.com,(287) 729-3430,32,98118,Male,Electrician,No Condition,57167
466,Alexander Garrett,alexander.garrett35@gmail.com,(139) 660-5583,56,60677,Male,Physician,Diabetes,244332
467,Margaret Vaughn,margaret.vaughn51@yahoo.com,(614) 488-5015,44,94131,Female,Software Engineer,No Condition,94078
468,James Carroll,james.carroll55@gmail.com,(323) 557-7027,49,10082,Male,Software Engineer,No Condition,97348
469,Mark Mcclain,mark.mcclain83@hotmail.com,(957) 608-4958,22,60613,Male,Cashier,No Condition,22657
470,Alicia Ray,alicia.ray34@yahoo.com,(751) 240-5682,23,75241,Female,Cashier,Depression,26648
471,Cody Wilson,cody.wilson41@yahoo.com,(550) 461-7357,57,10053,Male,Marketing Manager,Hypertension,105965
472,Daniel Turner,daniel.turner53@gmail.com,(350) 317-8078,34,75241,Male,Marketing Manager,No Condition,97602
473,Connor Mclean,connor.mclean46@hotmail.com,(884) 521-8230,23,33143,Male,Accountant,Arthritis,76164
474,Jasmine Hancock,jasmine.hancock35@gmail.com,(904) 091-5701,18,94131,Female,Software Engineer,No Condition,85600
475,Ralph Reese,ralph.reese86@gmail.com,(694) 353-3448,23,10082,Male,Software Engineer,No Condition,91612
476,Raymond Lambert,raymond.lambert98@yahoo.com,(422) 410-9881,54,98192,Male,Electrician,Hypertension,80803
477,Joshua Dunn,joshua.dunn19@yahoo.com,(924) 932-1495,57,10040,Male,Nurse,Diabetes,93218
478,Jill Anderson,jill.anderson73@yahoo.com,(801) 601-6629,30,33143,Female,Lawyer,Heart Disease,136504
479,Lisa Edwards,lisa.edwards57@gmail.com,(581) 792-1717,55,60684,Female,Software Engineer,Hypertension,107800
480,Michael Mckinney,michael.mckinney22@yahoo.com,(673) 329-4562,37,98186,Male,Nurse,No Condition,84581
481,Rachel Khan,rachel.khan37@yahoo.com,(570) 171-5772,18,94145,Female,Marketing Manager,No Condition,66602
482,Patricia Munoz,patricia.munoz16@gmail.com,(881) 615-8148,39,10086,Female,Software Engineer,No Condition,88030
483,Jennifer Gutierrez,jennifer.gutierrez30@hotmail.com,(738) 276-1539,36,94131,Female,Cashier,No Condition,28294
484,Richard Graham,richard.graham35@yahoo.com,(883) 219-7199,56,33143,Male,Nurse,Heart Disease,86106
485,Erika Davis,erika.davis40@yahoo.com,(824) 619-1965,35,98118,Female,Software Engineer,No Condition,120557
486,Maria Brown,maria.brown14@gmail.com,(829) 022-7846,35,10086,Female,Chef,Arthritis,62844
487,Craig Maldonado,craig.maldonado14@yahoo.com,(949) 465-1909,49,33143,Male,Data Analyst,Hypertension,68100
488,Jennifer Anderson,jennifer.anderson85@yahoo.com,(105) 800-8514,51,60684,Female,Data Analyst,Arthritis,94121
489,David Park,david.park25@yahoo.com,(356) 666-8327,57,10006,Male,Software Engineer,Depression,115746
490,Cole Cruz,cole.cruz73@yahoo.com,(862) 422-0102,54,33119,Male,Chef,Heart Disease,51993
491,Mary Proctor,mary.proctor37@gmail.com,(912) 679-6927,41,10053,Female,Marketing Manager,Hypertension,91453
492,Jeff Wilkins,jeff.wilkins25@yahoo.com,(953) 269-0973,48,60636,Male,Marketing Manager,No Condition,88957
493,Debra House,debra.house28@hotmail.com,(250) 097-5197,21,75241,Female,Teacher,No Condition,53450
494,Charles Simon,charles.simon85@yahoo.com,(978) 189-1371,42,98197,Male,Lawyer,Diabetes,111159
495,Lauren Edwards,lauren.edwards44@gmail.com,(758) 077-8795,59,33143,Non-binary,Teacher,No Condition,65894
496,Heather Levine,heather.levine25@yahoo.com,(342) 094-9407,45,60613,Female,Software Engineer,Heart Disease,88812
497,Kenneth Douglas,kenneth.douglas3@yahoo.com,(590) 471-2814,43,60681,Male,Lawyer,Diabetes,88437
498,Casey Campbell,casey.campbell67@yahoo.com,(501) 929-2752,33,98158,Male,Cashier,Cancer,25714
499,Richard Young,richard.young8@gmail.com,(780) 512-9276,68,75262,Male,Software Engineer,Heart Disease,132422
500,Cynthia Alexander,cynthia.alexander78@hotmail.com,(823) 950-4102,20,60627,Female,Nurse,No Condition,56053
501,James Turner,james.turner78@hotmail.com,(183) 667-4286,50,33143,Male,Teacher,Cancer,46734
502,Donna Salinas,donna.salinas55@yahoo.com,(658) 018-5694,53,94179,Female,Cashier,Asthma,26561
503,Debra Lang,debra.lang20@yahoo.com,(696) 739-3852,36,75215,Female,Data Analyst,Heart Disease,74107
504,Kimberly Chambers,kimberly.chambers74@gmail.com,(506) 181-7534,43,75262,Female,Cashier,No Condition,32667
505,Cheryl Johnson,cheryl.johnson89@gmail.com,(709) 391-1192,59,10086,Female,Marketing Manager,Asthma,115754
506,Mary Yoder,mary.yoder41@hotmail.com,(721) 244-7174,47,75241,Female,Nurse,Asthma,104727
507,Heather Contreras,heather.contreras24@yahoo.com,(542) 140-6650,37,75215,Non-binary,Marketing Manager,Hypertension,96463
508,Tina Baker,tina.baker96@yahoo.com,(917) 396-2712,38,98186,Female,Software Engineer,Hypertension,110970
509,Randy Robinson,randy.robinson67@hotmail.com,(817) 410-1194,37,75262,Male,Accountant,No Condition,64934
510,Albert Jimenez,albert.jimenez11@hotmail.com,(900) 642-5690,51,75225,Male,Physician,Asthma,294931
511,Michael Wise,michael.wise23@yahoo.com,(966) 183-0671,38,33141,Male,Chef,No Condition,35858
512,Timothy Howard,timothy.howard30@hotmail.com,(546) 015-8517,48,98158,Male,Software Engineer,Heart Disease,78420
513,Maria Thompson,maria.thompson28@gmail.com,(463) 461-5717,37,60627,Female,Physician,Arthritis,166456
514,Brenda Lee,brenda.lee34@hotmail.com,(893) 761-8478,38,75290,Female,Accountant,No Condition,65775
515,Tracy Smith,tracy.smith32@yahoo.com,(305) 061-3878,54,94131,Female,Lawyer,Heart Disease,158013
516,Patrick Hall,patrick.hall80@gmail.com,(102) 707-9032,25,94179,Male,Nurse,Depression,78074
517,Christopher Williams,christopher.williams72@yahoo.com,(417) 929-1117,57,75247,Male,Physician,Heart Disease,234278
518,Amy Harris,amy.harris74@yahoo.com,(365) 198-2530,25,94192,Female,Accountant,No Condition,63966
519,Gabriela Martinez,gabriela.martinez6@gmail.com,(362) 582-7390,49,10040,Female,Software Engineer,Heart Disease,138484
520,Ariel Boone,ariel.boone33@hotmail.com,(562) 071-0021,46,94138,Female,Nurse,Hypertension,84887
521,Jason Aguirre,jason.aguirre44@yahoo.com,(123) 248-7632,42,10041,Male,Nurse,No Condition,74411
522,Linda Love,linda.love92@hotmail.com,(914) 560-8331,23,33167,Female,Chef,Asthma,55599
523,William Montgomery,william.montgomery35@hotmail.com,(883) 734-0312,48,98101,Male,Marketing Manager,Hypertension,89156
524,Kathleen Moore,kathleen.moore16@gmail.com,(105) 436-4597,44,33143,Female,Chef,Asthma,52016
525,Brian Williams,brian.williams20@hotmail.com,(622) 078-1137,56,33143,Male,Teacher,No Condition,57638
526,Jennifer Burgess,jennifer.burgess11@yahoo.com,(431) 531-3636,18,75262,Female,Electrician,No Condition,55632
527,Angel Richards,angel.richards65@gmail.com,(862) 397-2652,52,75215,Female,Teacher,Hypertension,60901
528,Michelle Chen,michelle.chen18@yahoo.com,(835) 209-0421,52,60666,Female,Nurse,Hypertension,96804
529,Jimmy Jackson,jimmy.jackson50@yahoo.com,(234) 929-2983,40,10082,Male,Data Analyst,Cancer,80395
530,Jennifer Boyd,jennifer.boyd16@gmail.com,(797) 740-6335,23,94138,Female,Data Analyst,No Condition,69917
531,Lauren Snow,lauren.snow87@hotmail.com,(729) 060-0780,27,60627,Female,Teacher,Depression,49633
532,Joseph Mendoza,joseph.mendoza36@hotmail.com,(317) 731-8063,67,60684,Male,Software Engineer,No Condition,173754
533,Ian Allen,ian.allen72@gmail.com,(807) 427-9907,61,10053,Male,Teacher,Depression,53783
534,Raymond Sawyer,raymond.sawyer48@yahoo.com,(525) 701-6580,53,33143,Male,Software Engineer,Heart Disease,135220
535,Jeffery Nelson,jeffery.nelson28@hotmail.com,(189) 319-5085,33,10086,Male,Teacher,No Condition,57052
536,Ashley Diaz,ashley.diaz30@hotmail.com,(605) 528-1832,58,10082,Female,Data Analyst,Depression,80909
537,David Wilson,david.wilson87@yahoo.com,(193) 355-4864,56,75215,Male,Graphic Designer,Cancer,67511
538,Amy Reed,amy.reed72@yahoo.com,(688) 178-8479,50,75262,Female,Chef,Depression,45177
539,Rebecca Dougherty,rebecca.dougherty67@gmail.com,(337) 116-2411,38,75262,Female,Physician,No Condition,166237
540,Desiree Terry,desiree.terry84@yahoo.com,(623) 804-6827,40,98193,Female,Chef,Diabetes,35881
541,Jason Rojas,jason.rojas72@gmail.com,(643) 103-8569,42,75215,Male,Physician,No Condition,259249
542,Matthew Buchanan,matthew.buchanan96@yahoo.com,(398) 877-4924,46,94162,Male,Software Engineer,No Condition,96941
543,Rachel Perez,rachel.perez75@yahoo.com,(940) 254-7292,35,10040,Female,Accountant,Depression,52638
544,Dustin Mcpherson,dustin.mcpherson31@hotmail.com,(522) 310-5927,18,60684,Male,Nurse,No Condition,77650
545,Mike Harris,mike.harris47@hotmail.com,(505) 525-7828,69,60684,Non-binary,Software Engineer,Diabetes,110161
546,Bryan Johnson,bryan.johnson33@yahoo.com,(827) 520-8854,49,33167,Male,Graphic Designer,Asthma,54110
547,Stephanie Montes,stephanie.montes46@hotmail.com,(229) 751-7028,78,75241,Female,Software Engineer,Arthritis,122187
548,Eric Morales,eric.morales78@gmail.com,(475) 150-9398,59,98193,Male,Nurse,Arthritis,89915
549,Rachael Wang,rachael.wang52@gmail.com,(601) 871-8637,29,75241,Female,Nurse,No Condition,82755
550,Larry Hunt,larry.hunt13@gmail.com,(656) 265-6504,50,75241,Male,Marketing Manager,Diabetes,102256
551,Gregory Madden,gregory.madden13@hotmail.com,(313) 767-4266,31,60622,Male,Data Analyst,No Condition,77771
552,Sara Harper,sara.harper2@gmail.com,(134) 785-1961,42,98193,Female,Physician,No Condition,261569
553,Jennifer Rocha,jennifer.rocha22@yahoo.com,(928) 792-3264,50,94192,Female,Teacher,Depression,55713
554,Katherine Carson,katherine.carson7@yahoo.com,(594) 787-3002,36,33167,Female,Electrician,Asthma,59839
555,Elizabeth Davidson,elizabeth.davidson29@hotmail.com,(571) 462-7301,19,98193,Female,Marketing Manager,Hypertension,88867
556,Johnny Arellano,johnny.arellano27@hotmail.com,(959) 796-4715,18,60684,Male,Teacher,No Condition,61434
557,Morgan Smith,morgan.smith43@yahoo.com,(129) 025-7252,52,75241,Female,Marketing Manager,Heart Disease,93237
558,Denise Barnes,denise.barnes28@yahoo.com,(304) 481-8321,18,60684,Female,Teacher,No Condition,53464
559,Joshua Brennan,joshua.brennan44@hotmail.com,(344) 518-9520,54,75262,Male,Teacher,No Condition,68923
560,Joseph Watson,joseph.watson60@yahoo.com,(965) 213-2833,47,75241,Male,Teacher,No Condition,53119
561,Lisa Guerra,lisa.guerra1@hotmail.com,(888) 167-1120,18,94131,Female,Teacher,No Condition,43477
562,Gregory Vazquez,gregory.vazquez26@gmail.com,(379) 852-4013,24,94138,Male,Software Engineer,No Condition,136844
563,Scott Thomas,scott.thomas35@gmail.com,(842) 321-6110,36,75290,Male,Accountant,Arthritis,68564
564,Nicole Williams,nicole.williams71@gmail.com,(508) 907-1401,53,60684,Female,Data Analyst,Diabetes,72951
565,Mary Webster,mary.webster83@gmail.com,(593) 932-5012,18,60627,Female,Teacher,No Condition,50249
566,Travis Bailey,travis.bailey91@gmail.com,(989) 389-1190,37,75241,Male,Electrician,Depression,74942
567,Claire Lee,claire.lee52@yahoo.com,(328) 013-8759,63,33130,Female,Accountant,Hypertension,93791
568,Jeffrey Rosario,jeffrey.rosario54@gmail.com,(256) 638-3615,37,33130,Male,Electrician,No Condition,66683
569,John Stone,john.stone85@yahoo.com,(554) 801-5716,72,98197,Male,Data Analyst,Diabetes,102133
570,Joyce Fitzgerald,joyce.fitzgerald85@hotmail.com,(673) 864-6317,40,98118,Female,Electrician,Hypertension,53275
571,Christopher Lutz,christopher.lutz60@yahoo.com,(216) 781-1266,43,60677,Male,Marketing Manager,No Condition,132722
572,Patrick Stafford,patrick.stafford49@gmail.com,(715) 353-9613,50,60613,Male,Marketing Manager,Cancer,89974
573,Neil Ramirez,neil.ramirez73@hotmail.com,(999) 465-7967,42,60627,Male,Teacher,Arthritis,49242
574,Diana Tate,diana.tate9@gmail.com,(214) 773-2010,64,33143,Female,Graphic Designer,No Condition,72613
575,Jonathan Johnson,jonathan.johnson34@gmail.com,(969) 524-9911,42,75241,Male,Nurse,No Condition,71496
576,Patricia Sparks,patricia.sparks31@gmail.com,(147) 784-8588,36,94138,Female,Data Analyst,No Condition,58970
577,Tiffany Johnson,tiffany.johnson71@yahoo.com,(316) 756-7700,46,60613,Female,Software Engineer,Hypertension,116202
578,Kristin Dalton,kristin.dalton20@yahoo.com,(827) 624-6719,38,94179,Female,Electrician,No Condition,52254
579,Matthew Jennings,matthew.jennings43@hotmail.com,(777) 828-0647,19,98158,Male,Graphic Designer,No Condition,47807
580,Luis Gomez,luis.gomez22@yahoo.com,(150) 090-2559,51,60636,Male,Software Engineer,Diabetes,85865
581,Preston Garrett,preston.garrett13@yahoo.com,(416) 556-5033,27,60677,Male,Lawyer,No Condition,212445
582,Matthew Watkins,matthew.watkins18@hotmail.com,(814) 152-0850,18,10041,Male,Data Analyst,No Condition,59000
583,Matthew Henderson,matthew.henderson19@hotmail.com,(764) 079-0569,37,33143,Male,Electrician,Hypertension,64716
584,Frank Davis,frank.davis92@yahoo.com,(613) 578-5294,22,60666,Male,Data Analyst,Depression,55868
585,Tracy Harris,tracy.harris25@hotmail.com,(418) 344-0496,47,75241,Female,Accountant,Hypertension,80103
586,Marcus Rubio,marcus.rubio93@hotmail.com,(791) 954-1987,43,33143,Male,Data Analyst,No Condition,79988
587,Christine Flynn,christine.flynn53@hotmail.com,(548) 468-5366,60,94179,Female,Cashier,Arthritis,35199
588,Mario Chavez,mario.chavez38@hotmail.com,(920) 829-7374,41,60636,Male,Nurse,Asthma,93030
589,Rhonda Farrell,rhonda.farrell18@yahoo.com,(590) 835-7232,33,94179,Female,Lawyer,No Condition,179248
590,Sarah Jenkins,sarah.jenkins66@gmail.com,(436) 442-4936,38,75262,Female,Graphic Designer,No Condition,50339
591,Ashley Lee,ashley.lee21@gmail.com,(547) 786-6032,45,60684,Female,Cashier,No Condition,29358
592,Chad Green,chad.green12@yahoo.com,(582) 070-0159,38,94138,Male,Data Analyst,No Condition,79384
593,Sharon Lester,sharon.lester43@yahoo.com,(951) 623-1981,30,94131,Female,Teacher,Asthma,58519
594,Matthew Carpenter,matthew.carpenter57@hotmail.com,(747) 139-1559,45,98197,Male,Electrician,No Condition,61367
595,Robert Manning,robert.manning47@yahoo.com,(132) 123-4764,38,75262,Male,Data Analyst,No Condition,78494
596,Katherine Brooks,katherine.brooks10@gmail.com,(658) 673-4257,73,75241,Female,Chef,Depression,50555
597,Samantha Smith,samantha.smith47@hotmail.com,(900) 348-6451,47,10053,Female,Cashier,Cancer,41674
598,Sharon Mathews,sharon.mathews30@yahoo.com,(806) 441-3432,63,75262,Female,Cashier,Heart Disease,35425
599,Mark Suarez,mark.suarez86@hotmail.com,(260) 417-7656,20,60622,Male,Accountant,Asthma,56837
600,Samantha Hale,samantha.hale58@hotmail.com,(315) 698-5700,44,98158,Female,Data Analyst,Hypertension,85095
601,Lorraine Gibbs,lorraine.gibbs51@gmail.com,(406) 345-9112,72,33167,Female,Teacher,Diabetes,63509
602,Jose Booker,jose.booker90@hotmail.com,(629) 657-7242,41,75262,Male,Cashier,No Condition,31233
603,Rebecca Gonzalez,rebecca.gonzalez78@yahoo.com,(452) 669-3008,42,94131,Female,Nurse,Asthma,87607
604,Terry Mccann,terry.mccann4@gmail.com,(242) 069-6942,47,60684,Male,Electrician,Hypertension,76116
605,Tina Jackson,tina.jackson6@hotmail.com,(410) 867-7133,45,10006,Female,Accountant,Hypertension,67207
606,Tracy Li,tracy.li1@yahoo.com,(447) 626-3934,30,94138,Male,Marketing Manager,No Condition,51770
607,Jason Ortiz,jason.ortiz40@gmail.com,(804) 439-7359,61,98101,Male,Cashier,Hypertension,22339
608,Angelica Harrison,angelica.harrison53@yahoo.com,(163) 669-4118,34,33143,Female,Graphic Designer,Cancer,60170
609,Amy Galvan,amy.galvan76@yahoo.com,(559) 900-4896,30,94131,Female,Chef,No Condition,51037
610,William Lambert,william.lambert13@gmail.com,(880) 924-2875,31,94131,Male,Software Engineer,Diabetes,70337
611,Bonnie Stewart,bonnie.stewart89@hotmail.com,(662) 415-0274,38,10041,Female,Chef,No Condition,40935
612,Timothy Campbell,timothy.campbell28@yahoo.com,(994) 856-2572,52,10053,Male,Marketing Manager,Heart Disease,118251
613,Samuel Sandoval,samuel.sandoval67@yahoo.com,(303) 203-2074,33,60613,Male,Cashier,No Condition,27496
614,Michael Graham,michael.graham7@yahoo.com,(207) 587-7712,32,60613,Male,Cashier,Arthritis,34023
615,Hannah Harris,hannah.harris46@yahoo.com,(922) 849-9390,40,60681,Female,Data Analyst,Heart Disease,73753
616,Pamela White,pamela.white18@gmail.com,(237) 150-4165,31,33143,Female,Nurse,No Condition,67940
617,Sara Hernandez,sara.hernandez39@gmail.com,(877) 749-0509,27,60613,Female,Teacher,Diabetes,81642
618,Erika Dennis,erika.dennis76@hotmail.com,(792) 304-5018,61,94131,Female,Accountant,Hypertension,102178
619,Anna Scott,anna.scott31@gmail.com,(261) 032-6642,62,75262,Female,Teacher,No Condition,59418
620,Elizabeth Owen,elizabeth.owen3@hotmail.com,(849) 251-5837,60,10006,Female,Software Engineer,Arthritis,97267
621,Stephen Alvarez,stephen.alvarez57@hotmail.com,(296) 165-9266,38,60684,Male,Physician,Hypertension,179109
622,Andrew Peterson,andrew.peterson94@yahoo.com,(232) 788-1476,56,75262,Male,Cashier,Cancer,30949
623,Terry Woods,terry.woods86@gmail.com,(224) 386-4908,46,75262,Male,Nurse,No Condition,97533
624,Thomas Palmer,thomas.palmer5@hotmail.com,(266) 179-4549,74,10041,Male,Chef,Cancer,56296
625,Randy Smith,randy.smith57@hotmail.com,(872) 260-1645,56,10040,Male,Software Engineer,Asthma,101313
626,Nicole Cole,nicole.cole98@yahoo.com,(952) 321-9416,45,94179,Female,Electrician,Asthma,70444
627,Albert Foster,albert.foster25@gmail.com,(627) 769-7499,71,60677,Male,Software Engineer,Asthma,124076
628,Michael Mccarty,michael.mccarty70@hotmail.com,(464) 122-0310,37,33167,Male,Accountant,No Condition,76948
629,Shannon Clark,shannon.clark28@hotmail.com,(823) 683-1472,61,98193,Female,Physician,Hypertension,316564
630,Jennifer Wilson,jennifer.wilson1@gmail.com,(777) 707-9334,49,33167,Female,Software Engineer,Diabetes,103183
631,Anthony Smith,anthony.smith2@hotmail.com,(766) 799-8407,32,98118,Male,Software Engineer,No Condition,120352
632,John Garza,john.garza73@hotmail.com,(273) 080-6958,59,10006,Male,Software Engineer,Diabetes,127792
633,Debra Wong,debra.wong88@yahoo.com,(417) 957-6024,30,75215,Female,Graphic Designer,Heart Disease,60221
634,Julie Kim,julie.kim13@hotmail.com,(639) 597-2466,49,60613,Female,Software Engineer,No Condition,111615
635,Rebecca Marsh,rebecca.marsh24@gmail.com,(893) 417-2232,30,60622,Female,Accountant,No Condition,80293
636,Ashlee Perry,ashlee.perry68@yahoo.com,(343) 380-0545,46,98158,Female,Cashier,Hypertension,28374
637,Carrie Villarreal,carrie.villarreal44@hotmail.com,(401) 561-9318,30,60684,Female,Software Engineer,No Condition,101317
638,Katelyn Chaney,katelyn.chaney15@yahoo.com,(808) 428-9107,47,75215,Female,Data Analyst,No Condition,74701
639,Tonya Campos,tonya.campos77@gmail.com,(499) 180-8121,28,94131,Female,Lawyer,No Condition,156365
640,Thomas Moore,thomas.moore32@yahoo.com,(478) 712-5521,65,33143,Male,Data Analyst,Diabetes,83395
641,Jessica Perry,jessica.perry5@gmail.com,(737) 548-2145,29,60613,Female,Cashier,Asthma,32075
642,Heather Ortega,heather.ortega36@gmail.com,(686) 326-6678,65,10086,Female,Nurse,Asthma,103001
643,Terri Ramos,terri.ramos47@gmail.com,(781) 155-6260,42,60613,Female,Teacher,Depression,61649
644,Peter Keller,peter.keller37@hotmail.com,(629) 084-6684,42,75256,Male,Electrician,No Condition,68677
645,Susan Smith,susan.smith29@yahoo.com,(889) 267-3899,34,33167,Female,Nurse,No Condition,72713
646,Michael Barron,michael.barron30@hotmail.com,(963) 410-8562,43,60636,Male,Software Engineer,Cancer,134091
647,Wendy Campbell,wendy.campbell10@gmail.com,(588) 485-2008,67,33143,Female,Lawyer,Hypertension,189154
648,David Schroeder,david.schroeder37@hotmail.com,(168) 105-4851,44,60622,Male,Chef,No Condition,46781
649,Peter Pugh,peter.pugh68@yahoo.com,(449) 075-3998,35,33143,Male,Software Engineer,Arthritis,90274
650,Hayley Mitchell,hayley.mitchell38@hotmail.com,(492) 683-1589,49,33111,Female,Teacher,Diabetes,61981
651,Rodney Ward,rodney.ward70@gmail.com,(426) 611-0627,53,94138,Male,Teacher,No Condition,78227
652,Jeremy Wood,jeremy.wood81@hotmail.com,(869) 886-4976,36,75241,Male,Graphic Designer,Cancer,69775
653,Michael Gould,michael.gould2@hotmail.com,(962) 282-7728,52,94131,Male,Marketing Manager,Hypertension,79175
654,Bailey Lewis,bailey.lewis64@yahoo.com,(602) 851-9611,18,94131,Female,Marketing Manager,No Condition,71793
655,Laura Williams,laura.williams61@gmail.com,(315) 454-4702,48,10053,Female,Nurse,Hypertension,82619
656,Rachel Fisher,rachel.fisher28@yahoo.com,(143) 270-1851,19,10053,Female,Nurse,No Condition,85661
657,Jennifer Berry,jennifer.berry22@hotmail.com,(875) 679-2287,45,10086,Female,Accountant,Hypertension,62965
658,Michael Hernandez,michael.hernandez84@hotmail.com,(951) 996-6365,35,94138,Male,Data Analyst,No Condition,73172
659,Amber Santiago,amber.santiago77@yahoo.com,(241) 209-4818,41,10041,Female,Software Engineer,No Condition,109226
660,Corey Montgomery,corey.montgomery51@hotmail.com,(309) 837-8018,39,60684,Male,Software Engineer,Depression,116898
661,Tonya Hill,tonya.hill41@gmail.com,(139) 718-9569,52,75215,Female,Cashier,Asthma,28940
662,Katherine Peck,katherine.peck72@yahoo.com,(262) 608-5641,22,75241,Female,Accountant,No Condition,64151
663,Veronica Weaver,veronica.weaver42@yahoo.com,(622) 412-4620,44,60677,Female,Software Engineer,Arthritis,105361
664,Catherine Reeves,catherine.reeves85@yahoo.com,(161) 526-5461,28,60684,Female,Graphic Designer,Asthma,56932
665,Dale Goodwin,dale.goodwin22@hotmail.com,(837) 886-1405,47,10086,Male,Cashier,Depression,33093
666,Kristen Jones,kristen.jones7@gmail.com,(363) 048-9138,23,10086,Female,Cashier,No Condition,41085
667,Eric Russell,eric.russell86@gmail.com,(983) 258-2386,44,75241,Male,Cashier,Diabetes,37951
668,Jodi Smith,jodi.smith80@yahoo.com,(794) 200-7494,49,98186,Female,Data Analyst,Heart Disease,109328
669,Zachary Kirby,zachary.kirby31@gmail.com,(298) 402-8914,66,94131,Male,Software Engineer,Heart Disease,134151
670,Jennifer Martinez,jennifer.martinez81@gmail.com,(884) 639-8554,52,75241,Female,Cashier,Cancer,33750
671,Denise Bates,denise.bates19@yahoo.com,(853) 795-0209,33,94131,Female,Cashier,No Condition,32678
672,April Smith,april.smith87@gmail.com,(868) 768-1180,29,60613,Female,Teacher,Hypertension,57257
673,Megan Gomez,megan.gomez64@yahoo.com,(895) 620-1753,45,75241,Female,Nurse,No Condition,95876
674,Adam Paul,adam.paul97@yahoo.com,(153) 194-3375,32,75253,Male,Nurse,Hypertension,68855
675,Douglas Conway,douglas.conway55@hotmail.com,(893) 036-1498,39,33143,Male,Accountant,No Condition,72676
676,Carolyn Lee,carolyn.lee29@hotmail.com,(599) 921-9212,39,98118,Female,Software Engineer,No Condition,89545
677,Timothy Foley,timothy.foley36@hotmail.com,(743) 089-4870,56,60681,Male,Nurse,No Condition,92055
678,Martin Hahn,martin.hahn27@gmail.com,(956) 641-8775,54,60613,Male,Nurse,No Condition,74243
679,Peter Stephenson,peter.stephenson43@gmail.com,(604) 687-5063,46,98158,Male,Chef,No Condition,57782
680,Brad Armstrong,brad.armstrong4@gmail.com,(236) 133-2541,28,75262,Male,Data Analyst,Depression,38807
681,Alyssa Reynolds,alyssa.reynolds11@gmail.com,(695) 431-7350,55,10041,Female,Cashier,Diabetes,36291
682,Joseph Young,joseph.young11@gmail.com,(199) 717-9110,47,94138,Male,Physician,Heart Disease,181140
683,James Wu,james.wu68@hotmail.com,(212) 070-4961,31,10082,Male,Nurse,No Condition,83480
684,Michael Hansen,michael.hansen16@yahoo.com,(866) 196-3990,44,10006,Male,Chef,No Condition,41593
685,Janet Pope,janet.pope34@hotmail.com,(291) 507-8593,46,94131,Female,Lawyer,Hypertension,155170
686,Brian Larson,brian.larson73@gmail.com,(893) 928-4567,35,75262,Male,Teacher,No Condition,63059
687,Cody Taylor,cody.taylor24@gmail.com,(902) 496-8549,48,98158,Male,Teacher,No Condition,47286
688,Reginald Hernandez,reginald.hernandez52@yahoo.com,(495) 450-8920,53,10040,Male,Teacher,Hypertension,60248
689,Katie Conley,katie.conley46@gmail.com,(865) 333-1537,54,98118,Female,Electrician,Hypertension,81552
690,Linda Rivera,linda.rivera25@hotmail.com,(195) 946-5217,42,10041,Female,Accountant,No Condition,71623
691,Kathleen Mora,kathleen.mora76@hotmail.com,(433) 793-3756,26,75262,Female,Nurse,No Condition,96037
692,James Mckenzie,james.mckenzie7@gmail.com,(850) 150-8124,34,60677,Male,Nurse,Depression,69844
693,Cheyenne Willis,cheyenne.willis19@yahoo.com,(600) 334-2342,41,75241,Female,Data Analyst,Depression,98826
694,Ryan Sanchez,ryan.sanchez5@gmail.com,(402) 410-2615,53,10082,Male,Teacher,Cancer,48510
695,Eric Allen,eric.allen91@yahoo.com,(428) 961-1223,46,60677,Male,Accountant,Hypertension,63044
696,Joseph Benson,joseph.benson20@yahoo.com,(396) 309-9384,63,10049,Male,Chef,Diabetes,52948
697,Erin Brown,erin.brown82@yahoo.com,(328) 973-1791,31,60684,Female,Marketing Manager,No Condition,71340
698,Katie Potter,katie.potter50@hotmail.com,(885) 787-2558,35,94138,Female,Software Engineer,No Condition,90798
699,Mike Simpson,mike.simpson48@yahoo.com,(796) 903-3373,19,60684,Male,Marketing Manager,Arthritis,68970
700,Colleen Coleman,colleen.coleman43@yahoo.com,(892) 548-1214,60,98148,Female,Chef,Heart Disease,46803
701,Joseph Hall,joseph.hall14@gmail.com,(678) 956-7766,49,10086,Male,Nurse,No Condition,100101
702,Robert Stewart,robert.stewart68@yahoo.com,(902) 734-1514,28,94131,Male,Lawyer,No Condition,131971
703,Jose Schneider,jose.schneider43@yahoo.com,(431) 115-0835,32,75262,Male,Cashier,Diabetes,29384
704,Michael Wright,michael.wright5@hotmail.com,(643) 928-4044,46,33130,Male,Cashier,Arthritis,32274
705,Richard Powell,richard.powell3@yahoo.com,(890) 782-6333,57,94145,Male,Electrician,Heart Disease,67635
706,David Matthews,david.matthews2@hotmail.com,(877) 515-3663,52,75241,Male,Teacher,No Condition,59471
707,Jerry Hansen,jerry.hansen83@yahoo.com,(729) 240-7553,34,33143,Male,Nurse,Depression,74036
708,Jeffery Goodwin,jeffery.goodwin78@hotmail.com,(684) 590-9022,36,10006,Male,Software Engineer,No Condition,53867
709,Laura Lloyd,laura.lloyd44@hotmail.com,(896) 636-1863,45,94138,Female,Teacher,No Condition,51488
710,Ashley Hudson,ashley.hudson42@yahoo.com,(141) 218-2097,39,75256,Female,Data Analyst,Depression,48999
711,Cody Jones,cody.jones85@yahoo.com,(943) 348-1705,54,94131,Male,Marketing Manager,Hypertension,93179
712,Alexandra Murphy,alexandra.murphy9@yahoo.com,(462) 128-6716,40,60684,Female,Cashier,No Condition,35566
713,Carlos Harris,carlos.harris40@yahoo.com,(572) 994-9387,54,75241,Male,Teacher,Heart Disease,51484
714,Christina Ritter,christina.ritter24@yahoo.com,(816) 938-5977,44,33143,Female,Nurse,No Condition,79088
715,Kenneth Mclaughlin,kenneth.mclaughlin59@yahoo.com,(775) 469-2632,64,33143,Male,Teacher,Cancer,56986
716,Jimmy Bartlett,jimmy.bartlett15@gmail.com,(291) 603-2484,64,94192,Male,Graphic Designer,Hypertension,86826
717,Michael Bowen,michael.bowen52@gmail.com,(776) 815-1185,52,94131,Male,Nurse,Cancer,87581
718,Joanne King,joanne.king27@hotmail.com,(707) 017-6563,59,60684,Female,Data Analyst,Heart Disease,85343
719,Amanda King,amanda.king34@hotmail.com,(825) 777-1183,69,75241,Female,Data Analyst,Diabetes,47634
720,Charles Hoover,charles.hoover87@gmail.com,(320) 912-4186,57,60622,Male,Physician,Arthritis,277866
721,Billy Gallagher,billy.gallagher98@hotmail.com,(842) 752-3083,47,60684,Male,Chef,No Condition,57381
722,Michael Copeland,michael.copeland39@hotmail.com,(416) 470-9006,69,75215,Male,Nurse,Depression,91381
723,Tanya Brooks,tanya.brooks27@gmail.com,(431) 060-0531,41,10041,Female,Teacher,Asthma,73677
724,Tyler Davis,tyler.davis25@hotmail.com,(422) 068-1558,22,10082,Male,Electrician,No Condition,72251
725,Lori Villa,lori.villa5@yahoo.com,(761) 331-5520,35,75241,Female,Cashier,Depression,21450
726,Matthew Smith,matthew.smith59@gmail.com,(773) 149-5013,26,60666,Male,Nurse,No Condition,68786
727,Eric George,eric.george66@gmail.com,(689) 241-9562,47,60613,Male,Accountant,No Condition,58039
728,Christopher Gill,christopher.gill71@hotmail.com,(957) 150-9976,54,60622,Male,Software Engineer,Depression,105368
729,Martin Hall,martin.hall17@hotmail.com,(203) 091-4363,70,33143,Male,Teacher,Hypertension,74593
730,Amy Brooks,amy.brooks32@yahoo.com,(332) 630-3975,34,98118,Female,Nurse,No Condition,85824
731,Donald Schneider,donald.schneider20@gmail.com,(986) 403-5533,43,60613,Male,Chef,No Condition,65737
732,Amy Hardin,amy.hardin33@gmail.com,(839) 685-2701,44,60677,Female,Electrician,No Condition,57837
733,Benjamin Lee,benjamin.lee98@hotmail.com,(923) 212-9833,49,60666,Male,Marketing Manager,No Condition,98770
734,Blake Hardy,blake.hardy35@yahoo.com,(823) 362-9344,48,75256,Male,Marketing Manager,No Condition,118070
735,Walter Harris,walter.harris60@yahoo.com,(715) 662-7768,21,75215,Male,Data Analyst,No Condition,57853
736,Philip Weiss,philip.weiss53@yahoo.com,(306) 614-9828,59,94138,Male,Chef,Cancer,36172
737,Dawn Ford,dawn.ford32@yahoo.com,(446) 897-1527,71,94138,Female,Nurse,No Condition,82419
738,Christopher Lopez,christopher.lopez63@gmail.com,(585) 766-6567,31,10082,Male,Accountant,No Condition,56436
739,Margaret Chapman,margaret.chapman76@yahoo.com,(901) 692-3645,41,75247,Female,Nurse,No Condition,79773
740,Michael Reid,michael.reid19@yahoo.com,(306) 633-7050,23,98158,Male,Nurse,No Condition,86683
741,Jose Gibson,jose.gibson80@hotmail.com,(724) 399-2011,51,33143,Non-binary,Software Engineer,Hypertension,128956
742,Jennifer Willis,jennifer.willis23@gmail.com,(783) 626-4488,45,33143,Female,Software Engineer,No Condition,95378
743,Kevin Gross,kevin.gross43@hotmail.com,(111) 952-4364,31,33130,Male,Marketing Manager,No Condition,106285
744,Victoria Velasquez,victoria.velasquez15@gmail.com,(611) 686-4622,53,60677,Female,Accountant,Arthritis,76532
745,Cody Taylor,cody.taylor40@yahoo.com,(328) 179-3230,43,60677,Male,Cashier,Diabetes,27819
746,Robert Lee,robert.lee48@yahoo.com,(579) 121-4161,45,98193,Male,Teacher,No Condition,60956
747,Amy Johnson,amy.johnson82@gmail.com,(277) 100-4090,46,75215,Female,Teacher,Arthritis,68192
748,Christine Conner,christine.conner29@yahoo.com,(698) 477-5965,33,75241,Female,Lawyer,Diabetes,171776
749,Michael Cooper,michael.cooper67@yahoo.com,(135) 669-0551,18,75262,Male,Accountant,No Condition,67718
750,Joyce Hale,joyce.hale3@hotmail.com,(820) 918-4357,35,60613,Female,Marketing Manager,Arthritis,86562
751,Jose Keller,jose.keller3@gmail.com,(750) 505-7397,57,75256,Male,Software Engineer,Depression,123004
752,Patrick Bauer,patrick.bauer91@yahoo.com,(967) 164-9328,37,33143,Male,Electrician,No Condition,66715
753,Andres Jimenez,andres.jimenez77@gmail.com,(448) 727-1783,30,60627,Male,Data Analyst,Hypertension,56748
754,Christine Mullins,christine.mullins90@hotmail.com,(511) 602-5643,41,10082,Female,Software Engineer,Heart Disease,93251
755,Mary Lynn,mary.lynn4@hotmail.com,(212) 871-5399,31,98193,Female,Teacher,Cancer,46983
756,Mathew Bennett,mathew.bennett56@hotmail.com,(268) 633-4141,40,60684,Male,Marketing Manager,Hypertension,61805
757,Brandon Yang,brandon.yang10@gmail.com,(119) 525-6904,41,60681,Male,Electrician,No Condition,72509
758,Brittany Lee,brittany.lee7@yahoo.com,(765) 528-9931,26,10041,Non-binary,Teacher,Asthma,56688
759,Adam Phelps,adam.phelps30@yahoo.com,(124) 377-2942,54,75215,Male,Marketing Manager,No Condition,112532
760,Kyle Parker,kyle.parker74@hotmail.com,(614) 973-7460,57,60613,Male,Software Engineer,Diabetes,121653
761,Brittany Moran,brittany.moran55@hotmail.com,(730) 276-4208,42,75241,Female,Software Engineer,No Condition,93032
762,Gail Gregory,gail.gregory38@yahoo.com,(266) 184-4386,47,33143,Female,Marketing Manager,No Condition,83515
763,Bonnie Goodwin,bonnie.goodwin12@hotmail.com,(304) 729-2774,68,94179,Female,Teacher,Diabetes,65212
764,Daniel Brock,daniel.brock87@gmail.com,(205) 912-6620,53,60613,Male,Accountant,No Condition,70359
765,Henry Wells,henry.wells33@gmail.com,(218) 596-2630,60,10006,Male,Accountant,Arthritis,64441
766,Cynthia Burns,cynthia.burns92@hotmail.com,(192) 617-6475,48,94179,Female,Teacher,No Condition,65013
767,Bryan Miller,bryan.miller49@yahoo.com,(383) 099-9741,28,10053,Male,Software Engineer,No Condition,135863
768,James Cooke,james.cooke11@hotmail.com,(764) 921-5182,42,60613,Male,Nurse,Cancer,79816
769,Robert Smith,robert.smith33@hotmail.com,(288) 718-9813,38,33167,Male,Data Analyst,No Condition,95213
770,Catherine George,catherine.george40@gmail.com,(308) 751-0293,39,60627,Female,Nurse,Hypertension,83924
771,Anita Scott,anita.scott5@gmail.com,(411) 845-8260,34,10053,Female,Lawyer,No Condition,181181
772,Eric Shah,eric.shah50@hotmail.com,(948) 729-7585,28,75215,Male,Chef,No Condition,33523
773,Jordan Watts,jordan.watts51@hotmail.com,(903) 032-4329,48,33143,Male,Data Analyst,No Condition,77591
774,Daniel Howard,daniel.howard20@gmail.com,(896) 184-4626,57,98186,Male,Chef,Arthritis,64972
775,Angela King,angela.king59@yahoo.com,(328) 314-3598,64,94139,Female,Cashier,Heart Disease,42171
776,Jason Hernandez,jason.hernandez81@yahoo.com,(960) 931-4181,32,98101,Male,Nurse,No Condition,57763
777,Jason Murphy,jason.murphy77@gmail.com,(455) 423-4016,44,33143,Male,Nurse,No Condition,65658
778,James Garcia,james.garcia12@gmail.com,(528) 497-1859,73,75241,Male,Cashier,Arthritis,33240
779,Juan Lawson,juan.lawson32@gmail.com,(825) 625-8896,71,33143,Male,Marketing Manager,Hypertension,90310
780,Kevin Green,kevin.green26@hotmail.com,(482) 226-9405,41,98158,Male,Nurse,No Condition,72375
781,Michael Barnes,michael.barnes98@yahoo.com,(427) 578-4468,52,75241,Male,Teacher,No Condition,63111
782,Elizabeth Hodge,elizabeth.hodge25@yahoo.com,(165) 111-3129,49,60681,Female,Software Engineer,Heart Disease,118395
783,Bradley Mitchell,bradley.mitchell34@yahoo.com,(706) 827-7881,45,33143,Male,Chef,No Condition,39544
784,Alexis Lee,alexis.lee15@hotmail.com,(806) 853-8909,21,60684,Female,Data Analyst,Asthma,52080
785,Traci Craig,traci.craig71@hotmail.com,(832) 152-8506,35,60684,Female,Teacher,Heart Disease,50388
786,Jamie Brooks,jamie.brooks66@gmail.com,(453) 814-4744,50,10006,Female,Cashier,Depression,40369
787,Aaron Welch,aaron.welch47@yahoo.com,(134) 807-9705,42,75241,Male,Marketing Manager,Arthritis,86443
788,Lisa Murphy,lisa.murphy90@yahoo.com,(810) 526-5016,34,60677,Female,Physician,No Condition,205492
789,Craig Rice,craig.rice78@gmail.com,(661) 702-4376,39,98101,Male,Teacher,Depression,64278
790,Edwin Patterson,edwin.patterson89@gmail.com,(184) 177-2256,43,98158,Male,Software Engineer,Asthma,134280
791,Heather Harrell,heather.harrell30@gmail.com,(313) 402-6650,61,60666,Female,Lawyer,Heart Disease,180881
792,Mary Vaughan,mary.vaughan26@hotmail.com,(941) 678-7256,24,60636,Female,Cashier,No Condition,31535
793,Nicholas Harmon,nicholas.harmon29@yahoo.com,(421) 102-2580,28,94172,Male,Graphic Designer,No Condition,37270
794,Anthony Gallegos,anthony.gallegos92@yahoo.com,(490) 674-4716,54,60681,Male,Cashier,Depression,37271
795,Luke Daniel,luke.daniel62@gmail.com,(934) 143-6371,35,33143,Male,Cashier,No Condition,23270
796,Levi Lopez,levi.lopez38@hotmail.com,(723) 126-0432,54,60684,Male,Cashier,No Condition,29595
797,Alicia Gonzalez,alicia.gonzalez30@gmail.com,(166) 843-3567,48,98101,Female,Data Analyst,No Condition,108905
798,Jordan Schneider,jordan.schneider46@yahoo.com,(314) 545-6350,31,10086,Male,Chef,Arthritis,48448
799,Amanda Williams,amanda.williams64@hotmail.com,(553) 474-9162,58,60677,Female,Teacher,Diabetes,65316
800,Tiffany Cox,tiffany.cox91@yahoo.com,(911) 082-5559,51,75262,Female,Data Analyst,No Condition,86975
801,Larry Allen,larry.allen37@yahoo.com,(439) 611-2910,52,75215,Male,Graphic Designer,Heart Disease,68189
802,Corey Griffin,corey.griffin80@gmail.com,(118) 954-7382,32,94179,Male,Software Engineer,Depression,138817
803,Carl Barnes,carl.barnes94@hotmail.com,(748) 557-1617,49,60613,Male,Marketing Manager,No Condition,99246
804,Kelly Farley,kelly.farley92@gmail.com,(729) 424-0903,27,10053,Female,Cashier,Depression,31034
805,Kathleen Patel,kathleen.patel46@hotmail.com,(512) 786-8669,43,10053,Female,Marketing Manager,Arthritis,81606
806,Daniel Smith,daniel.smith14@hotmail.com,(439) 087-8844,49,10041,Male,Data Analyst,Diabetes,83762
807,Kenneth Adams,kenneth.adams75@gmail.com,(323) 083-4024,41,60677,Non-binary,Teacher,Cancer,58169
808,Debra Gibbs,debra.gibbs3@hotmail.com,(233) 810-5955,34,94138,Female,Cashier,Asthma,29100
809,Travis Henson,travis.henson83@yahoo.com,(526) 945-0053,67,60684,Male,Graphic Designer,No Condition,75942
810,Christopher Bonilla,christopher.bonilla32@hotmail.com,(691) 649-8373,33,94145,Male,Software Engineer,Heart Disease,106627
811,Derrick Perkins,derrick.perkins4@yahoo.com,(327) 365-2717,38,75256,Male,Electrician,Hypertension,58971
812,Joe Ochoa,joe.ochoa17@gmail.com,(739) 724-0422,63,10053,Male,Graphic Designer,No Condition,65799
813,Michael Lopez,michael.lopez61@gmail.com,(216) 376-1820,22,60684,Male,Teacher,No Condition,45731
814,Jamie Smith,jamie.smith56@gmail.com,(202) 314-2900,48,60613,Female,Graphic Designer,No Condition,76020
815,Kimberly Meyers,kimberly.meyers80@hotmail.com,(813) 279-7245,52,75262,Female,Cashier,Asthma,35141
816,Christopher Brown,christopher.brown51@hotmail.com,(948) 100-1841,42,98101,Male,Electrician,Diabetes,73458
817,Stacey Perry,stacey.perry57@gmail.com,(730) 366-2543,61,33167,Female,Marketing Manager,Hypertension,114677
818,Michael Espinoza,michael.espinoza29@gmail.com,(672) 131-4519,55,60613,Male,Marketing Manager,Hypertension,97148
819,Bryan Mclean,bryan.mclean34@gmail.com,(709) 226-8592,43,98193,Male,Teacher,No Condition,47230
820,Brittany Contreras,brittany.contreras66@yahoo.com,(194) 514-7541,56,75241,Female,Data Analyst,Cancer,76160
821,Scott Spence,scott.spence80@hotmail.com,(725) 267-7119,41,75253,Male,Teacher,Arthritis,58206
822,Tina Ramirez,tina.ramirez2@gmail.com,(752) 265-5767,19,75215,Female,Cashier,No Condition,28824
823,Lindsay Fields,lindsay.fields73@gmail.com,(936) 687-8878,27,33143,Female,Nurse,Hypertension,58035
824,Roberto Cruz,roberto.cruz71@hotmail.com,(168) 931-3503,54,33143,Male,Software Engineer,Depression,98857
825,Heidi Wells,heidi.wells4@gmail.com,(710) 552-4728,53,94131,Female,Electrician,Cancer,78877
826,Dana Carey,dana.carey41@gmail.com,(221) 260-6501,48,33143,Female,Software Engineer,No Condition,95116
827,Karen Wheeler,karen.wheeler60@gmail.com,(702) 521-3109,28,60684,Female,Marketing Manager,No Condition,84227
828,Chase White,chase.white5@hotmail.com,(228) 476-5704,53,33143,Male,Software Engineer,Hypertension,99772
829,Brittney Ibarra,brittney.ibarra17@gmail.com,(592) 820-6678,39,33143,Female,Cashier,No Condition,33382
830,Thomas Shaw,thomas.shaw61@hotmail.com,(736) 241-8623,52,60613,Male,Teacher,No Condition,44457
831,Lisa Robinson,lisa.robinson51@gmail.com,(189) 177-5662,28,10082,Female,Electrician,Asthma,62796
832,Regina Lucas,regina.lucas26@gmail.com,(541) 115-9503,42,33167,Female,Nurse,No Condition,68205
833,Christopher Rodriguez,christopher.rodriguez28@gmail.com,(290) 438-3034,43,94179,Male,Electrician,No Condition,57948
834,William Cunningham,william.cunningham18@hotmail.com,(770) 051-4054,30,75262,Male,Data Analyst,No Condition,55080
835,Jonathan Edwards,jonathan.edwards29@yahoo.com,(152) 156-8182,41,60666,Male,Cashier,Cancer,31762
836,Laurie Reyes,laurie.reyes52@hotmail.com,(304) 227-1133,25,33167,Female,Chef,No Condition,48167
837,Patricia Martin,patricia.martin62@hotmail.com,(789) 857-2545,50,33143,Female,Cashier,Cancer,41951
838,Andrew Marquez,andrew.marquez89@hotmail.com,(263) 399-1297,46,33143,Male,Teacher,No Condition,59015
839,Robert Thomas,robert.thomas95@yahoo.com,(281) 717-5242,44,33143,Male,Software Engineer,Heart Disease,102236
840,Diana Cox,diana.cox76@gmail.com,(812) 747-4721,47,10041,Female,Chef,No Condition,38998
841,Amanda Trevino,amanda.trevino5@yahoo.com,(269) 275-8955,25,75215,Female,Electrician,Depression,67921
842,Melanie Hunter,melanie.hunter10@yahoo.com,(709) 038-0214,50,33167,Female,Cashier,Arthritis,35626
843,Brooke Ross,brooke.ross63@gmail.com,(236) 715-7787,47,75262,Female,Graphic Designer,No Condition,53367
844,Angelica Dennis,angelica.dennis11@yahoo.com,(463) 651-5597,34,10049,Female,Chef,Cancer,38139
845,Michaela Alvarez,michaela.alvarez98@yahoo.com,(170) 827-2359,47,60627,Female,Nurse,Asthma,84073
846,Victoria Schroeder,victoria.schroeder32@gmail.com,(556) 730-3064,37,98101,Female,Marketing Manager,Cancer,98062
847,Mark Miller,mark.miller24@gmail.com,(346) 147-6834,38,75256,Male,Chef,No Condition,50916
848,Ronald Davis,ronald.davis71@yahoo.com,(354) 235-6778,32,98158,Male,Graphic Designer,No Condition,54788
849,Tracie Kim,tracie.kim33@hotmail.com,(396) 089-3199,48,33143,Female,Data Analyst,No Condition,87727
850,Franklin Downs,franklin.downs74@hotmail.com,(550) 272-7516,59,98118,Male,Cashier,Diabetes,40095
851,Joseph Smith,joseph.smith93@yahoo.com,(327) 910-3368,18,60677,Male,Cashier,Depression,32529
852,Kyle Robinson,kyle.robinson36@gmail.com,(239) 055-0448,48,60666,Male,Software Engineer,Hypertension,128036
853,Melissa Banks,melissa.banks86@yahoo.com,(366) 558-6851,66,98158,Female,Accountant,Hypertension,63576
854,Judy Brooks,judy.brooks9@hotmail.com,(292) 866-4649,42,75262,Female,Physician,Depression,256205
855,Whitney Shaffer,whitney.shaffer34@gmail.com,(810) 961-7981,18,75256,Female,Marketing Manager,Depression,81411
856,Kathy Shaffer,kathy.shaffer13@hotmail.com,(846) 337-8613,38,94138,Female,Marketing Manager,Diabetes,87647
857,Tiffany Bell,tiffany.bell34@yahoo.com,(566) 053-8444,49,75262,Female,Software Engineer,Hypertension,117535
858,Ryan Pope,ryan.pope72@yahoo.com,(630) 600-0258,34,75215,Male,Accountant,No Condition,72179
859,George Haley,george.haley33@yahoo.com,(338) 639-6096,36,75241,Male,Lawyer,No Condition,73992
860,Todd Myers,todd.myers35@hotmail.com,(926) 582-6312,50,75241,Male,Nurse,Heart Disease,83842
861,Bailey Ray,bailey.ray87@yahoo.com,(148) 253-1106,72,75241,Female,Electrician,Cancer,67653
862,Lori Watkins,lori.watkins30@gmail.com,(398) 196-0275,58,60613,Female,Teacher,Hypertension,56280
863,Cynthia Hurst,cynthia.hurst15@yahoo.com,(138) 364-0412,44,98101,Female,Nurse,Depression,53232
864,Danielle Riley,danielle.riley46@gmail.com,(217) 911-2442,20,10086,Non-binary,Nurse,Depression,68694
865,Angela Kirk,angela.kirk65@gmail.com,(761) 706-1713,53,60684,Female,Electrician,Depression,71918
866,Jaime Edwards,jaime.edwards51@yahoo.com,(622) 402-9901,34,60681,Female,Lawyer,No Condition,57605
867,Xavier Webb,xavier.webb60@hotmail.com,(198) 028-4139,37,10041,Male,Data Analyst,Hypertension,82959
868,Kimberly Holmes,kimberly.holmes63@gmail.com,(335) 130-5231,52,75290,Female,Nurse,Hypertension,94832
869,Debra Olson,debra.olson70@gmail.com,(558) 477-6863,20,10082,Female,Nurse,Depression,77201
870,Christopher Mcdaniel,christopher.mcdaniel95@hotmail.com,(746) 199-4237,58,33143,Male,Accountant,No Condition,70097
871,Sonya Henderson,sonya.henderson30@hotmail.com,(645) 919-6639,75,33111,Female,Software Engineer,No Condition,162447
872,James Chen,james.chen12@gmail.com,(972) 084-9649,35,94131,Male,Chef,Diabetes,47545
873,Harold Johnson,harold.johnson76@gmail.com,(356) 253-1355,57,10053,Male,Accountant,Hypertension,80300
874,Penny Martinez,penny.martinez14@yahoo.com,(705) 379-5381,33,75256,Female,Chef,Hypertension,36339
875,Drew Lewis,drew.lewis14@gmail.com,(618) 491-9665,49,33143,Male,Data Analyst,Depression,96704
876,Christina Williams,christina.williams74@yahoo.com,(670) 461-1729,35,98158,Female,Nurse,No Condition,84260
877,Kevin Young,kevin.young23@gmail.com,(940) 907-4260,31,94192,Male,Marketing Manager,Asthma,64598
878,Tamara Williams,tamara.williams55@hotmail.com,(701) 716-4455,37,75262,Female,Software Engineer,No Condition,106411
879,Angela Hampton,angela.hampton53@yahoo.com,(290) 647-7159,48,60677,Female,Accountant,No Condition,83825
880,Allen Williams,allen.williams37@gmail.com,(921) 563-2135,38,33143,Male,Software Engineer,No Condition,102386
881,William Villa,william.villa8@gmail.com,(740) 104-1459,18,60627,Male,Cashier,Asthma,40481
882,Derrick Jackson,derrick.jackson16@gmail.com,(297) 125-2967,26,75262,Male,Teacher,No Condition,47189
883,Aimee Allen,aimee.allen18@yahoo.com,(674) 573-1441,31,75215,Non-binary,Teacher,Asthma,50671
884,Kristin Salas,kristin.salas95@hotmail.com,(731) 170-3037,48,75262,Female,Teacher,No Condition,68637
885,Cole Garcia,cole.garcia40@gmail.com,(398) 854-7281,56,94131,Male,Software Engineer,Arthritis,92287
886,Colleen Cox,colleen.cox38@yahoo.com,(598) 363-1462,52,94140,Female,Electrician,Cancer,82021
887,Tiffany Ray,tiffany.ray50@gmail.com,(127) 113-0724,48,10082,Female,Accountant,Heart Disease,72181
888,Karen Schmidt,karen.schmidt45@yahoo.com,(941) 815-6326,70,75246,Female,Cashier,Depression,36287
889,Jeffrey Cook,jeffrey.cook71@yahoo.com,(745) 106-6343,34,75262,Male,Cashier,Arthritis,36511
890,Cassandra Hill,cassandra.hill6@hotmail.com,(178) 610-3131,41,98186,Female,Lawyer,No Condition,192954
891,Steven Johnston,steven.johnston56@gmail.com,(218) 143-9666,38,60677,Male,Accountant,Arthritis,93245
892,Colleen Holloway,colleen.holloway91@hotmail.com,(147) 323-5494,38,60684,Female,Nurse,Hypertension,86081
893,Brandon Gordon,brandon.gordon74@hotmail.com,(697) 432-5122,39,94192,Male,Software Engineer,Hypertension,105875
894,Steven Thomas,steven.thomas77@gmail.com,(676) 502-4120,52,75262,Male,Nurse,No Condition,90329
895,Wayne Aguilar,wayne.aguilar65@yahoo.com,(937) 100-9438,46,98118,Male,Marketing Manager,No Condition,99938
896,Christopher Thomas,christopher.thomas56@gmail.com,(514) 577-5847,65,98186,Male,Accountant,Hypertension,66385
897,Jackson Smith,jackson.smith33@yahoo.com,(345) 897-1480,50,10086,Male,Data Analyst,Diabetes,72334
898,Veronica Chase,veronica.chase91@hotmail.com,(225) 703-9653,19,10049,Female,Lawyer,No Condition,148163
899,Cheryl Blevins,cheryl.blevins65@hotmail.com,(714) 878-2455,21,75262,Female,Accountant,No Condition,77798
900,Leah Landry,leah.landry9@yahoo.com,(843) 098-5916,29,10041,Female,Marketing Manager,Arthritis,50392
901,Keith Sparks,keith.sparks43@yahoo.com,(941) 072-7284,47,75241,Male,Data Analyst,No Condition,68403
902,Mary Torres,mary.torres7@yahoo.com,(114) 070-3491,59,94138,Female,Graphic Designer,No Condition,84041
903,John Smith,john.smith92@yahoo.com,(200) 425-4882,30,94139,Male,Nurse,No Condition,93263
904,Michelle Thomas,michelle.thomas59@hotmail.com,(436) 914-3075,39,10041,Female,Lawyer,No Condition,137149
905,Robert Walsh,robert.walsh13@yahoo.com,(661) 449-4296,22,10049,Male,Nurse,No Condition,72190
906,Robert Taylor,robert.taylor68@gmail.com,(842) 683-4414,49,75241,Male,Cashier,No Condition,34324
907,Joshua Bennett,joshua.bennett27@yahoo.com,(712) 875-8575,45,60613,Male,Teacher,No Condition,48191
908,John Ali,john.ali94@yahoo.com,(908) 061-2943,44,33143,Male,Marketing Manager,No Condition,91339
909,Jacqueline Oliver,jacqueline.oliver81@hotmail.com,(140) 626-0787,49,75215,Female,Teacher,No Condition,59762
910,Bradley Nelson,bradley.nelson72@hotmail.com,(215) 914-9750,51,10082,Male,Software Engineer,Depression,100877
911,Natalie Craig,natalie.craig91@hotmail.com,(503) 828-7232,56,98118,Female,Marketing Manager,Diabetes,72638
912,Mark Ball,mark.ball34@gmail.com,(979) 311-0291,50,98158,Male,Teacher,Diabetes,62312
913,Brent Harris,brent.harris23@yahoo.com,(308) 760-1467,46,60677,Male,Teacher,No Condition,63398
914,Samantha Skinner,samantha.skinner98@hotmail.com,(349) 791-6202,37,75241,Female,Data Analyst,Asthma,84113
915,Robert Sandoval,robert.sandoval70@gmail.com,(888) 377-4419,23,75262,Male,Data Analyst,No Condition,79497
916,Jacob Hill,jacob.hill62@yahoo.com,(717) 662-0471,39,75256,Male,Data Analyst,Arthritis,61523
917,Alexandra Turner,alexandra.turner42@hotmail.com,(397) 052-7740,50,60613,Female,Data Analyst,Hypertension,68016
918,Hunter Foley,hunter.foley49@hotmail.com,(635) 868-1225,34,75262,Male,Software Engineer,No Condition,117500
919,Joe Trevino,joe.trevino66@gmail.com,(944) 617-6792,52,60613,Male,Teacher,Hypertension,53588
920,Patricia Fox,patricia.fox53@gmail.com,(159) 959-9610,46,94162,Female,Software Engineer,No Condition,156189
921,Samuel Moore,samuel.moore46@gmail.com,(717) 753-3126,30,94131,Male,Physician,No Condition,165949
922,Thomas Brown,thomas.brown43@yahoo.com,(210) 175-9025,52,75241,Male,Lawyer,Depression,123160
923,Michael Gray,michael.gray42@hotmail.com,(498) 334-7743,34,60613,Male,Software Engineer,Arthritis,127341
924,Natalie Hamilton,natalie.hamilton4@hotmail.com,(631) 901-3020,41,75262,Female,Data Analyst,No Condition,70032
925,Patricia Carroll,patricia.carroll57@gmail.com,(652) 873-3978,38,10053,Female,Accountant,Cancer,63332
926,Herbert Yoder,herbert.yoder91@gmail.com,(517) 661-9128,44,75241,Male,Accountant,No Condition,89684
927,Ashlee Jimenez,ashlee.jimenez47@gmail.com,(298) 503-4465,35,94131,Female,Nurse,No Condition,89783
928,Shane Moore,shane.moore4@yahoo.com,(118) 938-9846,21,60666,Male,Marketing Manager,Asthma,99699
929,Joshua Snow,joshua.snow75@hotmail.com,(174) 005-6435,54,75262,Male,Electrician,Arthritis,70743
930,Charles Payne,charles.payne39@hotmail.com,(250) 371-9905,40,75215,Male,Chef,Arthritis,50543
931,Travis George,travis.george12@hotmail.com,(918) 724-0107,35,75241,Male,Nurse,No Condition,59734
932,Courtney Bell,courtney.bell79@yahoo.com,(143) 000-3896,37,60613,Female,Cashier,Asthma,25360
933,Kristen Williams,kristen.williams7@yahoo.com,(626) 682-1719,18,10041,Female,Lawyer,No Condition,155231
934,Heather Cooper,heather.cooper35@gmail.com,(133) 190-3689,43,33111,Female,Cashier,Diabetes,35074
935,William Smith,william.smith24@hotmail.com,(630) 102-7240,71,10053,Male,Electrician,Cancer,70339
936,Hannah Rios,hannah.rios38@gmail.com,(942) 967-1114,45,60684,Female,Teacher,Hypertension,53807
937,Daniel Thornton,daniel.thornton83@yahoo.com,(637) 458-4384,42,94138,Male,Teacher,Asthma,55910
938,Melissa Gordon,melissa.gordon74@gmail.com,(456) 974-1328,45,98186,Female,Accountant,Asthma,71588
939,Elizabeth Tran,elizabeth.tran42@gmail.com,(152) 037-7107,38,98118,Female,Cashier,No Condition,35682
940,Debra Chapman,debra.chapman72@yahoo.com,(810) 496-7066,28,98101,Female,Accountant,No Condition,83578
941,Amanda Harris,amanda.harris91@gmail.com,(668) 040-8509,41,98186,Female,Teacher,No Condition,52435
942,Tammy Solomon,tammy.solomon51@hotmail.com,(730) 596-6018,33,98158,Female,Cashier,No Condition,31583
943,Troy Randolph,troy.randolph66@yahoo.com,(887) 699-8426,32,94131,Male,Cashier,Asthma,37785
944,Nichole Middleton,nichole.middleton86@gmail.com,(704) 413-8459,52,98186,Female,Nurse,Arthritis,87995
945,Andrew Hill,andrew.hill42@yahoo.com,(849) 014-9542,42,60622,Male,Data Analyst,Depression,98883
946,Julie Gonzales,julie.gonzales14@yahoo.com,(505) 783-6091,39,33143,Female,Physician,No Condition,200113
947,Steven Arnold,steven.arnold9@gmail.com,(372) 444-7232,59,75215,Male,Graphic Designer,Depression,59561
948,Seth Douglas,seth.douglas52@gmail.com,(410) 287-9508,45,75215,Male,Teacher,Hypertension,68008
949,Antonio Klein,antonio.klein10@yahoo.com,(240) 580-9351,25,98186,Male,Cashier,No Condition,24182
950,Katie Wilson,katie.wilson45@gmail.com,(333) 595-6164,37,10084,Female,Software Engineer,No Condition,86470
951,Alexander Lawson,alexander.lawson91@yahoo.com,(156) 574-9025,39,94179,Male,Software Engineer,Diabetes,121406
952,Earl Hernandez,earl.hernandez14@hotmail.com,(401) 935-8895,40,60622,Male,Lawyer,Hypertension,171923
953,Jamie Aguilar,jamie.aguilar62@hotmail.com,(726) 113-9898,50,60666,Female,Data Analyst,Diabetes,65271
954,Kimberly Martinez,kimberly.martinez83@hotmail.com,(509) 788-7543,43,60627,Female,Nurse,No Condition,98945
955,Susan Murphy,susan.murphy97@yahoo.com,(637) 513-7651,18,75215,Female,Accountant,No Condition,73886
956,Kristina Jones,kristina.jones74@yahoo.com,(479) 376-3928,31,60684,Female,Electrician,No Condition,71288
957,Paula Russell,paula.russell61@hotmail.com,(729) 445-5116,18,94138,Female,Marketing Manager,No Condition,57175
958,Jonathan Hernandez,jonathan.hernandez94@yahoo.com,(832) 702-1648,43,94138,Male,Nurse,Depression,103568
959,Patrick Martinez,patrick.martinez98@gmail.com,(660) 212-8866,55,98158,Male,Chef,Depression,52571
960,Cameron Terry,cameron.terry86@gmail.com,(241) 559-9910,77,60684,Male,Marketing Manager,No Condition,115529
961,Nancy Kelly,nancy.kelly9@yahoo.com,(267) 647-2298,38,94131,Female,Teacher,Cancer,42954
962,Christian Smith,christian.smith2@hotmail.com,(257) 657-2894,59,98186,Male,Cashier,Arthritis,31000
963,David Snyder,david.snyder67@gmail.com,(698) 898-6456,58,75256,Male,Data Analyst,Heart Disease,91793
964,Peter Mckay,peter.mckay58@gmail.com,(536) 849-9515,30,75215,Male,Marketing Manager,No Condition,108340
965,Carol Roberts,carol.roberts24@yahoo.com,(373) 244-9134,58,60666,Female,Teacher,No Condition,79011
966,Anne Arnold,anne.arnold44@hotmail.com,(120) 908-8307,34,60684,Female,Graphic Designer,No Condition,49349
967,Jacob Campbell,jacob.campbell50@hotmail.com,(767) 827-4117,71,33143,Male,Accountant,Cancer,72972
968,Johnny Miller,johnny.miller17@gmail.com,(641) 513-1528,51,33130,Male,Nurse,No Condition,83924
969,Desiree Mccoy,desiree.mccoy5@hotmail.com,(115) 061-8538,49,75253,Female,Nurse,No Condition,71840
970,Travis Burton,travis.burton71@gmail.com,(329) 633-4727,41,75262,Male,Data Analyst,No Condition,76631
971,Nicholas Campbell,nicholas.campbell47@gmail.com,(418) 306-1789,24,98101,Male,Teacher,No Condition,61689
972,Michelle Williams,michelle.williams35@hotmail.com,(549) 693-5782,22,98118,Female,Cashier,Diabetes,26385
973,Sara Golden,sara.golden36@hotmail.com,(477) 695-8741,66,75215,Female,Graphic Designer,Heart Disease,65292
974,Ashley Ibarra,ashley.ibarra43@yahoo.com,(267) 536-1275,61,60613,Female,Accountant,No Condition,79191
975,Hannah Sanders,hannah.sanders84@gmail.com,(477) 963-0448,44,60684,Female,Cashier,Depression,37343
976,Pamela Patton,pamela.patton85@gmail.com,(585) 456-6766,18,60636,Non-binary,Nurse,No Condition,63339
977,Thomas Adams,thomas.adams83@hotmail.com,(935) 047-6392,46,60613,Male,Cashier,Heart Disease,38344
978,Daniel Garrett,daniel.garrett12@hotmail.com,(695) 298-0061,50,10086,Male,Cashier,Diabetes,33145
979,Thomas Wang,thomas.wang18@hotmail.com,(710) 835-8328,41,94138,Male,Lawyer,No Condition,166594
980,Shannon Perez,shannon.perez97@gmail.com,(955) 638-3000,46,10086,Female,Teacher,Cancer,61312
981,Ashley Sanders,ashley.sanders52@yahoo.com,(202) 440-3304,60,75241,Female,Cashier,Cancer,39179
982,Robin Gray,robin.gray58@yahoo.com,(924) 111-8600,51,60684,Female,Data Analyst,Heart Disease,98559
983,Larry Hernandez,larry.hernandez64@hotmail.com,(596) 394-5680,27,60613,Male,Teacher,No Condition,53628
984,Donald Harris,donald.harris3@yahoo.com,(597) 646-1368,38,98118,Male,Nurse,Arthritis,78328
985,Karen Velez,karen.velez50@hotmail.com,(883) 607-6581,41,94139,Female,Electrician,Depression,59169
986,Danny Hester,danny.hester52@yahoo.com,(237) 579-1452,26,98186,Male,Data Analyst,No Condition,46599
987,Anna Jackson,anna.jackson78@yahoo.com,(493) 126-9789,73,60613,Female,Lawyer,Hypertension,251403
988,Amy Snyder,amy.snyder80@yahoo.com,(545) 205-9960,55,75241,Female,Data Analyst,Cancer,75027
989,Michael Fischer,michael.fischer10@yahoo.com,(287) 535-7788,47,98118,Male,Electrician,No Condition,55223
990,Thomas Simmons,thomas.simmons45@gmail.com,(262) 028-1237,47,98118,Male,Electrician,Hypertension,75099
991,Andrew Coleman,andrew.coleman19@gmail.com,(787) 286-6041,57,94131,Male,Nurse,No Condition,103346
992,Whitney Cortez,whitney.cortez88@hotmail.com,(948) 595-9224,37,60636,Female,Marketing Manager,No Condition,66817
993,Michael Lang,michael.lang88@hotmail.com,(358) 947-7352,38,33111,Male,Marketing Manager,No Condition,98828
994,Kelly Calderon,kelly.calderon49@gmail.com,(456) 227-1043,35,33167,Female,Marketing Manager,Depression,112869
995,Melissa Medina,melissa.medina52@yahoo.com,(410) 979-2158,26,94192,Female,Teacher,No Condition,48418
996,Gregory Smith,gregory.smith62@gmail.com,(944) 694-5964,38,10021,Male,Nurse,Diabetes,81669
997,Kimberly Hopkins,kimberly.hopkins54@gmail.com,(392) 134-2491,59,75262,Female,Software Engineer,No Condition,103049
998,Rebecca Matthews,rebecca.matthews54@yahoo.com,(159) 994-9732,32,60681,Female,Electrician,No Condition,52410
999,Richard Hays,richard.hays95@gmail.com,(392) 227-0510,18,33143,Male,Accountant,Asthma,41664
1000,Jorge Gonzales,jorge.gonzales10@hotmail.com,(775) 481-3866,47,75256,Male,Chef,No Condition,56346
1001,Michelle Kelly,michelle.kelly29@hotmail.com,(958) 193-2426,47,60636,Female,Software Engineer,Cancer,140001
1002,Jessica Neal,jessica.neal87@yahoo.com,(718) 652-0575,38,75241,Female,Lawyer,Depression,180547
1003,Daniel Castro,daniel.castro4@gmail.com,(165) 203-7583,45,94131,Male,Graphic Designer,No Condition,61763
1004,Kevin Murphy,kevin.murphy35@yahoo.com,(148) 094-0476,33,60677,Male,Cashier,No Condition,30234
1005,Whitney Padilla,whitney.padilla29@yahoo.com,(909) 079-7727,43,94145,Female,Accountant,Depression,66812
1006,Rhonda Johnson,rhonda.johnson6@gmail.com,(192) 221-6107,61,75290,Female,Electrician,Asthma,72129
1007,Emily Hodge,emily.hodge96@yahoo.com,(139) 055-2958,32,60613,Female,Teacher,Hypertension,52029
1008,Todd Powell,todd.powell19@hotmail.com,(101) 382-4127,39,75256,Male,Accountant,No Condition,79900
1009,Desiree Gonzalez,desiree.gonzalez75@hotmail.com,(862) 044-8515,34,60662,Female,Software Engineer,No Condition,107913
1010,Laura Horton,laura.horton17@hotmail.com,(171) 112-1259,28,10041,Female,Graphic Designer,Depression,52559
1011,Randall Kramer,randall.kramer46@gmail.com,(757) 134-3240,61,33143,Male,Software Engineer,Depression,145332
1012,Michele Thompson,michele.thompson4@gmail.com,(595) 633-4324,76,33167,Female,Nurse,Diabetes,84850
1013,Michael Baker,michael.baker26@yahoo.com,(759) 558-7209,40,98158,Male,Chef,Arthritis,51818
1014,Brittney Carroll,brittney.carroll6@hotmail.com,(965) 435-8841,69,33143,Female,Software Engineer,Diabetes,172595
1015,Raymond Scott,raymond.scott39@yahoo.com,(640) 182-7279,50,60677,Male,Cashier,No Condition,31605
1016,Jaime Gray,jaime.gray94@hotmail.com,(605) 150-2675,53,60681,Male,Data Analyst,Hypertension,103783
1017,Maria Garcia,maria.garcia37@yahoo.com,(742) 782-0797,50,33111,Female,Teacher,No Condition,59285
1018,Monica Wells,monica.wells9@gmail.com,(945) 957-6403,55,75241,Female,Electrician,Hypertension,59374
1019,Brian Simmons,brian.simmons42@yahoo.com,(996) 902-8249,35,60681,Male,Cashier,No Condition,38399
1020,Christina Compton,christina.compton50@gmail.com,(325) 014-2576,44,75262,Female,Chef,No Condition,39609
1021,Joe Hopkins,joe.hopkins78@gmail.com,(424) 412-3361,41,33167,Male,Nurse,No Condition,77296
1022,Christian Peters,christian.peters60@yahoo.com,(807) 251-7863,18,98193,Male,Software Engineer,Heart Disease,134066
1023,Michael Guerra,michael.guerra77@hotmail.com,(731) 625-2654,37,60622,Male,Accountant,Depression,78293
1024,Linda Ferguson,linda.ferguson52@yahoo.com,(679) 039-2355,33,60677,Female,Cashier,Asthma,37906
1025,Kathryn Smith,kathryn.smith8@hotmail.com,(761) 327-3034,40,60677,Female,Marketing Manager,Diabetes,85496
1026,Anna Cruz,anna.cruz74@gmail.com,(362) 446-7046,36,94138,Female,Accountant,No Condition,61666
1027,Christopher Fleming,christopher.fleming51@gmail.com,(971) 516-0252,35,98158,Male,Nurse,Diabetes,95806
1028,Janet Gibson,janet.gibson90@yahoo.com,(966) 046-4197,37,75225,Female,Chef,No Condition,41829
1029,Jake Wells,jake.wells26@yahoo.com,(185) 126-8612,22,33143,Male,Electrician,Asthma,59291
1030,Gabrielle Villa,gabrielle.villa70@hotmail.com,(143) 897-6074,57,75215,Female,Chef,Arthritis,42413
1031,Bryan Burns,bryan.burns87@yahoo.com,(509) 546-5408,25,94131,Male,Nurse,No Condition,64607
1032,Cassandra Kelly,cassandra.kelly62@gmail.com,(775) 409-1508,21,60613,Female,Electrician,No Condition,55273
1033,Danielle Miller,danielle.miller23@gmail.com,(922) 764-5793,34,33143,Female,Electrician,No Condition,66947
1034,Keith Williams,keith.williams53@yahoo.com,(550) 291-6815,35,33143,Male,Software Engineer,No Condition,120381
1035,Jenny Johnson,jenny.johnson1@hotmail.com,(941) 613-9449,31,98101,Female,Nurse,No Condition,81963
1036,Kimberly Leon,kimberly.leon70@hotmail.com,(905) 973-6424,26,10082,Female,Software Engineer,No Condition,91676
1037,Michael Jacobs,michael.jacobs75@gmail.com,(544) 063-0624,40,75262,Male,Lawyer,No Condition,174869
1038,Julia Tyler,julia.tyler89@hotmail.com,(551) 330-5319,18,75215,Female,Chef,No Condition,30731
1039,Monica Lynch,monica.lynch74@yahoo.com,(696) 958-6780,26,10082,Female,Software Engineer,No Condition,109430
1040,Gina Reed,gina.reed45@yahoo.com,(127) 738-2646,40,75215,Female,Nurse,No Condition,90108
1041,Matthew Duncan,matthew.duncan52@gmail.com,(678) 513-8544,37,98158,Male,Graphic Designer,Hypertension,73160
1042,Jesse Mcdonald,jesse.mcdonald3@gmail.com,(599) 295-9660,37,33143,Male,Nurse,Cancer,68349
1043,Justin Henry,justin.henry60@gmail.com,(468) 269-1163,65,10041,Male,Data Analyst,No Condition,84829
1044,Wendy Duncan,wendy.duncan23@gmail.com,(626) 865-3694,43,98193,Female,Marketing Manager,No Condition,82844
1045,Randy Mccoy,randy.mccoy10@hotmail.com,(558) 886-3677,57,94139,Male,Teacher,Hypertension,62300
1046,Samantha Cole,samantha.cole95@gmail.com,(764) 085-7216,52,60677,Female,Teacher,Hypertension,62268
1047,Valerie Jenkins,valerie.jenkins88@hotmail.com,(709) 329-9819,53,94138,Female,Data Analyst,Hypertension,83884
1048,Tony Nguyen,tony.nguyen14@gmail.com,(929) 715-0968,41,75262,Male,Cashier,No Condition,30107
1049,Sharon Jefferson,sharon.jefferson10@gmail.com,(275) 327-3524,30,60627,Female,Accountant,Hypertension,54760
1050,Steven Clark,steven.clark66@yahoo.com,(673) 973-2781,27,10041,Male,Graphic Designer,Depression,61618
1051,Shelby Stout,shelby.stout87@gmail.com,(771) 006-8761,42,75215,Female,Cashier,No Condition,35312
1052,Tyler Ware,tyler.ware21@hotmail.com,(119) 807-7046,71,33143,Male,Lawyer,Depression,145108
1053,Jack Moran,jack.moran61@hotmail.com,(676) 112-4912,61,60636,Male,Software Engineer,Hypertension,144816
1054,Jennifer Morgan,jennifer.morgan47@gmail.com,(573) 415-1773,23,60684,Female,Software Engineer,No Condition,104694
1055,Grant Norris,grant.norris44@yahoo.com,(574) 949-0228,44,33143,Male,Cashier,Depression,28890
1056,Allison Beard,allison.beard15@hotmail.com,(354) 429-4774,40,75241,Female,Nurse,No Condition,77070
1057,Patrick Neal,patrick.neal29@gmail.com,(394) 643-0394,69,60684,Male,Graphic Designer,Diabetes,76107
1058,Lauren Green,lauren.green94@hotmail.com,(988) 679-2529,55,94131,Female,Marketing Manager,Diabetes,97129
1059,Ernest Brooks,ernest.brooks46@yahoo.com,(428) 727-6015,39,60636,Male,Cashier,No Condition,30517
1060,Ellen Walker,ellen.walker67@yahoo.com,(491) 357-7908,46,10053,Female,Lawyer,No Condition,226388
1061,Natalie Cox,natalie.cox35@gmail.com,(261) 581-4888,25,33143,Female,Cashier,No Condition,20000
1062,Tracy Brown,tracy.brown72@hotmail.com,(183) 342-3372,69,75262,Female,Graphic Designer,No Condition,62845
1063,Veronica Baker,veronica.baker35@yahoo.com,(413) 128-4033,47,75262,Female,Chef,Asthma,44286
1064,Kevin Perkins,kevin.perkins45@yahoo.com,(218) 051-3717,46,10086,Male,Accountant,Depression,82186
1065,Karen Garcia,karen.garcia82@hotmail.com,(839) 749-0961,43,10041,Female,Graphic Designer,No Condition,53617
1066,Richard Lee,richard.lee36@hotmail.com,(697) 046-9472,31,75241,Male,Teacher,No Condition,42692
1067,Jordan Palmer,jordan.palmer63@hotmail.com,(844) 835-4884,33,75241,Male,Accountant,Diabetes,70894
1068,Ashley Sherman,ashley.sherman32@gmail.com,(770) 587-7221,48,98101,Female,Data Analyst,Asthma,81264
1069,Megan Davis,megan.davis9@yahoo.com,(558) 231-3348,20,10086,Female,Graphic Designer,No Condition,67428
1070,Erica Moreno,erica.moreno37@gmail.com,(349) 392-5236,49,60613,Female,Marketing Manager,Depression,95867
1071,Sarah Bishop,sarah.bishop96@gmail.com,(558) 796-4347,49,10049,Female,Cashier,No Condition,26955
1072,Jacob Torres,jacob.torres59@hotmail.com,(755) 746-9660,18,60613,Male,Accountant,Diabetes,64656
1073,Anthony Ortiz,anthony.ortiz72@hotmail.com,(127) 403-3445,55,60613,Male,Graphic Designer,Hypertension,71923
1074,Frank Gibbs,frank.gibbs3@yahoo.com,(288) 339-8741,18,33143,Male,Cashier,Hypertension,35317
1075,David Nguyen,david.nguyen37@yahoo.com,(797) 067-3499,50,60684,Male,Cashier,Diabetes,35793
1076,Brian Brown,brian.brown83@yahoo.com,(648) 574-1721,40,60613,Non-binary,Physician,Hypertension,261046
1077,Vanessa Oconnor,vanessa.oconnor29@gmail.com,(629) 493-8173,18,33141,Female,Software Engineer,Depression,79193
1078,Laura Farmer,laura.farmer84@yahoo.com,(488) 402-1557,56,98186,Female,Lawyer,No Condition,180662
1079,Cathy Mcdonald,cathy.mcdonald16@yahoo.com,(755) 344-9021,53,33167,Female,Chef,Cancer,37731
1080,Jessica Shaffer,jessica.shaffer6@gmail.com,(680) 850-9608,46,60636,Female,Cashier,No Condition,32654
1081,Rachel Vasquez,rachel.vasquez53@hotmail.com,(951) 191-8182,23,75215,Female,Software Engineer,No Condition,96862
1082,Sarah Miller,sarah.miller60@yahoo.com,(293) 164-7725,46,75262,Female,Software Engineer,No Condition,95440
1083,Christopher Johnston,christopher.johnston21@yahoo.com,(186) 069-4096,21,10041,Male,Marketing Manager,Asthma,63240
1084,Adam Morris,adam.morris27@gmail.com,(343) 958-7395,50,75241,Male,Accountant,Cancer,80026
1085,Colin Hernandez,colin.hernandez34@yahoo.com,(221) 089-0285,30,10006,Male,Physician,No Condition,210753
1086,Garrett Stewart,garrett.stewart53@gmail.com,(133) 426-4335,36,94138,Male,Marketing Manager,No Condition,76499
1087,Brenda Nolan,brenda.nolan3@yahoo.com,(716) 073-6077,22,60681,Female,Software Engineer,No Condition,118141
1088,Christina Wise,christina.wise96@hotmail.com,(211) 289-8123,64,60677,Female,Graphic Designer,Hypertension,72789
1089,Todd Yang,todd.yang58@yahoo.com,(956) 331-8574,43,60677,Male,Marketing Manager,Cancer,94809
1090,Ashley Bryant,ashley.bryant21@gmail.com,(566) 615-5416,24,10041,Female,Chef,No Condition,40051
1091,Crystal Haynes,crystal.haynes24@hotmail.com,(167) 045-0232,51,33141,Female,Teacher,Hypertension,76255
1092,Carl Moore,carl.moore6@hotmail.com,(370) 093-4596,37,10041,Male,Graphic Designer,Hypertension,74296
1093,Jason Thompson,jason.thompson81@hotmail.com,(722) 512-0734,43,60684,Male,Marketing Manager,Depression,85012
1094,Lori Stout,lori.stout70@yahoo.com,(795) 005-0702,50,60613,Female,Software Engineer,Heart Disease,99473
1095,Amber Bennett,amber.bennett90@hotmail.com,(282) 210-5316,56,75262,Female,Electrician,Diabetes,82970
1096,Brian Alvarez,brian.alvarez91@yahoo.com,(387) 290-4774,27,98101,Male,Teacher,No Condition,59921
1097,Frank Fernandez,frank.fernandez62@hotmail.com,(317) 793-2382,30,10041,Male,Physician,No Condition,182267
1098,Darius Miller,darius.miller93@gmail.com,(664) 913-3424,26,60684,Male,Software Engineer,Asthma,83429
1099,Michelle Murray,michelle.murray94@hotmail.com,(188) 942-5652,40,60622,Female,Graphic Designer,Hypertension,62723
1100,Paul Marsh,paul.marsh89@hotmail.com,(603) 202-0326,50,33130,Male,Electrician,Arthritis,70467
1101,Alexandra Castillo,alexandra.castillo89@yahoo.com,(839) 673-7948,54,75247,Female,Cashier,Asthma,28706
1102,Autumn Ramirez,autumn.ramirez58@hotmail.com,(655) 245-7871,58,60613,Female,Chef,No Condition,67261
1103,Phillip Baker,phillip.baker52@yahoo.com,(960) 821-3711,47,94131,Male,Cashier,Arthritis,35393
1104,Micheal Martinez,micheal.martinez20@yahoo.com,(447) 681-8268,54,98193,Male,Lawyer,Heart Disease,132123
1105,Charles Becker,charles.becker87@gmail.com,(935) 892-9880,37,10040,Male,Teacher,Cancer,68441
1106,Heidi Hall,heidi.hall1@hotmail.com,(725) 212-9328,58,75290,Female,Data Analyst,Depression,90756
1107,Shannon Ramirez,shannon.ramirez37@yahoo.com,(146) 867-7524,33,94131,Female,Nurse,No Condition,84121
1108,Angela Erickson,angela.erickson37@hotmail.com,(843) 991-0622,21,33141,Female,Cashier,No Condition,25430
1109,Samantha Duran,samantha.duran54@gmail.com,(462) 669-3351,58,10082,Female,Chef,No Condition,62552
1110,Victor Hill,victor.hill48@yahoo.com,(219) 237-2450,49,75256,Male,Electrician,Depression,63612
1111,Joseph Warren,joseph.warren80@hotmail.com,(397) 374-1897,39,33119,Male,Accountant,No Condition,74645
1112,Andrea Werner,andrea.werner46@hotmail.com,(354) 064-1769,42,98118,Female,Electrician,No Condition,67938
1113,Sherri Holt,sherri.holt39@yahoo.com,(843) 811-9953,41,60613,Female,Software Engineer,Arthritis,75634
1114,Sara Richmond,sara.richmond26@yahoo.com,(601) 444-8564,31,98118,Female,Cashier,Hypertension,38325
1115,Angela Garcia,angela.garcia47@yahoo.com,(939) 739-6417,41,75215,Female,Data Analyst,Hypertension,65507
1116,Lisa Cunningham,lisa.cunningham3@hotmail.com,(286) 091-9191,26,75262,Female,Marketing Manager,Hypertension,102745
1117,Tracy Allen,tracy.allen31@hotmail.com,(196) 605-7798,27,75215,Female,Accountant,Asthma,94210
1118,Todd Li,todd.li6@hotmail.com,(760) 392-0514,39,10082,Male,Teacher,No Condition,49786
1119,Robert Daniel,robert.daniel13@yahoo.com,(555) 534-7057,51,75256,Male,Teacher,No Condition,66379
1120,Randy Martin,randy.martin23@hotmail.com,(985) 652-7155,37,10082,Male,Teacher,Hypertension,68276
1121,Natalie Huff,natalie.huff11@gmail.com,(754) 116-5972,44,98101,Female,Teacher,Arthritis,56731
1122,Christina Chase,christina.chase13@yahoo.com,(455) 752-2501,34,33111,Female,Software Engineer,No Condition,132229
1123,Lauren Stout,lauren.stout56@hotmail.com,(284) 882-6913,48,60666,Female,Cashier,No Condition,36674
1124,Brandon Harper,brandon.harper66@hotmail.com,(264) 258-5626,29,98118,Male,Chef,No Condition,36213
1125,Ryan Doyle,ryan.doyle9@yahoo.com,(399) 153-7038,41,10082,Male,Marketing Manager,Arthritis,84102
1126,Mary Hill,mary.hill29@yahoo.com,(433) 337-3204,51,10006,Female,Teacher,Arthritis,61204
1127,Traci Mathews,traci.mathews65@yahoo.com,(776) 889-3628,47,60677,Female,Nurse,No Condition,61545
1128,Lori Oneal,lori.oneal3@yahoo.com,(645) 465-5358,31,94139,Female,Data Analyst,Diabetes,90997
1129,Billy Steele,billy.steele4@yahoo.com,(238) 921-8785,38,75262,Male,Physician,Cancer,109325
1130,Robert Munoz,robert.munoz37@hotmail.com,(858) 374-9079,29,94138,Male,Electrician,Arthritis,45876
1131,Kathleen Graham,kathleen.graham41@gmail.com,(608) 780-5721,37,98158,Female,Cashier,No Condition,30513
1132,Ana Higgins,ana.higgins57@hotmail.com,(540) 976-2637,44,75215,Female,Marketing Manager,No Condition,87177
1133,Kimberly Leonard,kimberly.leonard34@yahoo.com,(139) 862-8950,60,75215,Female,Lawyer,Heart Disease,119078
1134,Michael Howard,michael.howard29@gmail.com,(319) 186-2339,43,94138,Male,Software Engineer,Cancer,95958
1135,Russell Johnson,russell.johnson38@yahoo.com,(815) 116-9666,40,75241,Male,Chef,No Condition,57679
1136,Charles Cooper,charles.cooper83@gmail.com,(745) 264-7124,18,98101,Male,Electrician,No Condition,43583
1137,Christina Bell,christina.bell6@hotmail.com,(915) 718-4090,33,75241,Female,Nurse,No Condition,82913
1138,Anthony Brooks,anthony.brooks33@gmail.com,(608) 005-6409,30,75262,Male,Nurse,No Condition,82452
1139,Scott Sosa,scott.sosa21@gmail.com,(697) 283-5129,53,75256,Male,Data Analyst,Diabetes,74347
1140,Audrey Vance,audrey.vance75@hotmail.com,(528) 270-9081,50,98193,Non-binary,Data Analyst,Heart Disease,52154
1141,Timothy Rodriguez,timothy.rodriguez42@hotmail.com,(629) 821-7392,43,98158,Male,Data Analyst,No Condition,81675
1142,Todd Mcfarland,todd.mcfarland62@hotmail.com,(467) 181-5352,39,60684,Male,Graphic Designer,Arthritis,59086
1143,Susan Henry,susan.henry65@yahoo.com,(905) 079-1815,63,75262,Non-binary,Software Engineer,Diabetes,113630
1144,Kristine Park,kristine.park66@hotmail.com,(768) 345-2734,18,60677,Female,Software Engineer,No Condition,85242
1145,Jared Bennett,jared.bennett39@yahoo.com,(807) 158-7964,30,60622,Male,Lawyer,Diabetes,163952
1146,Willie Townsend,willie.townsend25@hotmail.com,(308) 031-4998,44,33143,Male,Marketing Manager,Hypertension,104006
1147,Martin Stevenson,martin.stevenson66@hotmail.com,(900) 463-5806,18,75241,Male,Teacher,No Condition,54844
1148,Joseph Thompson,joseph.thompson46@yahoo.com,(803) 172-3513,35,10082,Male,Electrician,Depression,79328
1149,Daniel Bowman,daniel.bowman42@gmail.com,(706) 314-0352,63,10082,Male,Teacher,Hypertension,89833
1150,Ronald Watson,ronald.watson20@yahoo.com,(502) 293-9469,39,33143,Male,Data Analyst,No Condition,71056
1151,Daniel Johns,daniel.johns61@hotmail.com,(546) 066-6437,46,94138,Male,Cashier,No Condition,35235
1152,Kyle Sims,kyle.sims24@yahoo.com,(207) 231-1127,43,94131,Male,Physician,Depression,232888
1153,Catherine Murphy,catherine.murphy1@hotmail.com,(246) 484-4941,47,60684,Female,Physician,No Condition,199107
1154,Jennifer Blackwell,jennifer.blackwell54@gmail.com,(218) 732-8077,21,94138,Female,Chef,No Condition,52697
1155,Brian Johnson,brian.johnson45@yahoo.com,(821) 136-9572,34,98101,Male,Nurse,Asthma,77945
1156,Kyle Williams,kyle.williams56@hotmail.com,(333) 509-0254,60,94139,Male,Graphic Designer,No Condition,77839
1157,Gregory Gonzalez,gregory.gonzalez78@hotmail.com,(406) 624-8132,35,75241,Male,Teacher,Heart Disease,47169
1158,George Griffith,george.griffith9@gmail.com,(971) 398-4822,58,75247,Male,Nurse,Hypertension,90655
1159,Victor Brown,victor.brown85@hotmail.com,(116) 880-9255,36,75262,Male,Electrician,Asthma,50892
1160,Briana Garcia,briana.garcia95@gmail.com,(106) 090-6913,34,94138,Female,Marketing Manager,No Condition,69555
1161,Kristy Jones,kristy.jones5@hotmail.com,(579) 649-6737,36,60613,Female,Physician,Hypertension,155760
1162,Gregory Travis,gregory.travis38@yahoo.com,(772) 785-3242,53,75256,Male,Teacher,No Condition,68573
1163,Zachary Macias,zachary.macias85@yahoo.com,(706) 420-7683,30,60684,Male,Electrician,Diabetes,46817
1164,Beth Sims,beth.sims58@gmail.com,(666) 677-7675,56,94131,Female,Marketing Manager,Hypertension,91033
1165,Gabriel Ross,gabriel.ross56@hotmail.com,(883) 333-9395,51,75262,Male,Data Analyst,No Condition,76823
1166,Kimberly Gallagher,kimberly.gallagher97@yahoo.com,(554) 362-7187,30,10040,Female,Cashier,No Condition,20000
1167,Tanner Sosa,tanner.sosa26@hotmail.com,(760) 335-8268,18,60681,Male,Chef,No Condition,41232
1168,Catherine Ramos,catherine.ramos71@hotmail.com,(436) 924-9269,26,60684,Female,Accountant,No Condition,68906
1169,Brittany Stewart,brittany.stewart26@gmail.com,(227) 599-8011,29,33143,Female,Accountant,Asthma,66131
1170,Alex Mora,alex.mora54@gmail.com,(651) 553-2341,71,75262,Male,Cashier,No Condition,40580
1171,Marcus Stewart,marcus.stewart88@yahoo.com,(375) 244-1822,87,94131,Male,Software Engineer,Asthma,111376
1172,Jennifer Patel,jennifer.patel49@hotmail.com,(862) 887-4312,37,10082,Female,Nurse,Hypertension,62632
1173,Brent Williams,brent.williams4@yahoo.com,(376) 720-9579,49,98158,Male,Graphic Designer,No Condition,67080
1174,Jermaine Smith,jermaine.smith64@yahoo.com,(595) 515-1229,52,10082,Male,Teacher,Hypertension,57393
1175,Megan Rangel,megan.rangel47@gmail.com,(735) 415-9709,34,98118,Female,Software Engineer,No Condition,101481
1176,Wendy Diaz,wendy.diaz65@yahoo.com,(438) 480-7520,66,10006,Female,Graphic Designer,Hypertension,59391
1177,Melody Baker,melody.baker79@yahoo.com,(150) 471-5802,32,98101,Female,Data Analyst,Depression,88539
1178,Morgan Smith,morgan.smith93@yahoo.com,(937) 660-4655,22,98158,Female,Data Analyst,Depression,75136
1179,Sarah Mueller,sarah.mueller77@yahoo.com,(252) 548-3744,38,10082,Female,Chef,Asthma,38485
1180,Thomas Sellers,thomas.sellers97@gmail.com,(658) 102-1312,28,33143,Male,Lawyer,No Condition,94232
1181,Austin Armstrong,austin.armstrong22@gmail.com,(811) 005-9129,49,60627,Male,Electrician,No Condition,50650
1182,Lynn Rivera,lynn.rivera1@hotmail.com,(219) 102-3121,38,60666,Female,Nurse,Diabetes,68759
1183,Aaron Moody,aaron.moody72@gmail.com,(830) 165-8373,60,33130,Male,Electrician,Arthritis,73040
1184,Larry Lopez,larry.lopez36@yahoo.com,(590) 728-0123,49,98118,Male,Marketing Manager,Cancer,65647
1185,Charles Weaver,charles.weaver59@gmail.com,(511) 325-3269,48,60677,Male,Nurse,Arthritis,91964
1186,Kyle Hunter,kyle.hunter83@yahoo.com,(336) 453-8044,41,75241,Male,Cashier,Depression,30771
1187,Amy Brown,amy.brown57@yahoo.com,(609) 617-0159,77,10082,Female,Marketing Manager,Diabetes,105500
1188,Michael Jacobs,michael.jacobs84@gmail.com,(894) 575-7574,39,98118,Male,Lawyer,Cancer,212277
1189,Erik Duarte,erik.duarte68@gmail.com,(739) 205-6775,37,98193,Male,Graphic Designer,No Condition,58829
1190,Julie Nolan,julie.nolan40@yahoo.com,(722) 660-2562,25,75241,Female,Lawyer,Heart Disease,147908
1191,Jacob Hamilton,jacob.hamilton33@hotmail.com,(322) 923-1067,49,60662,Male,Data Analyst,No Condition,63686
1192,Denise Gonzalez,denise.gonzalez85@yahoo.com,(862) 484-3379,24,98118,Female,Nurse,Asthma,78963
1193,Jessica Valentine,jessica.valentine41@gmail.com,(370) 511-5794,52,75262,Female,Electrician,Heart Disease,76022
1194,Cynthia Harding,cynthia.harding54@gmail.com,(267) 042-5496,61,10086,Female,Nurse,Heart Disease,93577
1195,Kyle Moreno,kyle.moreno57@yahoo.com,(752) 597-1075,51,60684,Male,Graphic Designer,Hypertension,60987
1196,David Blackburn,david.blackburn62@hotmail.com,(335) 748-5953,45,75215,Male,Graphic Designer,Diabetes,51348
1197,Vincent Harrington,vincent.harrington15@hotmail.com,(639) 933-7970,38,10086,Male,Lawyer,Hypertension,129570
1198,Jorge Davis,jorge.davis56@gmail.com,(895) 187-7941,55,60613,Male,Teacher,Diabetes,51271
1199,Jean Lee,jean.lee77@yahoo.com,(825) 073-3055,71,98158,Female,Electrician,Hypertension,66479
1200,Kristina Bowers,kristina.bowers21@yahoo.com,(575) 983-3991,38,75241,Female,Chef,Diabetes,38831
1201,Nicholas Moss,nicholas.moss88@gmail.com,(488) 436-6044,41,75241,Male,Nurse,Depression,91885
1202,Brianna Johnson,brianna.johnson70@hotmail.com,(861) 572-7682,39,10041,Female,Teacher,Arthritis,57913
1203,Peter Rodriguez,peter.rodriguez20@yahoo.com,(674) 397-4292,30,94179,Male,Graphic Designer,No Condition,66516
1204,Tyler Martinez,tyler.martinez53@yahoo.com,(687) 525-6806,25,98158,Male,Data Analyst,No Condition,53224
1205,Jennifer Nguyen,jennifer.nguyen76@gmail.com,(245) 990-8027,35,98127,Female,Data Analyst,No Condition,93964
1206,Timothy Taylor,timothy.taylor13@gmail.com,(682) 315-5516,53,60684,Male,Graphic Designer,Cancer,60741
1207,Paul Vasquez,paul.vasquez82@hotmail.com,(308) 662-8137,31,98193,Male,Data Analyst,Depression,55504
1208,Ashley Pruitt,ashley.pruitt52@yahoo.com,(133) 080-0370,50,10086,Female,Nurse,Asthma,70445
1209,Colleen Hall,colleen.hall55@gmail.com,(828) 556-6084,43,98101,Female,Cashier,Arthritis,32239
1210,Allison Espinoza,allison.espinoza29@yahoo.com,(881) 039-0339,18,94138,Female,Cashier,No Condition,27913
1211,Adrienne Miles,adrienne.miles87@hotmail.com,(558) 263-2809,34,60677,Female,Teacher,Diabetes,50491
1212,Derek Brooks,derek.brooks20@yahoo.com,(223) 945-3546,34,98118,Male,Physician,No Condition,245779
1213,Matthew Hayes,matthew.hayes30@yahoo.com,(498) 632-1061,44,75256,Male,Nurse,No Condition,90543
1214,Curtis Hudson,curtis.hudson55@hotmail.com,(543) 945-7039,59,33143,Male,Electrician,Hypertension,72587
1215,Claire Johnson,claire.johnson88@gmail.com,(332) 537-6576,40,33183,Female,Electrician,Diabetes,63937
1216,Tammie Castillo,tammie.castillo10@hotmail.com,(143) 191-0090,70,60666,Female,Nurse,Hypertension,82699
1217,Theresa Conrad,theresa.conrad20@yahoo.com,(776) 921-0533,64,94139,Female,Marketing Manager,Arthritis,96285
1218,Patrick Watson,patrick.watson23@yahoo.com,(460) 401-4247,40,98101,Male,Cashier,Hypertension,35620
1219,Bryan Fields,bryan.fields95@hotmail.com,(907) 201-1379,42,33143,Male,Electrician,No Condition,67780
1220,Denise Johnson,denise.johnson88@hotmail.com,(871) 231-6600,40,10021,Female,Teacher,No Condition,53148
1221,Jeffrey Owens,jeffrey.owens49@gmail.com,(109) 014-4734,33,75241,Male,Lawyer,Arthritis,86135
1222,Megan Richmond,megan.richmond62@gmail.com,(137) 009-6873,46,33167,Female,Data Analyst,No Condition,93501
1223,Dustin Davis,dustin.davis15@yahoo.com,(677) 825-5882,43,33143,Male,Nurse,No Condition,67230
1224,Nicholas Reed,nicholas.reed97@gmail.com,(796) 575-4278,44,98101,Male,Teacher,Asthma,68857
1225,Heather Reynolds,heather.reynolds23@hotmail.com,(642) 557-7820,31,75262,Female,Electrician,Depression,69086
1226,Jonathan Heath,jonathan.heath24@hotmail.com,(229) 582-9236,50,60681,Male,Chef,No Condition,52118
1227,Samantha Gilmore,samantha.gilmore16@hotmail.com,(480) 819-0482,49,75241,Female,Nurse,Arthritis,70619
1228,Melinda French,melinda.french16@yahoo.com,(615) 586-8639,45,10053,Female,Chef,Asthma,50068
1229,Paul Watts,paul.watts88@gmail.com,(237) 230-8172,47,98158,Male,Teacher,No Condition,69416
1230,Michael Parker,michael.parker6@yahoo.com,(243) 813-0004,54,94192,Male,Software Engineer,No Condition,113806
1231,Christine Carey,christine.carey60@hotmail.com,(511) 471-6560,63,60613,Female,Cashier,Hypertension,30631
1232,Greg Brooks,greg.brooks82@yahoo.com,(869) 979-9070,46,98127,Male,Marketing Manager,Arthritis,76880
1233,Francisco Johnson,francisco.johnson65@hotmail.com,(176) 816-9957,51,94131,Male,Data Analyst,Heart Disease,106748
1234,James Estes,james.estes72@gmail.com,(674) 811-3176,61,94138,Male,Cashier,Hypertension,31735
1235,David Riggs,david.riggs7@gmail.com,(354) 873-9610,39,94145,Male,Software Engineer,No Condition,122955
1236,Linda Leonard,linda.leonard59@gmail.com,(987) 182-7496,59,60684,Female,Cashier,Diabetes,38622
1237,Matthew Williams,matthew.williams45@hotmail.com,(618) 727-4204,33,75241,Male,Nurse,No Condition,79243
1238,Jessica Mcdaniel,jessica.mcdaniel68@gmail.com,(537) 730-6260,39,60666,Female,Accountant,No Condition,71132
1239,Catherine Peterson,catherine.peterson42@hotmail.com,(197) 371-1222,18,98158,Female,Chef,No Condition,47636
1240,Jeffrey Richardson,jeffrey.richardson66@hotmail.com,(560) 858-1670,52,33143,Male,Chef,Hypertension,42047
1241,Jeffrey Miles,jeffrey.miles96@gmail.com,(211) 457-6832,54,10082,Male,Chef,Hypertension,62365
1242,Allison Miller,allison.miller4@gmail.com,(737) 858-4712,60,75262,Female,Accountant,Depression,71258
1243,Brian Williams,brian.williams69@gmail.com,(224) 260-5080,51,75241,Male,Lawyer,Diabetes,170044
1244,Kelly Adams,kelly.adams58@hotmail.com,(804) 253-7337,49,33143,Female,Marketing Manager,Heart Disease,109388
1245,Karen Garcia,karen.garcia30@yahoo.com,(988) 122-8217,38,10086,Female,Software Engineer,Cancer,117885
1246,Wanda Jones,wanda.jones62@gmail.com,(636) 534-6060,57,33180,Female,Physician,No Condition,236272
1247,Phyllis Johnson,phyllis.johnson3@hotmail.com,(756) 793-2798,39,98118,Female,Accountant,Diabetes,58954
1248,Debbie Campos,debbie.campos16@gmail.com,(739) 847-1690,57,75215,Non-binary,Teacher,Diabetes,53013
1249,Andrea Miller,andrea.miller27@gmail.com,(605) 464-7548,37,75241,Female,Electrician,Heart Disease,53463
1250,Thomas Wyatt,thomas.wyatt21@yahoo.com,(887) 698-9992,39,94131,Male,Electrician,No Condition,50825
1251,George Holt,george.holt34@yahoo.com,(988) 914-4449,25,33143,Male,Teacher,Asthma,58636
1252,Darren Mcintosh,darren.mcintosh38@yahoo.com,(539) 354-3586,65,75241,Male,Software Engineer,Diabetes,146019
1253,Deborah Coleman,deborah.coleman86@hotmail.com,(439) 243-5885,27,94145,Female,Data Analyst,Depression,50275
1254,Rebecca Perkins,rebecca.perkins97@gmail.com,(414) 339-5275,59,60613,Female,Cashier,Depression,35599
1255,Jenna Love,jenna.love14@hotmail.com,(778) 524-9141,39,60627,Female,Software Engineer,Arthritis,84886
1256,Robin Riggs,robin.riggs50@gmail.com,(713) 477-8948,26,10053,Female,Nurse,Diabetes,63589
1257,Christina Williams,christina.williams15@yahoo.com,(379) 176-6512,54,75262,Female,Nurse,Asthma,75670
1258,Bryce Wolf,bryce.wolf34@gmail.com,(701) 418-8421,48,98186,Male,Marketing Manager,Depression,95355
1259,Daniel Vance,daniel.vance40@hotmail.com,(400) 159-4463,45,60613,Male,Cashier,No Condition,26807
1260,Daniel Munoz,daniel.munoz79@yahoo.com,(385) 320-8953,62,10086,Male,Teacher,No Condition,66694
1261,Renee Bryan,renee.bryan97@gmail.com,(289) 021-9947,60,10041,Female,Graphic Designer,No Condition,66772
1262,Anna Bruce,anna.bruce93@gmail.com,(437) 922-3410,39,75241,Female,Electrician,Asthma,58681
1263,Megan Graham,megan.graham35@hotmail.com,(367) 331-1677,45,94145,Female,Teacher,Hypertension,60235
1264,Patrick Cruz,patrick.cruz83@hotmail.com,(660) 843-7685,25,75262,Male,Teacher,No Condition,57197
1265,Alex Romero,alex.romero51@yahoo.com,(779) 352-1962,57,60684,Male,Physician,No Condition,231447
1266,Christine Edwards,christine.edwards78@yahoo.com,(443) 436-9709,47,75256,Female,Lawyer,No Condition,136964
1267,Maria Brown,maria.brown12@hotmail.com,(806) 955-6076,52,98193,Female,Teacher,Asthma,60724
1268,Susan Davis,susan.davis70@yahoo.com,(953) 454-7223,44,98118,Female,Electrician,No Condition,66552
1269,Linda Patrick,linda.patrick78@gmail.com,(165) 031-2198,57,75241,Female,Nurse,Hypertension,93781
1270,Danielle Fox,danielle.fox16@yahoo.com,(572) 426-4236,22,60684,Female,Accountant,Arthritis,64828
1271,Christopher Jones,christopher.jones1@gmail.com,(490) 924-8762,30,60613,Male,Electrician,Diabetes,66316
1272,Alan Ali,alan.ali56@hotmail.com,(611) 142-8178,49,94138,Male,Data Analyst,Depression,57943
1273,Miranda Hernandez,miranda.hernandez94@gmail.com,(130) 524-8088,38,75241,Female,Software Engineer,Arthritis,94540
1274,Jennifer Jackson,jennifer.jackson74@yahoo.com,(822) 395-9473,73,10053,Female,Graphic Designer,Hypertension,81194
1275,Christopher Rodriguez,christopher.rodriguez57@gmail.com,(929) 016-2047,20,98158,Male,Teacher,Asthma,51449
1276,Rebecca Byrd,rebecca.byrd1@yahoo.com,(788) 687-8599,18,75241,Female,Marketing Manager,Asthma,83182
1277,Nicole Mills,nicole.mills22@yahoo.com,(528) 720-3195,37,75241,Female,Cashier,Heart Disease,27473
1278,Brian Strong,brian.strong78@yahoo.com,(764) 505-7303,18,75253,Male,Nurse,No Condition,73311
1279,Patricia Christensen,patricia.christensen90@yahoo.com,(592) 463-2037,34,75262,Female,Marketing Manager,Depression,78507
1280,John Owens,john.owens45@yahoo.com,(553) 726-0321,28,33114,Male,Software Engineer,Hypertension,106287
1281,James Bell,james.bell45@yahoo.com,(861) 945-8870,18,33111,Male,Software Engineer,No Condition,135906
1282,Barry Rivera,barry.rivera58@yahoo.com,(982) 012-8400,62,94131,Male,Marketing Manager,No Condition,105276
1283,Colleen Meyer,colleen.meyer35@gmail.com,(676) 597-5954,60,75256,Female,Marketing Manager,Diabetes,96914
1284,Anthony Black,anthony.black45@gmail.com,(377) 680-8981,36,10082,Male,Nurse,Asthma,69370
1285,Timothy Gray,timothy.gray95@hotmail.com,(774) 223-1964,36,60613,Male,Data Analyst,Asthma,83518
1286,Daniel Williams,daniel.williams22@gmail.com,(523) 693-6268,56,33167,Male,Electrician,No Condition,77884
1287,Wanda Clark,wanda.clark9@gmail.com,(220) 471-3727,37,60613,Female,Cashier,No Condition,36377
1288,Bobby Stevens,bobby.stevens92@yahoo.com,(995) 749-8855,36,94138,Male,Lawyer,Hypertension,132782
1289,Christopher Fleming,christopher.fleming91@hotmail.com,(598) 493-3067,66,94131,Male,Nurse,Diabetes,94184
1290,Garrett Hicks,garrett.hicks63@yahoo.com,(460) 944-1283,46,98158,Male,Software Engineer,No Condition,92894
1291,Spencer Wright,spencer.wright63@gmail.com,(518) 856-6695,60,94131,Male,Marketing Manager,Arthritis,110931
1292,Angela Martin,angela.martin68@yahoo.com,(115) 066-6267,52,60677,Female,Data Analyst,Diabetes,94291
1293,Felicia Wood,felicia.wood83@yahoo.com,(537) 769-3663,38,60684,Female,Graphic Designer,No Condition,55119
1294,Dana Ballard,dana.ballard42@yahoo.com,(129) 596-1111,34,75241,Female,Electrician,No Condition,61218
1295,Chris Patterson,chris.patterson60@gmail.com,(620) 072-0245,25,10041,Male,Cashier,Asthma,31125
1296,Mary Miller,mary.miller97@gmail.com,(445) 109-1090,63,10041,Female,Marketing Manager,Cancer,103348
1297,Richard Prince,richard.prince73@yahoo.com,(314) 949-8194,38,60684,Male,Software Engineer,Hypertension,132839
1298,Austin Obrien,austin.obrien13@yahoo.com,(628) 179-3406,40,10082,Male,Physician,No Condition,149916
1299,Maurice Neal,maurice.neal53@yahoo.com,(458) 446-6345,51,60684,Male,Electrician,Hypertension,78673
1300,David Hernandez,david.hernandez17@gmail.com,(301) 091-2172,53,10041,Male,Software Engineer,Hypertension,104419
1301,Miranda Campbell,miranda.campbell46@yahoo.com,(559) 376-6189,37,75215,Female,Software Engineer,No Condition,103041
1302,Timothy Clark,timothy.clark13@yahoo.com,(505) 263-5100,37,10082,Male,Physician,Asthma,142703
1303,Jean Hess,jean.hess67@yahoo.com,(165) 725-6592,47,98158,Female,Teacher,No Condition,60551
1304,Sean Martin,sean.martin50@yahoo.com,(861) 752-0238,37,94139,Male,Accountant,No Condition,68713
1305,Tina Solomon,tina.solomon74@hotmail.com,(126) 005-5955,46,75241,Female,Software Engineer,No Condition,103560
1306,Ashley Ingram,ashley.ingram33@hotmail.com,(433) 258-4868,58,94138,Female,Cashier,Heart Disease,30694
1307,Jessica Dodson,jessica.dodson51@gmail.com,(179) 848-7045,31,75262,Female,Lawyer,No Condition,134149
1308,Jason Sims,jason.sims71@gmail.com,(876) 799-3593,45,94192,Male,Data Analyst,No Condition,94773
1309,Dennis Snow,dennis.snow15@gmail.com,(439) 464-0830,40,94138,Male,Physician,Diabetes,266738
1310,Trevor Cole,trevor.cole66@yahoo.com,(906) 014-8860,25,98158,Male,Cashier,Asthma,29257
1311,Sean Oconnor,sean.oconnor50@hotmail.com,(249) 079-3884,48,75253,Male,Nurse,No Condition,67794
1312,Sarah Frost,sarah.frost44@yahoo.com,(485) 283-0615,42,75215,Female,Nurse,Asthma,65556
1313,Travis Smith,travis.smith85@gmail.com,(642) 446-2632,40,75262,Male,Teacher,Diabetes,52578
1314,Anne Huynh,anne.huynh81@yahoo.com,(588) 112-1031,31,33143,Female,Data Analyst,No Condition,69998
1315,Vincent Wilson,vincent.wilson73@yahoo.com,(551) 887-8179,49,75256,Male,Electrician,Depression,72683
1316,Rachel Kelly,rachel.kelly13@gmail.com,(252) 638-4091,41,75262,Female,Graphic Designer,Arthritis,79875
1317,Carla Peterson,carla.peterson35@hotmail.com,(983) 750-5661,72,75262,Female,Cashier,Hypertension,33546
1318,Ricardo Powell,ricardo.powell31@gmail.com,(739) 791-3787,40,75215,Male,Chef,Asthma,47842
1319,Erica Wood,erica.wood50@gmail.com,(707) 309-5055,53,10049,Female,Electrician,Asthma,65403
1320,Paul Smith,paul.smith18@yahoo.com,(371) 219-8819,61,75241,Male,Cashier,Heart Disease,31656
1321,John Spencer,john.spencer39@hotmail.com,(551) 905-3486,45,33143,Male,Cashier,Depression,29004
1322,Amanda Rodriguez,amanda.rodriguez14@yahoo.com,(624) 624-5618,33,98158,Female,Teacher,No Condition,53340
1323,Angela Parker,angela.parker39@yahoo.com,(260) 045-2128,38,98186,Female,Graphic Designer,No Condition,61084
1324,Jack Davis,jack.davis54@yahoo.com,(155) 129-3913,43,75262,Male,Electrician,Hypertension,72555
1325,Donald Skinner,donald.skinner83@hotmail.com,(781) 898-4841,44,75241,Male,Electrician,Depression,43755
1326,Paul Williams,paul.williams40@yahoo.com,(215) 402-1190,36,98186,Male,Cashier,Asthma,31484
1327,Stephanie Williams,stephanie.williams79@yahoo.com,(668) 142-9831,39,94145,Female,Data Analyst,Diabetes,71969
1328,Caroline Wong,caroline.wong63@hotmail.com,(110) 732-2836,44,75256,Female,Cashier,No Condition,32388
1329,Michael Golden,michael.golden52@hotmail.com,(437) 830-6396,34,60627,Male,Nurse,No Condition,70399
1330,Samantha Carter,samantha.carter12@gmail.com,(769) 694-4391,35,60677,Female,Graphic Designer,No Condition,71405
1331,Dawn Jacobs,dawn.jacobs86@gmail.com,(216) 934-2929,22,60677,Female,Accountant,No Condition,77962
1332,Walter Wright,walter.wright44@hotmail.com,(203) 301-6234,38,33111,Male,Nurse,Depression,76409
1333,Kenneth Pearson,kenneth.pearson66@hotmail.com,(210) 615-3722,43,60677,Male,Teacher,Depression,54608
1334,Sheila Nguyen,sheila.nguyen74@yahoo.com,(468) 473-2365,42,60677,Female,Marketing Manager,No Condition,96929
1335,Sheila Hodge,sheila.hodge62@hotmail.com,(837) 746-0406,60,60666,Female,Software Engineer,Arthritis,100182
1336,Christopher Harrington,christopher.harrington80@gmail.com,(578) 436-1424,55,10006,Male,Cashier,Heart Disease,33245
1337,Christopher Hammond,christopher.hammond89@yahoo.com,(581) 975-4373,34,10041,Male,Nurse,No Condition,79952
1338,Sara Stuart,sara.stuart71@yahoo.com,(427) 372-0376,31,94140,Female,Marketing Manager,No Condition,91025
1339,Victoria Arnold,victoria.arnold41@hotmail.com,(521) 458-4148,41,75225,Female,Electrician,No Condition,73866
1340,Nicole Smith,nicole.smith24@hotmail.com,(313) 443-8998,59,98118,Female,Electrician,Hypertension,85550
1341,Lori Madden,lori.madden83@gmail.com,(420) 586-9507,61,10006,Female,Software Engineer,Heart Disease,126532
1342,Chelsea Oconnor,chelsea.oconnor6@hotmail.com,(664) 493-6999,35,33143,Female,Marketing Manager,Diabetes,65102
1343,Anne Ruiz,anne.ruiz50@gmail.com,(835) 055-7385,25,10086,Female,Teacher,No Condition,52832
1344,Darren Bernard,darren.bernard28@gmail.com,(711) 923-6037,18,94138,Male,Chef,No Condition,54882
1345,Kimberly Rodgers,kimberly.rodgers78@gmail.com,(587) 233-3510,20,60684,Female,Accountant,No Condition,67776
1346,Alexandra Matthews,alexandra.matthews63@gmail.com,(249) 731-5391,58,33143,Female,Cashier,Diabetes,33293
1347,Renee Moody,renee.moody8@hotmail.com,(730) 748-2073,37,98158,Female,Lawyer,No Condition,109231
1348,Stacy Garcia,stacy.garcia88@hotmail.com,(993) 940-6557,48,60627,Female,Graphic Designer,Hypertension,68484
1349,Melissa Johnson,melissa.johnson20@gmail.com,(490) 432-2302,40,75262,Female,Software Engineer,No Condition,81521
1350,Samantha Gonzalez,samantha.gonzalez52@yahoo.com,(670) 739-2013,38,98118,Female,Accountant,Cancer,58770
1351,Lori Beard,lori.beard86@yahoo.com,(162) 127-6025,51,10053,Female,Data Analyst,Asthma,67111
1352,Joseph Cohen,joseph.cohen36@yahoo.com,(411) 231-2616,18,60684,Male,Teacher,No Condition,39003
1353,Michael Martin,michael.martin38@hotmail.com,(988) 899-5729,33,75256,Male,Lawyer,Asthma,170937
1354,Donna Lewis,donna.lewis57@yahoo.com,(162) 974-5493,47,75262,Non-binary,Lawyer,Hypertension,159463
1355,Christina Phillips,christina.phillips31@hotmail.com,(971) 912-0381,22,60677,Female,Electrician,No Condition,55143
1356,John Blankenship,john.blankenship20@hotmail.com,(920) 828-3230,48,75241,Male,Cashier,No Condition,43477
1357,Shannon Stephens,shannon.stephens43@gmail.com,(538) 815-8814,34,60681,Female,Accountant,No Condition,85719
1358,Gary Taylor,gary.taylor68@gmail.com,(806) 732-3182,40,10053,Male,Nurse,Hypertension,69184
1359,Benjamin Le,benjamin.le91@hotmail.com,(115) 724-5000,40,60666,Male,Nurse,Hypertension,87612
1360,Reginald Vazquez,reginald.vazquez65@hotmail.com,(201) 529-1137,34,98158,Male,Nurse,Hypertension,78089
1361,Jessica Shannon,jessica.shannon57@hotmail.com,(950) 902-5561,50,60613,Female,Accountant,Hypertension,90459
1362,Debbie Goodwin,debbie.goodwin72@yahoo.com,(821) 829-9874,71,94131,Non-binary,Accountant,Cancer,86456
1363,Joseph Tate,joseph.tate14@gmail.com,(924) 890-5670,18,75262,Male,Marketing Manager,Depression,90586
1364,Jeffrey Johnson,jeffrey.johnson56@hotmail.com,(900) 436-5515,49,98101,Male,Nurse,No Condition,92593
1365,Denise Hernandez,denise.hernandez4@yahoo.com,(691) 362-4835,49,94138,Female,Electrician,Asthma,71876
1366,Mary Diaz,mary.diaz10@gmail.com,(496) 080-7063,41,60622,Female,Data Analyst,Arthritis,68468
1367,Jason Chase,jason.chase6@hotmail.com,(179) 509-8221,37,75215,Male,Nurse,No Condition,64867
1368,Derek Williams,derek.williams67@gmail.com,(364) 818-8044,25,60677,Male,Accountant,No Condition,78306
1369,Kimberly Wells,kimberly.wells73@gmail.com,(383) 638-1643,18,60683,Female,Teacher,Depression,60258
1370,Megan Thomas,megan.thomas46@yahoo.com,(194) 289-4642,23,94131,Female,Teacher,No Condition,39320
1371,David Barnes,david.barnes71@hotmail.com,(825) 863-1441,39,75241,Male,Software Engineer,Cancer,117950
1372,Morgan Short,morgan.short30@yahoo.com,(662) 554-0263,68,94131,Non-binary,Cashier,Diabetes,33924
1373,Gerald Vega,gerald.vega61@yahoo.com,(930) 176-4644,23,75215,Male,Graphic Designer,Hypertension,44383
1374,Laura Briggs,laura.briggs40@hotmail.com,(503) 153-8882,44,94131,Female,Nurse,No Condition,89164
1375,Gary Compton,gary.compton22@yahoo.com,(490) 504-0433,47,60684,Male,Nurse,No Condition,63535
1376,Christine Hubbard,christine.hubbard15@yahoo.com,(238) 495-1632,52,60677,Female,Software Engineer,Depression,147375
1377,Brandon Dawson,brandon.dawson25@yahoo.com,(287) 180-9339,19,98101,Male,Teacher,No Condition,52196
1378,Mark Gonzalez,mark.gonzalez25@gmail.com,(926) 530-6011,25,98158,Male,Graphic Designer,No Condition,61099
1379,Kathleen Nixon,kathleen.nixon87@yahoo.com,(417) 868-8002,63,75241,Female,Software Engineer,Arthritis,137006
1380,Samantha Osborn,samantha.osborn33@gmail.com,(191) 561-8298,36,94192,Female,Software Engineer,Diabetes,97303
1381,Dana Bennett,dana.bennett76@yahoo.com,(774) 491-6093,48,60677,Female,Cashier,Arthritis,35865
1382,Jacob Conner,jacob.conner12@gmail.com,(201) 491-1894,51,10086,Male,Nurse,Asthma,111901
1383,Joshua Perez,joshua.perez94@yahoo.com,(387) 509-2632,66,75262,Male,Nurse,Heart Disease,82127
1384,Teresa Obrien,teresa.obrien36@hotmail.com,(221) 374-5561,59,60666,Female,Electrician,Hypertension,73665
1385,David Johnson,david.johnson40@hotmail.com,(442) 886-0505,47,75225,Male,Lawyer,Asthma,131876
1386,Johnathan Foster,johnathan.foster97@yahoo.com,(108) 112-6003,48,98118,Male,Chef,Depression,43976
1387,Kelly Harris,kelly.harris11@yahoo.com,(469) 106-2715,59,10082,Female,Lawyer,Hypertension,129341
1388,Ariel Thompson,ariel.thompson61@gmail.com,(245) 506-8826,63,98158,Female,Accountant,Diabetes,89294
1389,John Boone,john.boone60@yahoo.com,(482) 938-4401,33,94138,Male,Software Engineer,Heart Disease,96459
1390,Elizabeth Spencer,elizabeth.spencer86@hotmail.com,(773) 543-7882,31,60613,Female,Teacher,Arthritis,70323
1391,Amber Hall,amber.hall50@yahoo.com,(991) 015-7090,33,60677,Female,Nurse,No Condition,67334
1392,Jacob Cunningham,jacob.cunningham10@hotmail.com,(314) 492-0749,18,98193,Male,Teacher,No Condition,48925
1393,Jennifer Harper,jennifer.harper11@hotmail.com,(896) 996-4899,62,60613,Female,Graphic Designer,Hypertension,70029
1394,Ann Boyd,ann.boyd25@gmail.com,(285) 969-3259,49,75215,Female,Nurse,Asthma,85716
1395,Edward Barton,edward.barton74@yahoo.com,(399) 323-1234,37,10082,Male,Software Engineer,Diabetes,82999
1396,Ricardo Jordan,ricardo.jordan52@hotmail.com,(280) 690-8726,41,33143,Male,Marketing Manager,No Condition,61041
1397,Joyce Butler,joyce.butler1@gmail.com,(672) 348-3893,47,10082,Female,Software Engineer,No Condition,127613
1398,Meagan Morrison,meagan.morrison57@yahoo.com,(238) 280-4056,30,94138,Female,Lawyer,No Condition,94256
1399,Vicki Barrera,vicki.barrera42@hotmail.com,(996) 508-2695,27,75215,Female,Cashier,Arthritis,34280
1400,Megan Hamilton,megan.hamilton50@yahoo.com,(118) 696-5613,57,10006,Female,Nurse,Depression,81201
1401,Kristina Stokes,kristina.stokes3@gmail.com,(523) 859-5143,39,75241,Female,Physician,Depression,240174
1402,Jennifer Hernandez,jennifer.hernandez75@hotmail.com,(148) 400-2730,65,75241,Female,Graphic Designer,Hypertension,61099
1403,Elizabeth Palmer,elizabeth.palmer3@hotmail.com,(266) 101-6831,65,60613,Non-binary,Accountant,Diabetes,76124
1404,Mary Olsen,mary.olsen18@yahoo.com,(500) 168-0941,27,33130,Female,Chef,No Condition,40129
1405,Mark Jones,mark.jones35@hotmail.com,(750) 762-8397,58,33143,Male,Data Analyst,Depression,64083
1406,Lori Williams,lori.williams62@yahoo.com,(734) 407-7794,63,75256,Female,Marketing Manager,Depression,108811
1407,Carla Klein,carla.klein64@yahoo.com,(226) 629-2508,34,33143,Female,Accountant,Asthma,69741
1408,Nichole Vasquez,nichole.vasquez46@hotmail.com,(776) 029-9140,22,60677,Female,Nurse,No Condition,63674
1409,Taylor Leonard,taylor.leonard63@yahoo.com,(613) 337-3125,67,10082,Female,Software Engineer,Hypertension,105049
1410,Michelle Jackson,michelle.jackson52@yahoo.com,(261) 781-7032,35,10041,Female,Teacher,Heart Disease,63558
1411,Angela Martin,angela.martin71@yahoo.com,(913) 638-5277,22,94131,Female,Cashier,No Condition,26041
1412,Laura Cooper,laura.cooper21@gmail.com,(133) 718-4449,44,60613,Female,Electrician,Asthma,60271
1413,Nicholas Jackson,nicholas.jackson48@hotmail.com,(550) 264-8016,36,33141,Male,Accountant,No Condition,92165
1414,Dominique Brown,dominique.brown70@yahoo.com,(834) 167-8127,42,75262,Female,Marketing Manager,No Condition,88645
1415,Michael Jackson,michael.jackson4@gmail.com,(410) 217-9821,18,98158,Male,Chef,No Condition,37863
1416,Dean Arias,dean.arias18@yahoo.com,(429) 857-9736,60,60636,Male,Data Analyst,Asthma,78176
1417,Shaun Ryan,shaun.ryan57@gmail.com,(882) 856-0539,24,10086,Male,Software Engineer,Arthritis,68983
1418,Tina Johnson,tina.johnson66@hotmail.com,(898) 661-7706,42,60622,Female,Cashier,No Condition,43920
1419,Joel Sullivan,joel.sullivan12@gmail.com,(405) 068-2122,26,60684,Non-binary,Marketing Manager,Cancer,80023
1420,Lori Murphy,lori.murphy63@gmail.com,(716) 505-8714,37,98101,Female,Chef,No Condition,39172
1421,Keith Oconnor,keith.oconnor77@hotmail.com,(121) 925-9679,23,98158,Male,Data Analyst,Diabetes,85922
1422,Kristin Ferguson,kristin.ferguson8@hotmail.com,(343) 699-8480,27,33143,Female,Marketing Manager,No Condition,73178
1423,Beth Sellers,beth.sellers9@yahoo.com,(309) 386-9484,26,94138,Female,Nurse,No Condition,86617
1424,Elizabeth Jacobs,elizabeth.jacobs8@hotmail.com,(998) 811-4578,40,60677,Female,Nurse,Cancer,82019
1425,Judith Patrick,judith.patrick84@gmail.com,(871) 523-8676,39,10040,Female,Electrician,No Condition,66020
1426,Christina Hammond,christina.hammond4@hotmail.com,(820) 974-6191,38,33141,Female,Marketing Manager,Hypertension,81112
1427,Kathleen Patel,kathleen.patel82@yahoo.com,(682) 996-8722,53,60636,Female,Cashier,Arthritis,31568
1428,Kelli Gonzalez,kelli.gonzalez35@hotmail.com,(108) 580-6235,51,33119,Female,Electrician,Depression,71222
1429,Melissa Ware,melissa.ware43@hotmail.com,(256) 695-7900,35,98118,Female,Software Engineer,No Condition,109650
1430,Christopher Yoder,christopher.yoder52@gmail.com,(755) 442-8679,46,60677,Male,Marketing Manager,Asthma,89974
1431,Christina Gomez,christina.gomez21@hotmail.com,(442) 328-9463,31,33167,Female,Marketing Manager,No Condition,76340
1432,Kimberly Valenzuela,kimberly.valenzuela14@hotmail.com,(615) 624-1528,36,33167,Female,Software Engineer,No Condition,100044
1433,Miranda Randolph,miranda.randolph73@gmail.com,(656) 292-6933,34,10041,Female,Cashier,No Condition,45515
1434,Kendra Harrington,kendra.harrington6@yahoo.com,(813) 818-6550,19,60666,Female,Lawyer,Depression,97557
1435,Joseph Huber,joseph.huber20@hotmail.com,(450) 957-4430,38,10041,Male,Cashier,Cancer,33426
1436,Elizabeth Hanson,elizabeth.hanson52@hotmail.com,(489) 117-9720,69,94131,Female,Data Analyst,Heart Disease,95391
1437,Kelly Bush,kelly.bush18@hotmail.com,(634) 015-3641,54,75241,Female,Teacher,Arthritis,57369
1438,Elaine Rodriguez,elaine.rodriguez52@yahoo.com,(931) 325-9367,37,98158,Female,Teacher,Asthma,64978
1439,Anne Lindsey,anne.lindsey42@yahoo.com,(150) 094-2141,28,94138,Female,Software Engineer,No Condition,136198
1440,Paula Thompson,paula.thompson23@yahoo.com,(398) 198-7809,34,75215,Female,Graphic Designer,Depression,41323
1441,Norma Smith,norma.smith93@yahoo.com,(623) 888-5622,20,98101,Female,Marketing Manager,Arthritis,71104
1442,Justin Durham,justin.durham23@yahoo.com,(560) 598-6787,27,75241,Male,Software Engineer,No Condition,117316
1443,Elizabeth Jackson,elizabeth.jackson18@yahoo.com,(658) 548-5965,38,10053,Female,Lawyer,No Condition,206873
1444,Rachel Skinner,rachel.skinner15@yahoo.com,(128) 249-1165,25,94131,Female,Lawyer,No Condition,92131
1445,Brandy Rosales,brandy.rosales3@gmail.com,(302) 453-9313,28,94138,Female,Software Engineer,No Condition,85863
1446,Marvin Petersen,marvin.petersen84@gmail.com,(955) 130-5570,45,60684,Male,Lawyer,Depression,101705
1447,Christina Schultz,christina.schultz94@hotmail.com,(721) 444-8896,45,98186,Female,Nurse,Arthritis,76767
1448,Laurie Carney,laurie.carney98@yahoo.com,(127) 367-7462,37,10053,Female,Electrician,No Condition,76389
1449,Carlos Singleton,carlos.singleton54@hotmail.com,(225) 431-8328,37,98101,Male,Nurse,No Condition,83899
1450,Nancy Lee,nancy.lee57@gmail.com,(723) 920-4910,21,10053,Female,Data Analyst,No Condition,51238
1451,Nancy Mcclure,nancy.mcclure67@hotmail.com,(136) 472-3875,27,94139,Female,Accountant,No Condition,59383
1452,Joseph Wang,joseph.wang6@yahoo.com,(581) 722-5775,36,10041,Male,Graphic Designer,No Condition,57440
1453,Paul Cox,paul.cox42@hotmail.com,(247) 262-9052,36,75262,Male,Marketing Manager,No Condition,73684
1454,Kayla Rowe,kayla.rowe75@hotmail.com,(876) 831-6082,52,10086,Female,Accountant,No Condition,78180
1455,Toni Brewer,toni.brewer9@gmail.com,(117) 337-3992,67,98158,Female,Accountant,Asthma,58011
1456,Erika Thompson,erika.thompson1@hotmail.com,(299) 362-1659,67,60684,Female,Marketing Manager,Hypertension,96024
1457,Martin Young,martin.young79@hotmail.com,(623) 255-3983,46,10006,Male,Electrician,No Condition,65316
1458,Kristi Parker,kristi.parker98@yahoo.com,(117) 773-2643,50,94162,Female,Teacher,Depression,58377
1459,Laura Green,laura.green4@yahoo.com,(197) 912-7997,50,98118,Female,Lawyer,Arthritis,142835
1460,Chelsea Thompson,chelsea.thompson78@gmail.com,(420) 539-7871,22,10086,Female,Marketing Manager,Asthma,65504
1461,Katherine Woodard,katherine.woodard85@yahoo.com,(329) 883-2201,64,98186,Female,Software Engineer,Hypertension,170946
1462,Ricky Sanders,ricky.sanders8@hotmail.com,(808) 320-0487,33,60684,Male,Marketing Manager,No Condition,78158
1463,Joseph Hunter,joseph.hunter56@hotmail.com,(775) 358-5238,30,33141,Male,Cashier,No Condition,35715
1464,Tammy Lindsey,tammy.lindsey73@gmail.com,(630) 443-6199,36,75262,Female,Data Analyst,Asthma,72900
1465,Brian Jones,brian.jones12@gmail.com,(139) 102-9295,39,60666,Male,Teacher,Cancer,47932
1466,Brandon Gonzalez,brandon.gonzalez51@yahoo.com,(283) 093-0967,25,10082,Male,Software Engineer,Hypertension,120300
1467,Daniel Watkins,daniel.watkins16@gmail.com,(391) 260-2213,55,94138,Male,Software Engineer,Depression,151578
1468,Bailey Mcdaniel,bailey.mcdaniel29@hotmail.com,(276) 720-1911,27,98186,Female,Cashier,No Condition,21936
1469,Janet Garcia,janet.garcia78@gmail.com,(401) 907-2587,41,33167,Female,Software Engineer,No Condition,98677
1470,Craig Dean,craig.dean31@hotmail.com,(930) 493-6653,41,94138,Male,Chef,Cancer,60726
1471,Alexis White,alexis.white69@hotmail.com,(148) 124-2114,41,10082,Female,Chef,Depression,48835
1472,Richard Vega,richard.vega44@hotmail.com,(582) 509-5229,57,75290,Male,Lawyer,No Condition,145120
1473,James Smith,james.smith8@hotmail.com,(635) 561-0399,63,33143,Male,Data Analyst,Depression,92398
1474,Carl Neal,carl.neal84@yahoo.com,(601) 371-2436,46,75262,Male,Teacher,No Condition,60716
1475,Joshua Fernandez,joshua.fernandez41@yahoo.com,(842) 304-1202,18,60613,Male,Software Engineer,Diabetes,134840
1476,Tara Henderson,tara.henderson69@yahoo.com,(192) 738-7402,44,94145,Female,Data Analyst,No Condition,78009
1477,Jessica Griffith,jessica.griffith70@gmail.com,(966) 906-3224,49,10086,Female,Physician,Depression,211272
1478,Marie Santana,marie.santana6@yahoo.com,(254) 203-4030,26,60677,Female,Lawyer,No Condition,78750
1479,Alan Cox,alan.cox93@yahoo.com,(879) 756-4915,52,60666,Male,Lawyer,Heart Disease,65456
1480,Kevin Osborne,kevin.osborne24@yahoo.com,(554) 623-4712,37,33143,Male,Accountant,Cancer,72305
1481,Julia Smith,julia.smith92@gmail.com,(980) 181-0306,45,75262,Female,Cashier,No Condition,35966
1482,David Cole,david.cole81@yahoo.com,(217) 268-0808,18,94145,Male,Electrician,No Condition,68931
1483,Robin Santiago,robin.santiago50@yahoo.com,(412) 901-5071,22,10053,Female,Marketing Manager,No Condition,79559
1484,Jordan Ortiz,jordan.ortiz32@gmail.com,(930) 735-1045,31,33143,Male,Teacher,Cancer,38980
1485,Troy Vasquez,troy.vasquez64@gmail.com,(662) 130-0962,56,10082,Male,Software Engineer,Depression,109615
1486,Joseph Rice,joseph.rice53@yahoo.com,(976) 694-7031,55,94145,Male,Software Engineer,Diabetes,110133
1487,Aaron Gonzalez,aaron.gonzalez25@hotmail.com,(339) 627-4666,49,60684,Male,Nurse,Asthma,84823
1488,Angela Richards,angela.richards87@hotmail.com,(732) 700-0466,18,75256,Female,Electrician,No Condition,55577
1489,Ariel Hanna,ariel.hanna64@hotmail.com,(290) 110-7977,40,33143,Female,Software Engineer,Depression,138181
1490,Thomas Johnson,thomas.johnson24@hotmail.com,(149) 388-1949,53,94131,Male,Cashier,Diabetes,33347
1491,Ethan Contreras,ethan.contreras24@hotmail.com,(515) 204-9980,30,10041,Male,Graphic Designer,No Condition,58416
1492,Matthew Harper,matthew.harper46@yahoo.com,(869) 873-1379,81,60613,Male,Electrician,No Condition,81881
1493,Gina Cervantes,gina.cervantes58@yahoo.com,(898) 416-6123,44,10053,Non-binary,Cashier,No Condition,24344
1494,Dustin Williams,dustin.williams33@yahoo.com,(994) 332-5623,48,10086,Male,Graphic Designer,Diabetes,71496
1495,Mckenzie Larson,mckenzie.larson61@hotmail.com,(391) 970-1426,30,60662,Female,Teacher,No Condition,59101
1496,Alexander Mcdonald,alexander.mcdonald82@hotmail.com,(578) 211-6020,39,60677,Male,Accountant,No Condition,58255
1497,Brandon Galvan,brandon.galvan35@hotmail.com,(813) 599-8989,18,75290,Male,Data Analyst,No Condition,61123
1498,Steven Merritt,steven.merritt48@gmail.com,(970) 889-4801,45,98158,Male,Data Analyst,Asthma,58785
1499,Tanya Shannon,tanya.shannon3@yahoo.com,(882) 217-5883,45,98193,Female,Software Engineer,Depression,117662
1500,William Brooks,william.brooks5@gmail.com,(682) 004-8067,56,60613,Male,Nurse,Arthritis,97527
1501,John Davis,john.davis1@gmail.com,(336) 914-9611,39,60613,Male,Chef,Diabetes,52084
1502,Kayla Porter,kayla.porter13@hotmail.com,(842) 968-8276,23,10053,Female,Graphic Designer,Depression,64483
1503,Mary Williams,mary.williams70@gmail.com,(695) 314-1961,54,10086,Female,Accountant,Diabetes,61276
1504,Jessica Snyder,jessica.snyder52@hotmail.com,(632) 748-8356,49,98101,Female,Cashier,No Condition,33360
1505,Ashley Galvan,ashley.galvan80@hotmail.com,(762) 409-6496,23,60613,Female,Software Engineer,Asthma,98233
1506,Kimberly Le,kimberly.le41@hotmail.com,(160) 478-4217,40,94131,Female,Physician,Diabetes,208716
1507,Brittany Morgan,brittany.morgan10@yahoo.com,(322) 593-6488,35,60666,Female,Software Engineer,Cancer,100511
1508,Aaron Ponce,aaron.ponce39@gmail.com,(348) 688-3906,38,60613,Male,Cashier,No Condition,34138
1509,Victoria Foster,victoria.foster61@gmail.com,(287) 991-6091,39,60666,Female,Data Analyst,Asthma,80072
1510,Elizabeth Lewis,elizabeth.lewis70@gmail.com,(493) 592-3613,49,75262,Female,Data Analyst,Asthma,60359
1511,John Russell,john.russell17@gmail.com,(752) 304-5881,44,98186,Male,Marketing Manager,Arthritis,99857
1512,Gary Greer,gary.greer15@gmail.com,(225) 447-2419,18,98158,Male,Cashier,Depression,21823
1513,Jessica Santos,jessica.santos10@gmail.com,(244) 096-6177,35,98101,Female,Lawyer,No Condition,97413
1514,Raymond Martinez,raymond.martinez28@yahoo.com,(898) 980-8806,63,75253,Male,Software Engineer,Arthritis,111131
1515,Sandra Thomas,sandra.thomas29@yahoo.com,(317) 468-1359,33,10006,Female,Nurse,No Condition,71913
1516,Thomas Sims,thomas.sims45@yahoo.com,(986) 989-3969,33,10086,Male,Graphic Designer,No Condition,78658
1517,Jessica Conrad,jessica.conrad76@yahoo.com,(294) 155-9450,34,75262,Female,Electrician,Depression,73173
1518,Becky Taylor,becky.taylor11@hotmail.com,(220) 753-6051,80,10082,Female,Software Engineer,Hypertension,148563
1519,John Henderson,john.henderson66@hotmail.com,(403) 988-6365,32,10086,Male,Software Engineer,Asthma,114916
1520,Jason Fletcher,jason.fletcher51@gmail.com,(818) 945-5906,45,10082,Male,Teacher,No Condition,75026
1521,Adam Johnson,adam.johnson8@hotmail.com,(594) 248-9420,54,75215,Male,Data Analyst,Hypertension,97717
1522,Tami Lutz,tami.lutz78@hotmail.com,(748) 966-7605,20,98101,Female,Chef,Depression,46018
1523,Dennis Smith,dennis.smith40@yahoo.com,(856) 577-5809,53,98118,Male,Data Analyst,Depression,88763
1524,Richard Parker,richard.parker50@yahoo.com,(533) 890-6235,27,60684,Male,Marketing Manager,Hypertension,51479
1525,Robert Liu,robert.liu28@gmail.com,(626) 540-1659,39,10040,Male,Electrician,No Condition,74543
1526,Darryl Brown,darryl.brown5@hotmail.com,(762) 212-2427,50,10041,Male,Nurse,No Condition,69725
1527,Tracey Mendoza,tracey.mendoza39@hotmail.com,(274) 625-9160,57,33167,Female,Physician,Heart Disease,264928
1528,Bob Campbell,bob.campbell10@gmail.com,(915) 848-8600,56,75241,Male,Electrician,Hypertension,70157
1529,Adrian Wells,adrian.wells6@hotmail.com,(667) 782-3129,40,94138,Male,Software Engineer,Asthma,90514
1530,Jill Floyd,jill.floyd36@gmail.com,(247) 264-2612,28,10086,Female,Software Engineer,Depression,122026
1531,Tamara Brown,tamara.brown61@hotmail.com,(943) 753-6596,61,75215,Female,Cashier,No Condition,32757
1532,Anthony Spencer,anthony.spencer65@hotmail.com,(425) 482-4218,64,33111,Male,Cashier,Hypertension,41023
1533,Kathy Johns,kathy.johns67@yahoo.com,(640) 064-4547,27,60613,Female,Teacher,No Condition,51727
1534,Patrick Kane,patrick.kane25@gmail.com,(212) 327-4897,62,60662,Male,Nurse,No Condition,99736
1535,Jerry Santana,jerry.santana80@yahoo.com,(933) 427-2038,52,75262,Male,Graphic Designer,Hypertension,67553
1536,Jamie Jackson,jamie.jackson4@gmail.com,(175) 080-1963,39,98118,Female,Teacher,Cancer,57900
1537,Dawn Espinoza,dawn.espinoza11@gmail.com,(406) 935-8824,37,60636,Female,Nurse,Hypertension,86436
1538,Gary Perez,gary.perez95@yahoo.com,(500) 181-6778,49,60666,Male,Cashier,Diabetes,25322
1539,Jose Jones,jose.jones44@yahoo.com,(152) 444-5446,43,75215,Male,Accountant,Arthritis,78851
1540,Samantha Clark,samantha.clark19@hotmail.com,(151) 799-3781,19,94138,Female,Graphic Designer,No Condition,46621
1541,Maria Curtis,maria.curtis19@hotmail.com,(553) 912-8788,25,10041,Female,Nurse,Depression,75859
1542,Shane Moss,shane.moss88@hotmail.com,(599) 698-8290,30,75241,Male,Cashier,Diabetes,32562
1543,Victoria Edwards,victoria.edwards80@hotmail.com,(127) 147-2463,22,33143,Non-binary,Electrician,Hypertension,52219
1544,Rhonda Hensley,rhonda.hensley25@hotmail.com,(886) 424-2383,75,75241,Female,Data Analyst,Diabetes,89266
1545,Carla Young,carla.young53@hotmail.com,(412) 187-0629,66,75262,Female,Teacher,Arthritis,65980
1546,William Holmes,william.holmes98@hotmail.com,(109) 832-2101,67,33111,Male,Nurse,Hypertension,74459
1547,Cody Thompson,cody.thompson71@gmail.com,(101) 867-6610,29,60677,Male,Chef,Depression,46388
1548,Katie Welch,katie.welch24@hotmail.com,(687) 610-8143,43,60613,Female,Chef,Arthritis,72872
1549,James Davis,james.davis27@gmail.com,(838) 453-1980,39,98158,Male,Software Engineer,No Condition,72563
1550,Desiree Logan,desiree.logan71@hotmail.com,(123) 546-9510,36,33143,Female,Teacher,No Condition,48355
1551,Christina Mejia,christina.mejia26@gmail.com,(876) 205-4596,31,94131,Female,Cashier,Asthma,41426
1552,Sandra Rivera,sandra.rivera55@hotmail.com,(706) 666-4110,36,60613,Female,Cashier,No Condition,22886
1553,Sydney Evans,sydney.evans36@gmail.com,(513) 407-8516,59,98158,Female,Nurse,No Condition,90743
1554,Raymond Harrison,raymond.harrison43@hotmail.com,(590) 583-6683,18,75256,Male,Electrician,No Condition,56948
1555,Julian Gray,julian.gray45@hotmail.com,(999) 962-6970,53,10086,Male,Physician,Hypertension,243290
1556,Cynthia Hamilton,cynthia.hamilton67@hotmail.com,(189) 178-7915,78,10041,Female,Data Analyst,Arthritis,76494
1557,Jacqueline Garza,jacqueline.garza41@gmail.com,(357) 197-6093,45,94179,Female,Software Engineer,Cancer,120111
1558,Alison Miller,alison.miller56@yahoo.com,(257) 898-2604,29,10041,Female,Accountant,No Condition,48437
1559,Juan Smith,juan.smith10@hotmail.com,(852) 175-5851,28,75241,Male,Nurse,No Condition,77456
1560,John Carter,john.carter77@gmail.com,(927) 469-2118,41,60627,Male,Graphic Designer,No Condition,72642
1561,Charles Davis,charles.davis34@hotmail.com,(896) 264-2229,47,60613,Male,Teacher,Diabetes,59791
1562,Geoffrey Matthews,geoffrey.matthews72@yahoo.com,(604) 542-1854,25,75256,Male,Teacher,No Condition,43743
1563,Katelyn Conley,katelyn.conley62@yahoo.com,(168) 209-2257,79,60627,Female,Graphic Designer,Cancer,48280
1564,Michelle Smith,michelle.smith28@hotmail.com,(301) 635-6407,54,60627,Female,Teacher,Depression,55757
1565,Christine Taylor,christine.taylor69@yahoo.com,(228) 289-5400,18,10040,Female,Software Engineer,No Condition,92512
1566,Karla Pearson,karla.pearson4@hotmail.com,(722) 473-1261,39,60613,Female,Teacher,Hypertension,56638
1567,Todd Daniels,todd.daniels90@yahoo.com,(607) 105-8011,42,98158,Male,Marketing Manager,Asthma,93541
1568,William Bishop,william.bishop39@yahoo.com,(811) 526-1053,28,94139,Male,Data Analyst,No Condition,76352
1569,Anthony Hudson,anthony.hudson37@gmail.com,(800) 716-9500,45,75262,Male,Teacher,Hypertension,66456
1570,David Haynes,david.haynes57@hotmail.com,(918) 948-5432,30,98118,Male,Graphic Designer,Depression,63298
1571,Julie Watkins,julie.watkins80@hotmail.com,(736) 529-4471,40,10041,Female,Software Engineer,Asthma,64356
1572,Russell Davis,russell.davis26@hotmail.com,(182) 734-8131,22,98101,Male,Teacher,Depression,49503
1573,David Williams,david.williams23@yahoo.com,(689) 632-1743,47,75256,Male,Teacher,No Condition,67027
1574,Jessica Warren,jessica.warren69@gmail.com,(152) 680-6486,49,75215,Female,Electrician,No Condition,72925
1575,Nichole West,nichole.west4@hotmail.com,(383) 448-8384,33,60613,Female,Teacher,No Condition,52526
1576,Evan Perez,evan.perez54@hotmail.com,(846) 280-5507,38,33143,Male,Graphic Designer,Depression,53396
1577,Timothy Bush,timothy.bush72@yahoo.com,(457) 955-1562,37,94138,Male,Graphic Designer,No Condition,56287
1578,Kristy Daniel,kristy.daniel48@gmail.com,(190) 855-1074,59,10049,Female,Teacher,No Condition,61447
1579,Maxwell Greene,maxwell.greene17@gmail.com,(311) 178-6190,38,33130,Male,Graphic Designer,Hypertension,56944
1580,Gary Phillips,gary.phillips68@yahoo.com,(660) 220-6953,38,60636,Male,Lawyer,No Condition,88778
1581,Ruth Randolph,ruth.randolph54@hotmail.com,(612) 012-2759,34,60666,Female,Chef,Depression,49947
1582,Shelby Brown,shelby.brown53@gmail.com,(560) 151-5325,38,10006,Female,Physician,No Condition,186413
1583,Jessica Zamora,jessica.zamora23@yahoo.com,(807) 407-1732,47,33167,Female,Teacher,Heart Disease,67262
1584,Kurt Williams,kurt.williams80@yahoo.com,(495) 031-0064,25,33143,Male,Accountant,No Condition,57654
1585,Tracy Mejia,tracy.mejia55@gmail.com,(739) 104-5203,38,94138,Female,Nurse,Depression,76014
1586,Angel Carr,angel.carr67@yahoo.com,(311) 849-1359,40,94131,Male,Teacher,Diabetes,54457
1587,Toni Howard,toni.howard63@gmail.com,(159) 520-5610,32,10082,Female,Physician,No Condition,283342
1588,Jennifer Tucker,jennifer.tucker14@hotmail.com,(700) 696-8018,18,60666,Female,Accountant,Depression,56133
1589,Michelle Woods,michelle.woods42@gmail.com,(537) 842-3394,56,10041,Female,Teacher,Arthritis,57168
1590,Lauren Richmond,lauren.richmond75@yahoo.com,(630) 067-7625,24,60613,Female,Chef,No Condition,42394
1591,Adam Martin,adam.martin23@yahoo.com,(301) 736-5426,31,98101,Male,Cashier,No Condition,41114
1592,Donna Stevens,donna.stevens30@yahoo.com,(629) 029-2334,28,94131,Female,Cashier,No Condition,21804
1593,Savannah Jones,savannah.jones61@hotmail.com,(909) 060-5308,35,60627,Female,Graphic Designer,Asthma,60520
1594,Thomas Dixon,thomas.dixon60@gmail.com,(102) 116-6732,54,98118,Male,Electrician,Heart Disease,64622
1595,Diane Gregory,diane.gregory86@yahoo.com,(359) 887-5921,47,75241,Female,Nurse,Depression,70252
1596,Kevin Watkins,kevin.watkins78@yahoo.com,(342) 603-3620,21,75215,Male,Teacher,No Condition,62507
1597,Jimmy Gomez,jimmy.gomez85@gmail.com,(214) 770-9207,34,75215,Male,Accountant,No Condition,82759
1598,Ann Cooper,ann.cooper27@gmail.com,(338) 023-6219,18,75256,Female,Nurse,No Condition,90335
1599,Austin Meadows,austin.meadows12@hotmail.com,(218) 970-5916,56,60613,Male,Physician,Heart Disease,212122
1600,Patricia Gordon,patricia.gordon18@gmail.com,(885) 588-1959,58,94131,Female,Cashier,Diabetes,40142
1601,Melissa Ruiz,melissa.ruiz45@hotmail.com,(916) 880-0537,30,75262,Female,Cashier,Depression,27694
1602,Pamela Lyons,pamela.lyons82@gmail.com,(918) 692-8972,18,98158,Female,Chef,No Condition,43375
1603,Donald Ali,donald.ali9@yahoo.com,(301) 822-7200,31,94131,Male,Marketing Manager,Heart Disease,85228
1604,Kristen Gilbert,kristen.gilbert77@hotmail.com,(823) 220-4144,38,10041,Female,Marketing Manager,Diabetes,102954
1605,Vanessa Pena,vanessa.pena75@hotmail.com,(128) 116-5993,48,75241,Non-binary,Lawyer,Hypertension,160338
1606,Michael Fitzgerald,michael.fitzgerald54@hotmail.com,(302) 030-4232,51,60627,Male,Accountant,No Condition,73721
1607,Michelle Jimenez,michelle.jimenez1@gmail.com,(613) 530-2816,46,10021,Female,Data Analyst,Arthritis,63036
1608,Stacey Russell,stacey.russell17@yahoo.com,(630) 059-3777,55,75256,Female,Chef,No Condition,50810
1609,Jennifer Richards,jennifer.richards95@hotmail.com,(283) 210-2916,43,94131,Female,Teacher,Asthma,56003
1610,John Gray,john.gray97@hotmail.com,(902) 983-1043,25,75262,Male,Software Engineer,Asthma,91869
1611,Samantha Jones,samantha.jones11@yahoo.com,(162) 291-3167,18,94138,Female,Data Analyst,No Condition,59128
1612,Kathryn Richardson,kathryn.richardson49@hotmail.com,(256) 670-6362,52,75241,Female,Accountant,Diabetes,90933
1613,Laura Brock,laura.brock32@yahoo.com,(750) 494-4407,48,75241,Female,Data Analyst,Asthma,55502
1614,James Gonzalez,james.gonzalez89@yahoo.com,(793) 396-5049,25,94138,Male,Physician,No Condition,257678
1615,Christopher Lopez,christopher.lopez19@gmail.com,(762) 611-4243,51,10041,Male,Teacher,Diabetes,62732
1616,Mary Gillespie,mary.gillespie42@hotmail.com,(958) 542-1880,36,94131,Female,Marketing Manager,No Condition,90081
1617,Jessica Avery,jessica.avery51@hotmail.com,(791) 962-3419,29,10041,Non-binary,Software Engineer,Depression,90694
1618,Deborah Harris,deborah.harris86@yahoo.com,(432) 472-5058,40,98158,Female,Data Analyst,No Condition,64317
1619,Danny Green,danny.green27@gmail.com,(603) 115-8760,23,10053,Male,Nurse,No Condition,61462
1620,Veronica Adams,veronica.adams93@yahoo.com,(669) 475-7694,53,60684,Female,Nurse,Arthritis,97952
1621,Travis Ward,travis.ward43@gmail.com,(765) 974-6698,34,75241,Male,Software Engineer,Depression,123810
1622,Tonya Brown,tonya.brown58@gmail.com,(142) 125-4508,39,60677,Female,Graphic Designer,No Condition,67841
1623,Kenneth Schaefer,kenneth.schaefer74@hotmail.com,(648) 152-6925,43,75241,Male,Accountant,No Condition,87341
1624,Laura Sanders,laura.sanders28@yahoo.com,(221) 307-4235,43,60622,Female,Cashier,No Condition,29557
1625,Derek Cruz,derek.cruz11@yahoo.com,(504) 893-3261,30,75215,Male,Cashier,No Condition,30303
1626,Paula Mercado,paula.mercado70@gmail.com,(107) 963-7310,60,98118,Female,Cashier,Heart Disease,31427
1627,Kimberly Parks,kimberly.parks24@gmail.com,(878) 522-1158,50,33143,Female,Cashier,Hypertension,34708
1628,Anna Cantu,anna.cantu45@yahoo.com,(552) 354-2687,54,75241,Female,Accountant,Heart Disease,82473
1629,Derek Frazier,derek.frazier33@hotmail.com,(670) 173-2086,60,60684,Male,Software Engineer,Heart Disease,137479
1630,Sheri Hoover,sheri.hoover21@gmail.com,(477) 729-6656,63,10041,Female,Physician,Arthritis,242746
1631,Chloe Smith,chloe.smith5@yahoo.com,(600) 527-8105,64,60681,Female,Cashier,Cancer,29441
1632,Mariah Barrett,mariah.barrett23@gmail.com,(600) 272-2142,56,98118,Female,Nurse,Cancer,87847
1633,Joel Bradford,joel.bradford76@gmail.com,(716) 094-3913,27,60636,Male,Chef,Asthma,55449
1634,Kendra Burton,kendra.burton6@gmail.com,(672) 031-3695,30,75247,Female,Software Engineer,No Condition,132648
1635,Michael Holmes,michael.holmes68@yahoo.com,(620) 929-7352,18,60684,Male,Software Engineer,No Condition,89945
1636,Tracy Bell,tracy.bell40@hotmail.com,(933) 222-7393,61,75290,Female,Electrician,Depression,77684
1637,Lindsey Thompson,lindsey.thompson12@yahoo.com,(257) 353-2366,55,33167,Female,Physician,Diabetes,242417
1638,Katie Stanton,katie.stanton95@yahoo.com,(861) 087-0826,67,60677,Female,Nurse,Asthma,87344
1639,Rachel Martinez,rachel.martinez29@hotmail.com,(723) 601-0712,18,60684,Female,Physician,No Condition,233405
1640,Brett Newman,brett.newman88@hotmail.com,(538) 821-7648,69,94139,Male,Chef,Arthritis,48783
1641,Richard Mendoza,richard.mendoza53@yahoo.com,(974) 223-3222,25,98101,Male,Graphic Designer,No Condition,50136
1642,Alan Rodriguez,alan.rodriguez45@hotmail.com,(644) 258-9222,41,98124,Male,Teacher,Arthritis,59561
1643,Jennifer Bennett,jennifer.bennett10@hotmail.com,(253) 506-3731,28,94131,Female,Graphic Designer,No Condition,68597
1644,Kim Nelson,kim.nelson93@hotmail.com,(574) 130-7538,32,33141,Female,Data Analyst,Arthritis,75028
1645,Patricia Delgado,patricia.delgado40@yahoo.com,(520) 136-2608,50,98118,Female,Chef,Asthma,54068
1646,Matthew Perez,matthew.perez40@hotmail.com,(675) 615-4705,53,60666,Male,Electrician,Hypertension,61868
1647,David Jones,david.jones34@gmail.com,(615) 164-1195,40,75290,Male,Nurse,Arthritis,61694
1648,Jeffrey Smith,jeffrey.smith15@hotmail.com,(819) 693-9578,40,33143,Male,Cashier,No Condition,26908
1649,Heather Lopez,heather.lopez4@yahoo.com,(802) 042-6201,25,75247,Female,Electrician,Depression,62414
1650,Brendan Daniel,brendan.daniel82@gmail.com,(824) 139-3696,42,98158,Male,Cashier,Depression,24665
1651,Kim Holland,kim.holland77@yahoo.com,(809) 873-1267,41,33143,Female,Lawyer,No Condition,118321
1652,Crystal Yates,crystal.yates34@gmail.com,(827) 607-5988,28,33130,Female,Teacher,Asthma,55264
1653,Matthew Fisher,matthew.fisher41@gmail.com,(539) 431-9165,35,75256,Male,Nurse,No Condition,87028
1654,Chelsea Mckay,chelsea.mckay92@hotmail.com,(295) 231-2021,51,98192,Female,Teacher,Arthritis,63241
1655,Heather Johnson,heather.johnson13@yahoo.com,(176) 449-7470,48,33130,Female,Accountant,Heart Disease,80849
1656,April Fisher,april.fisher85@hotmail.com,(876) 448-6764,56,75215,Female,Nurse,Heart Disease,108573
1657,Leslie Mclean,leslie.mclean66@gmail.com,(163) 656-0450,18,60684,Female,Data Analyst,Depression,89163
1658,Jason Gomez,jason.gomez44@hotmail.com,(337) 309-6496,29,75215,Male,Data Analyst,Depression,71887
1659,Victor Alexander,victor.alexander5@gmail.com,(695) 296-3530,35,60683,Male,Nurse,No Condition,76747
1660,Linda Ball,linda.ball41@gmail.com,(755) 128-2763,45,94138,Female,Teacher,No Condition,77218
1661,Elizabeth Archer,elizabeth.archer41@yahoo.com,(694) 898-9596,27,60622,Female,Software Engineer,No Condition,107903
1662,Tammy Gutierrez,tammy.gutierrez33@yahoo.com,(534) 544-3441,51,75241,Female,Data Analyst,Hypertension,93781
1663,Cheryl Foster,cheryl.foster17@hotmail.com,(493) 934-4974,35,75253,Non-binary,Electrician,No Condition,60019
1664,Laura Nelson,laura.nelson72@yahoo.com,(640) 882-2309,34,75262,Female,Software Engineer,No Condition,93367
1665,Jonathan Anderson,jonathan.anderson72@hotmail.com,(373) 988-9413,30,75241,Male,Marketing Manager,No Condition,62769
1666,Ashley Smith,ashley.smith85@hotmail.com,(572) 021-7075,59,94138,Female,Teacher,Diabetes,63979
1667,Steven Stone,steven.stone74@gmail.com,(446) 557-9220,43,94131,Male,Data Analyst,No Condition,63946
1668,Alexandra Turner,alexandra.turner63@yahoo.com,(346) 129-3900,32,75241,Female,Software Engineer,No Condition,84053
1669,Steven Baxter,steven.baxter89@gmail.com,(721) 375-6589,51,10040,Male,Physician,Hypertension,183939
1670,Connor Aguilar,connor.aguilar24@hotmail.com,(570) 861-9931,36,98193,Male,Lawyer,Hypertension,149791
1671,Michael Tran,michael.tran96@gmail.com,(945) 663-1138,63,60627,Male,Cashier,No Condition,34064
1672,Jacqueline Dyer,jacqueline.dyer51@yahoo.com,(823) 622-0334,32,10053,Female,Cashier,No Condition,29843
1673,Edward Baker,edward.baker13@gmail.com,(910) 437-9686,42,60613,Male,Software Engineer,Heart Disease,107372
1674,Ronald Johnson,ronald.johnson31@hotmail.com,(852) 946-9021,54,75215,Male,Nurse,Heart Disease,96319
1675,Jessica Mitchell,jessica.mitchell27@yahoo.com,(943) 043-5023,43,98186,Female,Cashier,No Condition,30471
1676,Rebecca Davenport,rebecca.davenport91@gmail.com,(822) 894-6652,57,33143,Female,Accountant,Heart Disease,92444
1677,Nicole Blair,nicole.blair79@gmail.com,(133) 282-9302,52,60666,Female,Software Engineer,Cancer,99134
1678,Chad Morales,chad.morales32@gmail.com,(833) 030-3346,36,94145,Male,Nurse,No Condition,94630
1679,Jeremy Gross,jeremy.gross39@gmail.com,(667) 507-6279,31,33143,Male,Marketing Manager,No Condition,59301
1680,Paul Edwards,paul.edwards49@hotmail.com,(902) 453-0123,69,75215,Male,Software Engineer,No Condition,119238
1681,Randy Cabrera,randy.cabrera17@gmail.com,(830) 342-0284,55,94145,Male,Marketing Manager,No Condition,68689
1682,Andrea Stanton,andrea.stanton81@hotmail.com,(101) 722-2405,58,10084,Female,Data Analyst,Cancer,103237
1683,Jeffrey Johns,jeffrey.johns76@yahoo.com,(248) 717-7546,43,75256,Male,Teacher,No Condition,57805
1684,Marcus Collier,marcus.collier15@gmail.com,(840) 658-3872,53,60627,Male,Cashier,Heart Disease,30852
1685,Mark Morgan,mark.morgan10@gmail.com,(922) 590-9566,18,10082,Male,Lawyer,No Condition,178712
1686,Douglas Scott,douglas.scott4@hotmail.com,(223) 733-7912,18,10041,Male,Physician,Diabetes,189469
1687,Beverly Miller,beverly.miller75@gmail.com,(118) 780-3586,27,60636,Female,Accountant,No Condition,66746
1688,Michael Macdonald,michael.macdonald9@gmail.com,(270) 740-3925,66,60613,Male,Accountant,Hypertension,86169
1689,Kevin Harvey,kevin.harvey77@yahoo.com,(352) 951-7122,70,60684,Male,Electrician,Diabetes,73918
1690,Taylor Dougherty,taylor.dougherty71@hotmail.com,(543) 387-2205,45,33143,Male,Cashier,No Condition,30420
1691,Chase Rodriguez,chase.rodriguez7@gmail.com,(465) 496-3308,47,98101,Male,Data Analyst,No Condition,72414
1692,Dale Roberts,dale.roberts52@yahoo.com,(670) 488-7899,39,60627,Male,Software Engineer,Hypertension,132934
1693,Adam Marshall,adam.marshall13@gmail.com,(405) 968-5195,68,60684,Male,Graphic Designer,Diabetes,82678
1694,Richard West,richard.west29@yahoo.com,(492) 663-2956,29,60613,Male,Electrician,Depression,85162
1695,Debra Chavez,debra.chavez82@yahoo.com,(275) 225-9206,42,75215,Female,Marketing Manager,Arthritis,91156
1696,Stacey Bailey,stacey.bailey80@gmail.com,(529) 205-9229,45,33143,Female,Nurse,No Condition,84974
1697,Bruce Morris,bruce.morris84@yahoo.com,(730) 295-5963,45,33143,Male,Electrician,No Condition,69074
1698,David Barnett,david.barnett14@gmail.com,(662) 942-0661,43,75241,Male,Nurse,No Condition,88382
1699,Mary Hanson,mary.hanson35@gmail.com,(185) 133-1380,84,10041,Female,Teacher,No Condition,68162
1700,Denise Ferguson,denise.ferguson89@gmail.com,(521) 122-1215,56,98101,Female,Teacher,No Condition,61093
1701,Jorge Buck,jorge.buck95@gmail.com,(558) 268-6876,18,94131,Male,Accountant,Hypertension,66881
1702,Steven Garcia,steven.garcia5@hotmail.com,(518) 548-8064,36,75241,Male,Accountant,No Condition,86195
1703,Paul Hood,paul.hood32@hotmail.com,(800) 629-8778,59,10082,Male,Teacher,No Condition,61584
1704,David Edwards,david.edwards73@yahoo.com,(466) 464-1962,45,98197,Male,Data Analyst,Depression,100552
1705,Edward White,edward.white16@hotmail.com,(226) 221-3204,39,60627,Male,Marketing Manager,No Condition,98373
1706,Amber Martin,amber.martin46@yahoo.com,(883) 147-8911,53,60613,Female,Teacher,Arthritis,62333
1707,Scott Griffin,scott.griffin62@yahoo.com,(999) 994-9812,32,98118,Male,Nurse,No Condition,64790
1708,Melissa Rodriguez,melissa.rodriguez49@hotmail.com,(100) 366-6020,48,33111,Female,Teacher,No Condition,61365
1709,Abigail Mayer,abigail.mayer19@hotmail.com,(628) 538-6310,38,60627,Female,Teacher,Asthma,44377
1710,Mark Nguyen,mark.nguyen81@gmail.com,(743) 838-0582,37,75262,Male,Cashier,Arthritis,29846
1711,Sarah Gilbert,sarah.gilbert86@hotmail.com,(899) 007-6862,36,60613,Female,Data Analyst,No Condition,94941
1712,Nicole Mahoney,nicole.mahoney56@gmail.com,(728) 389-6337,43,60613,Female,Data Analyst,Depression,66711
1713,Stephanie Miller,stephanie.miller37@yahoo.com,(918) 626-7136,47,75215,Female,Cashier,Depression,33717
1714,Elizabeth Waters,elizabeth.waters97@gmail.com,(213) 282-3392,55,75241,Female,Software Engineer,Heart Disease,102446
1715,Megan Sweeney,megan.sweeney71@hotmail.com,(135) 279-1875,38,10006,Female,Chef,No Condition,47607
1716,Jennifer Huang,jennifer.huang15@yahoo.com,(961) 065-9208,46,33141,Female,Teacher,Depression,54292
1717,Ashlee Pena,ashlee.pena84@yahoo.com,(831) 927-9761,61,60684,Female,Nurse,Hypertension,83314
1718,Thomas Neal,thomas.neal42@yahoo.com,(396) 983-8457,40,75241,Male,Electrician,Arthritis,58770
1719,Nicholas Smith,nicholas.smith78@hotmail.com,(626) 656-8629,33,75215,Male,Software Engineer,No Condition,130955
1720,Laura Davis,laura.davis66@yahoo.com,(673) 498-9925,33,94138,Female,Marketing Manager,Heart Disease,80199
1721,Courtney Nelson,courtney.nelson1@yahoo.com,(807) 429-9074,35,60677,Female,Physician,No Condition,218725
1722,Charles Williamson,charles.williamson80@yahoo.com,(994) 179-9670,52,10082,Male,Software Engineer,Cancer,131601
1723,April Casey,april.casey4@yahoo.com,(547) 485-9946,27,33167,Female,Marketing Manager,Asthma,110001
1724,Bernard Hicks,bernard.hicks76@hotmail.com,(684) 167-3478,59,98186,Male,Nurse,No Condition,113247
1725,Daniel Quinn,daniel.quinn51@hotmail.com,(681) 649-8044,39,60613,Male,Cashier,No Condition,27415
1726,Alejandro Jacobs,alejandro.jacobs27@hotmail.com,(386) 052-1026,36,33130,Non-binary,Accountant,Diabetes,59493
1727,Tonya Williams,tonya.williams53@yahoo.com,(548) 900-8248,37,94131,Female,Software Engineer,No Condition,103510
1728,Michael Garcia,michael.garcia91@gmail.com,(508) 898-3057,24,60684,Non-binary,Teacher,No Condition,49910
1729,Melvin Fernandez,melvin.fernandez58@gmail.com,(199) 741-8563,57,94138,Male,Software Engineer,No Condition,86387
1730,Brittany Choi,brittany.choi3@yahoo.com,(600) 030-5661,34,75215,Female,Cashier,Diabetes,36508
1731,Matthew Smith,matthew.smith78@yahoo.com,(564) 184-9378,53,75215,Male,Software Engineer,Diabetes,73823
1732,Jeffrey Hudson,jeffrey.hudson64@hotmail.com,(270) 187-2600,54,75262,Male,Software Engineer,Cancer,117699
1733,Mark Harris,mark.harris78@yahoo.com,(110) 344-4429,53,33143,Male,Teacher,Depression,60543
1734,James Hill,james.hill4@yahoo.com,(368) 652-4062,39,10053,Male,Cashier,No Condition,34338
1735,Audrey Kent,audrey.kent85@hotmail.com,(296) 725-6222,68,33143,Female,Lawyer,Diabetes,131671
1736,Lee Rivera,lee.rivera40@gmail.com,(947) 047-4764,30,94131,Male,Cashier,Diabetes,33993
1737,Donna Floyd,donna.floyd16@yahoo.com,(493) 965-2138,18,60622,Female,Chef,No Condition,38802
1738,Erik Burns,erik.burns89@gmail.com,(124) 553-1290,48,33143,Male,Accountant,No Condition,77283
1739,Patrick Foster,patrick.foster22@hotmail.com,(721) 173-2772,18,98158,Male,Cashier,No Condition,39715
1740,Raymond Herrera,raymond.herrera77@hotmail.com,(339) 585-5852,66,98118,Male,Marketing Manager,Hypertension,95235
1741,Kevin Torres,kevin.torres42@hotmail.com,(652) 516-1857,32,75290,Male,Software Engineer,No Condition,124059
1742,Lucas West,lucas.west96@gmail.com,(850) 805-4914,28,10053,Male,Marketing Manager,No Condition,88155
1743,Jesse Adams,jesse.adams98@gmail.com,(853) 524-7841,22,33119,Male,Nurse,Depression,77462
1744,Bryan Carpenter,bryan.carpenter89@hotmail.com,(497) 344-9305,39,60684,Male,Nurse,No Condition,72702
1745,Katherine Ferguson,katherine.ferguson34@gmail.com,(931) 836-1133,51,75262,Female,Nurse,Arthritis,75653
1746,Thomas Baird,thomas.baird37@yahoo.com,(308) 788-2815,26,33130,Male,Nurse,No Condition,73789
1747,Karen Alvarez,karen.alvarez66@gmail.com,(848) 625-1521,34,75290,Female,Chef,Asthma,38606
1748,Michael Ortiz,michael.ortiz10@hotmail.com,(235) 378-0189,18,33143,Male,Data Analyst,No Condition,57679
1749,Henry Jennings,henry.jennings40@gmail.com,(744) 671-7762,49,94138,Male,Accountant,Diabetes,60632
1750,Kevin Brown,kevin.brown20@yahoo.com,(733) 629-9946,55,75241,Male,Data Analyst,Heart Disease,66166
1751,Dennis Escobar,dennis.escobar59@gmail.com,(999) 990-0108,45,94172,Male,Cashier,Asthma,30247
1752,Gina Perez,gina.perez32@gmail.com,(983) 521-1896,57,94179,Female,Marketing Manager,Heart Disease,93877
1753,Dylan Roberts,dylan.roberts45@hotmail.com,(646) 488-4997,18,60627,Male,Graphic Designer,No Condition,54662
1754,Jeffrey Hoffman,jeffrey.hoffman93@yahoo.com,(175) 958-2819,29,98101,Male,Lawyer,No Condition,60427
1755,Christopher Jones,christopher.jones45@hotmail.com,(497) 891-2488,64,75241,Male,Data Analyst,No Condition,103312
1756,Mark Solomon,mark.solomon19@yahoo.com,(217) 059-8445,29,75215,Male,Electrician,Depression,67884
1757,Richard Norton,richard.norton31@gmail.com,(467) 286-8112,36,60613,Male,Accountant,No Condition,84189
1758,Margaret Clark,margaret.clark59@hotmail.com,(956) 811-9397,53,75241,Female,Marketing Manager,No Condition,81991
1759,Bobby Landry,bobby.landry8@yahoo.com,(190) 099-2177,54,98186,Male,Nurse,Asthma,69279
1760,Mitchell Hernandez,mitchell.hernandez5@yahoo.com,(169) 335-1588,30,33143,Non-binary,Nurse,No Condition,75570
1761,Paul Marshall,paul.marshall10@hotmail.com,(405) 326-0119,50,75241,Male,Data Analyst,Hypertension,94538
1762,Rachel Miller,rachel.miller56@gmail.com,(482) 974-2551,26,75262,Female,Teacher,No Condition,44883
1763,Nathaniel Williams,nathaniel.williams12@gmail.com,(185) 818-1045,65,60684,Male,Teacher,Hypertension,68974
1764,Shawn Evans,shawn.evans59@hotmail.com,(773) 615-8736,43,75253,Male,Software Engineer,Diabetes,91555
1765,Brenda Gonzales,brenda.gonzales31@gmail.com,(158) 969-3353,48,98101,Female,Teacher,Diabetes,63691
1766,Michael Sims,michael.sims91@hotmail.com,(756) 154-7315,47,10041,Male,Chef,Diabetes,56094
1767,Samantha Allen,samantha.allen47@yahoo.com,(792) 551-1643,40,60666,Female,Teacher,No Condition,58905
1768,Tina Austin,tina.austin48@hotmail.com,(928) 377-2702,47,10086,Female,Teacher,Arthritis,66917
1769,Kristopher Barajas,kristopher.barajas23@hotmail.com,(766) 053-4281,46,33143,Male,Cashier,No Condition,33823
1770,Renee Scott,renee.scott63@hotmail.com,(961) 019-7535,50,60613,Female,Cashier,Depression,33549
1771,Shane Walters,shane.walters32@yahoo.com,(164) 051-0388,30,75215,Male,Accountant,No Condition,81830
1772,Chad Baird,chad.baird49@gmail.com,(542) 763-6281,47,75241,Male,Cashier,Asthma,35960
1773,Madeline Rhodes,madeline.rhodes75@yahoo.com,(718) 939-5309,43,60613,Female,Lawyer,Hypertension,192212
1774,Laura Williams,laura.williams11@yahoo.com,(564) 909-2288,59,75215,Female,Marketing Manager,No Condition,107887
1775,Todd Hicks,todd.hicks98@yahoo.com,(255) 135-8727,52,60681,Male,Physician,Heart Disease,225190
1776,Jesse Beasley,jesse.beasley87@gmail.com,(568) 811-6403,58,60684,Male,Software Engineer,Hypertension,123008
1777,Theresa Garza,theresa.garza47@hotmail.com,(418) 738-7758,53,60684,Female,Lawyer,Arthritis,135797
1778,Morgan Lewis,morgan.lewis76@yahoo.com,(277) 041-3090,44,75262,Female,Marketing Manager,Hypertension,98890
1779,Tom Bailey,tom.bailey2@hotmail.com,(360) 282-6254,38,33130,Male,Data Analyst,No Condition,70526
1780,Wayne Bradshaw,wayne.bradshaw21@gmail.com,(123) 190-5772,48,60636,Male,Nurse,Hypertension,94353
1781,Debra Ramirez,debra.ramirez37@gmail.com,(607) 941-9324,30,98101,Female,Graphic Designer,Depression,65452
1782,Zachary Allen,zachary.allen72@hotmail.com,(510) 979-4122,49,75256,Male,Data Analyst,No Condition,66993
1783,Kimberly Owens,kimberly.owens57@hotmail.com,(387) 264-9632,55,10086,Female,Accountant,Heart Disease,78030
1784,Jake Braun,jake.braun18@yahoo.com,(222) 404-3261,22,33143,Male,Lawyer,Heart Disease,143978
1785,Joseph Howell,joseph.howell5@gmail.com,(834) 686-1630,37,98158,Male,Software Engineer,No Condition,117942
1786,Adam Payne,adam.payne13@yahoo.com,(720) 200-9536,35,60613,Male,Teacher,No Condition,57300
1787,Mikayla Jones,mikayla.jones16@yahoo.com,(636) 890-0577,59,94138,Female,Accountant,Hypertension,76524
1788,Amanda Davis,amanda.davis22@gmail.com,(225) 900-7397,32,94138,Female,Marketing Manager,Heart Disease,88674
1789,Chelsey Osborne,chelsey.osborne61@hotmail.com,(172) 211-3869,40,98158,Female,Physician,Asthma,228455
1790,Julia Kennedy,julia.kennedy57@gmail.com,(767) 221-0454,18,75241,Non-binary,Cashier,No Condition,27974
1791,Ricky Lutz,ricky.lutz44@gmail.com,(492) 817-0744,37,75215,Male,Cashier,Depression,29202
1792,Jennifer Lucero,jennifer.lucero58@gmail.com,(134) 422-5216,42,98118,Female,Marketing Manager,Arthritis,90037
1793,Charles White,charles.white14@hotmail.com,(341) 209-4477,27,33141,Male,Accountant,No Condition,89493
1794,James Johnson,james.johnson37@hotmail.com,(226) 551-3276,37,94138,Male,Accountant,Heart Disease,68276
1795,Matthew Morrison,matthew.morrison62@yahoo.com,(280) 245-5985,61,98158,Male,Lawyer,Heart Disease,148617
1796,James Anderson,james.anderson20@gmail.com,(791) 589-1268,30,94131,Male,Data Analyst,No Condition,71461
1797,Wyatt Warner,wyatt.warner76@hotmail.com,(398) 647-8686,18,75215,Male,Nurse,No Condition,75253
1798,Cindy Gray,cindy.gray71@gmail.com,(408) 844-7408,51,60622,Female,Software Engineer,No Condition,103593
1799,Jeffrey Sandoval,jeffrey.sandoval23@gmail.com,(291) 907-4992,41,98118,Male,Accountant,Hypertension,65929
1800,Jeffrey Williams,jeffrey.williams43@yahoo.com,(598) 369-2353,49,10053,Male,Data Analyst,Asthma,72255
1801,Kimberly Hicks,kimberly.hicks18@yahoo.com,(670) 821-3986,40,75262,Female,Teacher,Depression,58869
1802,Donald Lopez,donald.lopez91@hotmail.com,(602) 123-7205,68,33167,Male,Accountant,No Condition,66913
1803,Aaron Clark,aaron.clark40@gmail.com,(700) 008-8634,28,60684,Non-binary,Nurse,Asthma,73909
1804,Jesse Wheeler,jesse.wheeler66@hotmail.com,(200) 889-9114,33,98118,Male,Software Engineer,No Condition,105258
1805,Richard Smith,richard.smith94@hotmail.com,(916) 923-2737,52,33143,Non-binary,Nurse,Diabetes,90784
1806,Tony Ray,tony.ray78@yahoo.com,(990) 608-5481,46,33167,Male,Chef,No Condition,36970
1807,Jessica Cooke,jessica.cooke3@yahoo.com,(430) 009-9843,26,33167,Female,Cashier,No Condition,30195
1808,Jessica Zamora,jessica.zamora47@hotmail.com,(937) 118-1519,48,75215,Female,Electrician,Depression,78571
1809,Maria Benson,maria.benson50@yahoo.com,(282) 942-0340,34,10041,Female,Cashier,No Condition,23724
1810,Heidi Nguyen,heidi.nguyen57@gmail.com,(546) 607-5699,40,10041,Female,Software Engineer,Arthritis,99068
1811,Diane Zamora,diane.zamora69@yahoo.com,(566) 720-1082,26,98118,Female,Teacher,No Condition,54118
1812,Sierra Le,sierra.le22@gmail.com,(581) 822-3879,51,60681,Female,Teacher,Arthritis,64551
1813,Walter Hernandez,walter.hernandez69@yahoo.com,(320) 858-1745,49,75225,Male,Data Analyst,No Condition,59770
1814,Julie Clarke,julie.clarke96@yahoo.com,(536) 423-5700,52,98158,Female,Data Analyst,Cancer,77836
1815,Anita Harvey,anita.harvey98@hotmail.com,(628) 518-1612,26,75241,Female,Chef,Hypertension,45905
1816,Gregory Smith,gregory.smith11@hotmail.com,(561) 007-9230,51,94145,Male,Nurse,Hypertension,83951
1817,Jessica Johnson,jessica.johnson8@gmail.com,(328) 382-7101,44,94172,Female,Software Engineer,Diabetes,144385
1818,Curtis Strong,curtis.strong96@hotmail.com,(161) 512-0485,39,33143,Male,Marketing Manager,Asthma,85423
1819,Jonathan Jordan,jonathan.jordan42@yahoo.com,(734) 460-4227,34,10086,Male,Accountant,Depression,74846
1820,William Christian,william.christian95@yahoo.com,(860) 191-5305,37,94139,Male,Cashier,No Condition,32220
1821,Nathan Lindsey,nathan.lindsey62@gmail.com,(847) 243-5861,44,98101,Male,Graphic Designer,No Condition,77387
1822,Yvonne Nichols,yvonne.nichols86@gmail.com,(751) 272-6708,21,33130,Female,Data Analyst,Depression,82504
1823,Sarah Padilla,sarah.padilla9@yahoo.com,(956) 224-1976,45,94131,Female,Cashier,Depression,37629
1824,Jeremy Chase,jeremy.chase57@yahoo.com,(694) 771-2903,18,10041,Male,Teacher,No Condition,58183
1825,Alexis Gutierrez,alexis.gutierrez63@gmail.com,(684) 897-4223,56,33141,Female,Software Engineer,Heart Disease,115157
1826,Sharon Cain,sharon.cain63@yahoo.com,(604) 668-2121,70,75262,Female,Cashier,Arthritis,27703
1827,Richard Reynolds,richard.reynolds70@yahoo.com,(595) 254-9206,42,60613,Male,Cashier,No Condition,37917
1828,Robert Day,robert.day80@gmail.com,(311) 973-8818,45,33143,Male,Accountant,No Condition,97281
1829,Julie Smith,julie.smith98@hotmail.com,(363) 435-9488,57,60681,Female,Teacher,Hypertension,61818
1830,Nathaniel Rice,nathaniel.rice23@yahoo.com,(296) 806-6405,30,98193,Male,Marketing Manager,No Condition,119892
1831,Robert Kaiser,robert.kaiser30@gmail.com,(112) 543-4123,50,10041,Male,Software Engineer,No Condition,112789
1832,Bryan Morales,bryan.morales73@yahoo.com,(798) 603-7218,18,10041,Male,Data Analyst,No Condition,67979
1833,Amy Brown,amy.brown38@gmail.com,(103) 197-8999,31,75215,Female,Marketing Manager,Hypertension,72006
1834,Angela Aguirre,angela.aguirre4@gmail.com,(803) 471-3171,75,60681,Female,Data Analyst,No Condition,81609
1835,Pamela Peters,pamela.peters41@gmail.com,(516) 259-0841,51,94131,Female,Software Engineer,Hypertension,107465
1836,Megan Fields,megan.fields80@hotmail.com,(655) 011-3753,54,33130,Non-binary,Cashier,No Condition,38074
1837,Joseph Mccarthy,joseph.mccarthy68@gmail.com,(872) 887-8072,40,94162,Male,Chef,Hypertension,60050
1838,Linda Brown,linda.brown60@gmail.com,(871) 616-0881,30,98118,Female,Chef,No Condition,43484
1839,Vanessa Moore,vanessa.moore17@gmail.com,(899) 647-7183,44,75241,Female,Nurse,Depression,86110
1840,Gina Perez,gina.perez35@yahoo.com,(668) 102-4808,37,75241,Female,Accountant,No Condition,78002
1841,Richard Owens,richard.owens56@hotmail.com,(300) 244-3236,44,10086,Male,Software Engineer,Asthma,122317
1842,Christopher Holloway,christopher.holloway78@yahoo.com,(790) 696-8574,39,94138,Male,Accountant,No Condition,52083
1843,Mary Smith,mary.smith31@yahoo.com,(251) 691-3952,24,94145,Female,Data Analyst,No Condition,66278
1844,Erica Fitzgerald,erica.fitzgerald49@yahoo.com,(642) 610-7033,37,10041,Female,Cashier,Arthritis,35208
1845,Amber Everett,amber.everett18@hotmail.com,(384) 243-1983,45,75241,Female,Software Engineer,Arthritis,95781
1846,Dylan Wyatt,dylan.wyatt60@hotmail.com,(113) 004-1691,24,33143,Male,Cashier,No Condition,25131
1847,Emily Perez,emily.perez62@gmail.com,(715) 167-5864,33,60666,Female,Marketing Manager,Depression,90951
1848,Jennifer Sanchez,jennifer.sanchez91@hotmail.com,(195) 348-1105,26,10041,Non-binary,Data Analyst,Depression,48795
1849,Robert Gilmore,robert.gilmore4@yahoo.com,(676) 427-8961,45,94139,Male,Nurse,Asthma,95688
1850,John Arnold,john.arnold36@yahoo.com,(412) 817-7512,81,94131,Male,Cashier,Cancer,39906
1851,Leslie Hubbard,leslie.hubbard90@yahoo.com,(881) 554-2609,51,75262,Female,Accountant,No Condition,74325
1852,Christopher Navarro,christopher.navarro84@gmail.com,(324) 465-4677,34,33143,Male,Data Analyst,Diabetes,78120
1853,Andrew Brown,andrew.brown39@gmail.com,(507) 308-7156,39,75241,Male,Nurse,No Condition,83716
1854,Nicole Castillo,nicole.castillo71@hotmail.com,(937) 031-7543,65,94179,Female,Graphic Designer,Cancer,38696
1855,Alexis Lopez,alexis.lopez72@yahoo.com,(341) 485-7260,39,10041,Female,Data Analyst,No Condition,82514
1856,Kristine Cook,kristine.cook82@yahoo.com,(886) 272-8840,28,33167,Female,Data Analyst,Depression,64473
1857,Jason King,jason.king50@gmail.com,(976) 327-1353,32,98158,Male,Software Engineer,No Condition,115371
1858,Tracy Morales,tracy.morales60@yahoo.com,(125) 923-8687,44,98193,Female,Data Analyst,No Condition,73625
1859,Jennifer Powers,jennifer.powers97@gmail.com,(648) 869-3205,24,10041,Female,Software Engineer,No Condition,115833
1860,Richard Green,richard.green55@yahoo.com,(608) 927-3961,44,60684,Male,Physician,Depression,208941
1861,Kyle Cole,kyle.cole86@yahoo.com,(805) 356-7078,31,94139,Male,Data Analyst,Depression,63118
1862,Kathryn Morgan,kathryn.morgan59@yahoo.com,(326) 190-3842,44,75247,Female,Software Engineer,No Condition,90082
1863,John Dalton,john.dalton35@hotmail.com,(227) 320-2227,71,33143,Male,Marketing Manager,Depression,107065
1864,Brian Jones,brian.jones69@yahoo.com,(157) 691-7162,18,33111,Male,Data Analyst,No Condition,70271
1865,Peggy Moore,peggy.moore92@hotmail.com,(151) 448-6983,47,98118,Female,Graphic Designer,Arthritis,64744
1866,Jade Case,jade.case87@yahoo.com,(990) 392-2026,43,60613,Female,Nurse,Hypertension,86170
1867,Adrian Shea,adrian.shea1@yahoo.com,(226) 471-0680,30,10086,Male,Marketing Manager,Arthritis,81821
1868,Jerry Stephenson,jerry.stephenson6@gmail.com,(531) 637-0500,28,10053,Male,Graphic Designer,No Condition,67758
1869,Kevin Clark,kevin.clark26@yahoo.com,(372) 446-9317,44,33141,Male,Teacher,Asthma,53718
1870,Justin Patton,justin.patton79@yahoo.com,(538) 083-9065,59,60613,Male,Marketing Manager,Heart Disease,82863
1871,Antonio Ibarra,antonio.ibarra23@hotmail.com,(898) 519-3932,43,75262,Male,Cashier,Hypertension,26822
1872,Mercedes Esparza,mercedes.esparza16@yahoo.com,(128) 129-1635,49,75262,Female,Data Analyst,No Condition,90869
1873,Edwin Barton,edwin.barton23@yahoo.com,(302) 667-6527,28,75262,Male,Cashier,No Condition,26913
1874,Juan Torres,juan.torres75@gmail.com,(997) 499-5070,18,60666,Male,Data Analyst,No Condition,63397
1875,Shannon Graham,shannon.graham21@gmail.com,(267) 560-2080,46,33143,Female,Graphic Designer,Heart Disease,50810
1876,Krystal Kirby,krystal.kirby81@gmail.com,(190) 221-5439,53,33143,Female,Marketing Manager,Diabetes,104986
1877,Diana Daniels,diana.daniels9@gmail.com,(193) 225-3332,20,10086,Female,Nurse,Depression,91309
1878,Tina Sanchez,tina.sanchez12@gmail.com,(602) 555-0193,38,94192,Female,Nurse,Depression,72417
1879,Drew Hogan,drew.hogan91@hotmail.com,(403) 698-8843,28,98118,Male,Electrician,Asthma,56939
1880,Nicole Sanchez,nicole.sanchez32@gmail.com,(143) 629-6208,27,10086,Female,Data Analyst,Asthma,72245
1881,Hannah Francis,hannah.francis84@hotmail.com,(831) 244-1290,18,33130,Female,Teacher,No Condition,43572
1882,Richard Potter,richard.potter87@yahoo.com,(859) 992-0123,57,60636,Male,Marketing Manager,Heart Disease,91381
1883,James Jones,james.jones55@yahoo.com,(549) 542-1062,43,60613,Male,Data Analyst,No Condition,93982
1884,Martin Knight,martin.knight67@yahoo.com,(459) 192-2671,59,60684,Male,Electrician,Depression,67159
1885,Brett Watson,brett.watson31@hotmail.com,(562) 647-5286,29,10040,Male,Electrician,Asthma,53765
1886,Janet Merritt,janet.merritt22@gmail.com,(309) 617-3009,68,94192,Female,Electrician,Depression,73379
1887,Mary Suarez,mary.suarez20@yahoo.com,(452) 403-2115,29,94138,Female,Software Engineer,Hypertension,86273
1888,Scott Gomez,scott.gomez50@yahoo.com,(114) 321-9143,60,75215,Male,Graphic Designer,No Condition,59638
1889,Joseph Alexander,joseph.alexander27@hotmail.com,(372) 479-2542,29,98158,Male,Accountant,Depression,65158
1890,Tricia Shaw,tricia.shaw11@gmail.com,(845) 819-2048,18,94138,Female,Teacher,No Condition,32192
1891,Johnathan Reynolds,johnathan.reynolds25@hotmail.com,(769) 333-2998,32,60613,Male,Marketing Manager,Asthma,85829
1892,Hector Howard,hector.howard41@hotmail.com,(902) 578-4640,54,94145,Male,Cashier,Cancer,34985
1893,Felicia Gordon,felicia.gordon6@yahoo.com,(788) 382-5672,64,33167,Female,Cashier,Diabetes,29275
1894,Rachel Smith,rachel.smith84@hotmail.com,(646) 729-2543,59,98118,Female,Chef,Hypertension,47468
1895,Nancy Miller,nancy.miller39@hotmail.com,(962) 822-2501,41,98118,Female,Nurse,Asthma,95134
1896,Clifford Daniel,clifford.daniel95@hotmail.com,(562) 472-8639,51,60613,Male,Physician,Diabetes,251148
1897,Stanley Lucas,stanley.lucas13@gmail.com,(122) 341-4992,54,75215,Male,Cashier,Asthma,35252
1898,Rachel Jacobs,rachel.jacobs72@hotmail.com,(566) 270-2660,45,60684,Female,Nurse,No Condition,97979
1899,Tamara Snow,tamara.snow58@gmail.com,(195) 632-1740,53,94138,Female,Software Engineer,No Condition,137655
1900,Michelle Mendez,michelle.mendez71@gmail.com,(319) 335-3892,22,33143,Female,Accountant,No Condition,50739
1901,Christopher Huff,christopher.huff52@gmail.com,(319) 360-0608,44,10041,Male,Nurse,No Condition,89546
1902,Joel Hopkins,joel.hopkins64@yahoo.com,(764) 616-0762,18,75241,Male,Nurse,No Condition,78024
1903,Diana Erickson,diana.erickson75@hotmail.com,(550) 095-3723,26,60666,Female,Graphic Designer,No Condition,47321
1904,Jessica Wallace,jessica.wallace12@yahoo.com,(523) 133-6109,54,10049,Female,Cashier,Cancer,38563
1905,Douglas Davis,douglas.davis20@yahoo.com,(442) 316-5441,32,10041,Male,Marketing Manager,No Condition,79524
1906,Joe Marshall,joe.marshall4@hotmail.com,(568) 576-0634,67,33143,Male,Graphic Designer,No Condition,75586
1907,Christopher Villegas,christopher.villegas65@yahoo.com,(161) 755-1887,18,94131,Male,Cashier,No Condition,25668
1908,Yolanda Huff,yolanda.huff21@yahoo.com,(599) 932-4202,51,98193,Female,Nurse,Heart Disease,88945
1909,Kristina Griffin,kristina.griffin30@yahoo.com,(441) 723-4565,41,75256,Female,Electrician,Asthma,64450
1910,Kathryn Price,kathryn.price44@yahoo.com,(779) 025-4853,41,75262,Female,Nurse,No Condition,79703
1911,Ryan Taylor,ryan.taylor66@hotmail.com,(290) 472-3864,44,60636,Male,Marketing Manager,No Condition,93540
1912,Matthew Krause,matthew.krause3@gmail.com,(295) 385-5742,27,94138,Male,Nurse,No Condition,74316
1913,James Ramirez,james.ramirez52@yahoo.com,(599) 009-3781,53,10053,Male,Data Analyst,Depression,103652
1914,Michael Williams,michael.williams92@yahoo.com,(461) 437-8844,34,10053,Male,Nurse,Depression,65781
1915,Stephen Foster,stephen.foster64@yahoo.com,(718) 756-4672,51,98101,Non-binary,Teacher,Cancer,55916
1916,Paul Powell,paul.powell17@gmail.com,(154) 185-8990,29,75262,Male,Software Engineer,No Condition,144063
1917,Chase Alvarez,chase.alvarez21@hotmail.com,(929) 108-4507,26,98118,Male,Data Analyst,No Condition,59517
1918,Janice Roberts,janice.roberts9@gmail.com,(556) 605-0337,79,60627,Female,Teacher,Heart Disease,59580
1919,Suzanne Vargas,suzanne.vargas79@gmail.com,(230) 677-3067,51,75215,Female,Accountant,No Condition,76800
1920,Joshua Taylor,joshua.taylor29@hotmail.com,(926) 679-4190,39,33143,Male,Nurse,No Condition,90632
1921,Jesse Holland,jesse.holland60@yahoo.com,(753) 859-0673,26,60681,Male,Software Engineer,Asthma,78437
1922,Dan Frazier,dan.frazier39@gmail.com,(589) 876-0550,27,94145,Male,Electrician,Asthma,54830
1923,Laura Taylor,laura.taylor73@gmail.com,(170) 486-1867,33,60684,Female,Marketing Manager,Hypertension,81162
1924,Jason Harris,jason.harris87@gmail.com,(316) 290-7399,42,98186,Male,Software Engineer,Asthma,124166
1925,Pamela Hicks,pamela.hicks19@hotmail.com,(619) 827-1826,35,10053,Female,Data Analyst,No Condition,75911
1926,Tracy Hammond,tracy.hammond22@gmail.com,(371) 708-6494,21,60627,Female,Cashier,No Condition,27276
1927,Jared Carter,jared.carter91@gmail.com,(139) 831-3549,52,60677,Male,Graphic Designer,Hypertension,54531
1928,Ashley Howard,ashley.howard34@hotmail.com,(696) 706-9219,34,10049,Female,Marketing Manager,Heart Disease,93902
1929,Sabrina Gonzales,sabrina.gonzales19@gmail.com,(554) 982-4388,46,75215,Female,Data Analyst,Hypertension,91841
1930,Matthew Sanchez,matthew.sanchez29@gmail.com,(721) 781-6780,49,10041,Male,Chef,Hypertension,57052
1931,Cynthia Finley,cynthia.finley16@yahoo.com,(331) 589-0164,65,94138,Non-binary,Chef,No Condition,44107
1932,Stephanie Valdez,stephanie.valdez50@gmail.com,(350) 370-1709,32,10082,Female,Marketing Manager,Arthritis,98328
1933,Jason Evans,jason.evans42@yahoo.com,(303) 088-0817,43,10082,Male,Software Engineer,Diabetes,104675
1934,Jennifer Rice,jennifer.rice88@hotmail.com,(868) 244-8500,25,60613,Female,Marketing Manager,No Condition,83578
1935,Brittany Romero,brittany.romero87@hotmail.com,(159) 274-1168,45,60613,Female,Chef,No Condition,39437
1936,Jenny Vargas,jenny.vargas40@gmail.com,(996) 127-6620,38,75262,Female,Data Analyst,No Condition,73096
1937,Andrew Anderson,andrew.anderson36@gmail.com,(539) 170-2634,61,60622,Male,Lawyer,Cancer,131865
1938,Derrick Nguyen,derrick.nguyen42@hotmail.com,(162) 458-7012,37,94131,Male,Cashier,No Condition,25823
1939,Noah Phillips,noah.phillips24@hotmail.com,(224) 253-6909,39,33143,Male,Physician,No Condition,338285
1940,Teresa Moore,teresa.moore49@gmail.com,(775) 302-8497,53,10041,Female,Chef,Heart Disease,53417
1941,Rodney Mcintosh,rodney.mcintosh78@gmail.com,(639) 670-2436,44,94145,Male,Nurse,Arthritis,76608
1942,Casey Hubbard,casey.hubbard21@hotmail.com,(940) 553-6481,40,75262,Male,Nurse,Diabetes,84611
1943,Robin Clarke,robin.clarke92@yahoo.com,(803) 648-8215,31,60613,Female,Graphic Designer,Asthma,75502
1944,Zachary Wright,zachary.wright96@yahoo.com,(746) 623-2360,54,33143,Male,Electrician,Heart Disease,87735
1945,Richard Ford,richard.ford8@hotmail.com,(886) 491-2594,47,60622,Non-binary,Nurse,No Condition,83723
1946,Tracy Wyatt,tracy.wyatt6@hotmail.com,(322) 042-9862,26,75262,Female,Accountant,No Condition,59374
1947,Tonya Elliott,tonya.elliott44@gmail.com,(306) 661-7996,43,75262,Female,Teacher,No Condition,58884
1948,Chelsea Cooper,chelsea.cooper22@hotmail.com,(999) 299-8335,50,60684,Female,Teacher,Cancer,53760
1949,Nicholas Grimes,nicholas.grimes90@yahoo.com,(188) 777-9256,62,75262,Male,Cashier,Heart Disease,43120
1950,Elizabeth Wright,elizabeth.wright29@hotmail.com,(920) 849-3153,34,60677,Female,Software Engineer,Depression,102538
1951,Nichole Cherry,nichole.cherry20@hotmail.com,(512) 260-0014,46,10006,Female,Marketing Manager,No Condition,84494
1952,Anthony Werner,anthony.werner26@hotmail.com,(276) 291-4304,24,94192,Male,Cashier,No Condition,27047
1953,Claudia Wilson,claudia.wilson74@gmail.com,(989) 752-8720,60,94131,Female,Teacher,No Condition,63308
1954,Jessica Murphy,jessica.murphy42@hotmail.com,(164) 224-0592,40,60677,Female,Lawyer,No Condition,117485
1955,Kelly Hall,kelly.hall38@gmail.com,(909) 766-9194,37,94131,Female,Teacher,Diabetes,65498
1956,Taylor Morales,taylor.morales30@hotmail.com,(680) 568-2017,45,94131,Male,Marketing Manager,No Condition,123666
1957,David Mcconnell,david.mcconnell75@yahoo.com,(396) 618-6957,32,75241,Male,Accountant,No Condition,66401
1958,Norma Pearson,norma.pearson74@hotmail.com,(640) 434-7412,29,10053,Female,Software Engineer,No Condition,94660
1959,Darius Jones,darius.jones44@gmail.com,(879) 561-0077,66,60677,Male,Software Engineer,No Condition,161276
1960,Craig Jackson,craig.jackson64@yahoo.com,(650) 361-9202,33,98193,Male,Marketing Manager,Arthritis,64174
1961,Sandra Garner,sandra.garner1@hotmail.com,(191) 938-7337,20,10053,Female,Cashier,Asthma,36886
1962,Cheryl Dennis,cheryl.dennis4@yahoo.com,(744) 748-9047,61,10006,Female,Data Analyst,No Condition,74090
1963,Alexander Brady,alexander.brady60@hotmail.com,(262) 351-0765,37,60636,Male,Software Engineer,No Condition,123480
1964,Paula Franklin,paula.franklin27@yahoo.com,(608) 517-3289,33,33143,Female,Graphic Designer,No Condition,66252
1965,Angela Bell,angela.bell30@gmail.com,(640) 918-5805,31,10082,Female,Marketing Manager,No Condition,77699
1966,Kimberly Miller,kimberly.miller93@hotmail.com,(215) 744-9653,45,75253,Female,Accountant,Asthma,71877
1967,Sandra Williams,sandra.williams24@yahoo.com,(670) 040-9304,34,94138,Non-binary,Nurse,Hypertension,79898
1968,Stephanie Wilson,stephanie.wilson44@yahoo.com,(403) 982-2180,43,75253,Female,Lawyer,Asthma,83887
1969,Leah Long,leah.long35@gmail.com,(803) 858-8640,40,94192,Female,Electrician,No Condition,61645
1970,Kimberly Smith,kimberly.smith22@yahoo.com,(452) 951-6469,48,60613,Female,Teacher,No Condition,49270
1971,Sharon Bowen,sharon.bowen38@yahoo.com,(162) 303-9744,62,60662,Female,Physician,Diabetes,248180
1972,Jonathan Hunter,jonathan.hunter98@gmail.com,(367) 089-8709,60,10053,Male,Lawyer,Arthritis,142381
1973,Amanda Shelton,amanda.shelton6@gmail.com,(399) 184-3113,43,60613,Female,Electrician,Arthritis,69123
1974,Rita Gray,rita.gray98@gmail.com,(758) 485-8052,20,75241,Female,Electrician,Diabetes,45857
1975,Daisy Barrett,daisy.barrett20@gmail.com,(496) 047-2205,18,33130,Female,Software Engineer,No Condition,108478
1976,Kyle Ruiz,kyle.ruiz12@gmail.com,(377) 454-4708,51,75241,Male,Software Engineer,Heart Disease,107479
1977,Thomas Woodard,thomas.woodard30@gmail.com,(571) 461-9953,38,98101,Male,Data Analyst,No Condition,77559
1978,Jennifer Sparks,jennifer.sparks36@yahoo.com,(662) 623-5960,44,75241,Female,Chef,No Condition,58101
1979,David Smith,david.smith77@hotmail.com,(861) 840-2578,43,10021,Male,Software Engineer,Depression,138004
1980,Aaron Meadows,aaron.meadows8@hotmail.com,(460) 506-3066,41,60613,Male,Nurse,No Condition,61867
1981,Ryan Smith,ryan.smith28@gmail.com,(228) 164-0989,32,75262,Non-binary,Accountant,No Condition,68268
1982,Alexandra Robinson,alexandra.robinson92@gmail.com,(191) 203-0252,63,98101,Female,Accountant,No Condition,69711
1983,Lee Morgan,lee.morgan35@hotmail.com,(337) 597-9531,64,60684,Male,Data Analyst,No Condition,103544
1984,Tracy Williams,tracy.williams78@hotmail.com,(586) 027-5745,29,60613,Female,Teacher,Depression,66003
1985,Robert Jarvis,robert.jarvis28@hotmail.com,(420) 548-9445,38,75262,Male,Software Engineer,No Condition,99035
1986,Jose Martinez,jose.martinez33@gmail.com,(581) 896-5583,39,98118,Male,Electrician,Asthma,61374
1987,Stephen Bruce,stephen.bruce42@yahoo.com,(866) 229-5217,64,94192,Male,Lawyer,Arthritis,178777
1988,Amy Lyons,amy.lyons36@yahoo.com,(103) 616-2486,38,33143,Female,Marketing Manager,No Condition,98198
1989,Jo Phillips,jo.phillips60@hotmail.com,(926) 602-3515,58,75241,Female,Electrician,Heart Disease,66504
1990,Jacob Jones,jacob.jones71@gmail.com,(701) 731-6715,33,75241,Male,Cashier,No Condition,22385
1991,Amy Rose,amy.rose55@hotmail.com,(605) 224-4133,23,10053,Female,Data Analyst,Arthritis,54622
1992,Eric Bradley,eric.bradley72@gmail.com,(664) 531-5790,50,98101,Male,Nurse,No Condition,87939
1993,Miranda Martinez,miranda.martinez30@hotmail.com,(418) 986-6469,39,94138,Female,Nurse,No Condition,93830
1994,Jeffrey Price,jeffrey.price45@gmail.com,(783) 359-7487,35,98118,Male,Teacher,No Condition,60945
1995,Joshua Smith,joshua.smith69@hotmail.com,(470) 237-7184,57,94162,Male,Marketing Manager,Diabetes,109156
1996,Savannah Shaffer,savannah.shaffer69@gmail.com,(492) 209-5673,20,98118,Female,Nurse,Heart Disease,81874
1997,Chelsey Roth,chelsey.roth30@hotmail.com,(197) 323-9644,19,60627,Female,Electrician,No Condition,47312
1998,Jacob Castro,jacob.castro29@gmail.com,(553) 267-6992,58,75241,Non-binary,Chef,Asthma,45290
1999,Frederick Kennedy,frederick.kennedy24@gmail.com,(392) 385-2023,39,33119,Non-binary,Marketing Manager,No Condition,112789
2000,Alex Davis,alex.davis79@hotmail.com,(501) 693-3284,36,33130,Male,Marketing Manager,Cancer,80775
2001,Brenda Nixon,brenda.nixon43@yahoo.com,(619) 982-9075,44,33167,Female,Data Analyst,No Condition,91060
2002,Scott Murphy,scott.murphy56@yahoo.com,(252) 607-5699,49,75241,Male,Software Engineer,No Condition,134504
2003,Dakota Chung,dakota.chung32@gmail.com,(300) 643-3226,56,60681,Male,Cashier,No Condition,38246
2004,Thomas Vasquez,thomas.vasquez8@yahoo.com,(573) 316-8066,23,75241,Male,Electrician,No Condition,55544
2005,Nicholas Johnson,nicholas.johnson77@yahoo.com,(603) 850-3605,43,60684,Male,Accountant,No Condition,79551
2006,Christopher Gordon,christopher.gordon47@yahoo.com,(524) 107-4027,25,10082,Male,Software Engineer,No Condition,93666
2007,Albert Wong,albert.wong38@yahoo.com,(175) 826-7625,36,75262,Male,Lawyer,Diabetes,144286
2008,Sarah Jordan,sarah.jordan27@gmail.com,(700) 363-8564,38,75215,Female,Cashier,Diabetes,37883
2009,Nicholas Campbell,nicholas.campbell73@yahoo.com,(845) 979-3183,30,94138,Male,Software Engineer,No Condition,100124
2010,Paul Roberson,paul.roberson40@hotmail.com,(649) 149-8609,42,60636,Male,Teacher,Asthma,54268
2011,Robin Smith,robin.smith96@yahoo.com,(493) 266-4322,45,33130,Female,Software Engineer,Arthritis,97077
2012,Vanessa Scott,vanessa.scott81@yahoo.com,(612) 128-9811,30,75262,Female,Lawyer,Hypertension,127784
2013,Luis Hart,luis.hart21@yahoo.com,(334) 001-2762,35,75241,Male,Teacher,Heart Disease,66896
2014,Susan Velasquez,susan.velasquez34@hotmail.com,(847) 422-5678,37,98186,Female,Cashier,No Condition,42617
2015,Amy Palmer,amy.palmer98@hotmail.com,(682) 237-8870,38,94192,Female,Marketing Manager,No Condition,66371
2016,Matthew Kaufman,matthew.kaufman11@yahoo.com,(616) 806-1349,30,10006,Male,Accountant,Diabetes,74567
2017,James Mcdonald,james.mcdonald36@hotmail.com,(598) 460-5867,56,75262,Male,Nurse,Hypertension,95557
2018,Keith Robles,keith.robles90@gmail.com,(183) 097-2361,41,94138,Male,Nurse,No Condition,80952
2019,Sara Brown,sara.brown30@gmail.com,(661) 662-0165,64,33111,Female,Accountant,Arthritis,60241
2020,Steven Oconnor,steven.oconnor22@hotmail.com,(686) 457-8655,61,98101,Male,Teacher,Depression,75240
2021,Stacy Bell,stacy.bell18@gmail.com,(847) 640-0068,30,60681,Female,Nurse,No Condition,82133
2022,Gail Buchanan,gail.buchanan21@yahoo.com,(582) 405-1665,44,75262,Female,Teacher,Arthritis,56700
2023,Frederick Moore,frederick.moore11@yahoo.com,(344) 189-9740,42,10082,Male,Teacher,No Condition,59646
2024,Rebecca Whitaker,rebecca.whitaker32@gmail.com,(186) 860-8357,48,10041,Female,Physician,Hypertension,182101
2025,Nicholas Chavez,nicholas.chavez20@gmail.com,(763) 094-4238,37,75241,Male,Software Engineer,Depression,87374
2026,Antonio Williams,antonio.williams84@hotmail.com,(250) 898-3094,39,75215,Male,Software Engineer,No Condition,111046
2027,Christy Contreras,christy.contreras25@gmail.com,(396) 197-9797,57,75241,Female,Cashier,Hypertension,41101
2028,Ryan Rogers,ryan.rogers80@gmail.com,(184) 135-6948,44,94192,Male,Chef,No Condition,46694
2029,Elizabeth Rocha,elizabeth.rocha26@yahoo.com,(835) 674-8095,64,60613,Female,Cashier,Diabetes,31584
2030,Margaret Ashley,margaret.ashley63@hotmail.com,(340) 598-0260,43,94138,Female,Software Engineer,Depression,93145
2031,Mitchell King,mitchell.king43@gmail.com,(503) 158-9258,32,60636,Male,Data Analyst,No Condition,66578
2032,Lisa Pitts,lisa.pitts42@yahoo.com,(834) 203-1977,54,60677,Female,Teacher,Diabetes,62848
2033,Dustin Kim,dustin.kim27@yahoo.com,(395) 141-8648,24,60662,Male,Software Engineer,No Condition,112973
2034,Christina Mason,christina.mason85@hotmail.com,(729) 586-8419,36,60666,Female,Nurse,Depression,91134
2035,Christopher Lucas,christopher.lucas82@gmail.com,(826) 058-6942,19,33143,Male,Physician,No Condition,177978
2036,Jennifer Castillo,jennifer.castillo11@hotmail.com,(431) 730-6629,56,75215,Female,Chef,Cancer,51240
2037,Matthew May,matthew.may57@hotmail.com,(515) 181-7882,62,60613,Male,Nurse,Heart Disease,105085
2038,Kimberly Mercado,kimberly.mercado97@yahoo.com,(359) 469-8906,24,60684,Non-binary,Data Analyst,No Condition,74033
2039,Cynthia Stevens,cynthia.stevens30@gmail.com,(337) 179-8902,49,10041,Female,Accountant,Heart Disease,59190
2040,Crystal Shelton,crystal.shelton11@hotmail.com,(500) 654-8708,23,75262,Female,Teacher,Asthma,48459
2041,Robert Joyce,robert.joyce3@hotmail.com,(954) 176-7553,35,94172,Male,Chef,No Condition,53620
2042,Angela Cardenas,angela.cardenas19@hotmail.com,(289) 073-7815,46,75262,Female,Teacher,Heart Disease,53153
2043,Frank Morrison,frank.morrison67@hotmail.com,(494) 589-6268,26,60684,Male,Marketing Manager,No Condition,85358
2044,Kathy Pierce,kathy.pierce43@yahoo.com,(363) 802-0761,49,75241,Female,Accountant,Asthma,78730
2045,Cynthia Ross,cynthia.ross47@gmail.com,(321) 905-1881,77,60622,Female,Lawyer,Depression,135081
2046,Tanya Holland,tanya.holland19@hotmail.com,(786) 182-0706,34,60666,Female,Data Analyst,No Condition,79060
2047,Michelle Horn,michelle.horn6@hotmail.com,(901) 079-2372,43,60627,Female,Chef,Diabetes,55140
2048,Brianna Tran,brianna.tran97@gmail.com,(634) 864-9703,41,10084,Female,Graphic Designer,Asthma,60185
2049,Amanda Henry,amanda.henry86@yahoo.com,(189) 683-3557,54,75256,Female,Graphic Designer,Depression,58957
2050,Rebecca Ramos,rebecca.ramos57@hotmail.com,(812) 315-5505,45,94131,Female,Data Analyst,Arthritis,88535
2051,Michael Johnson,michael.johnson30@gmail.com,(518) 799-3844,41,60666,Male,Software Engineer,Heart Disease,115451
2052,Andrew Richardson,andrew.richardson9@hotmail.com,(283) 114-1470,23,94138,Male,Data Analyst,Asthma,92137
2053,Nicole Mayer,nicole.mayer13@hotmail.com,(950) 368-7156,40,10053,Female,Accountant,No Condition,64839
2054,Kyle Manning,kyle.manning9@hotmail.com,(577) 978-0234,56,60613,Male,Graphic Designer,Asthma,84327
2055,Howard Hunt,howard.hunt38@yahoo.com,(167) 940-3664,18,33143,Male,Chef,Asthma,37846
2056,Austin Robinson,austin.robinson75@gmail.com,(895) 737-8315,24,33167,Male,Cashier,Depression,28793
2057,Jacob Mccarthy,jacob.mccarthy57@gmail.com,(192) 731-8683,55,33143,Male,Graphic Designer,Hypertension,49546
2058,Breanna Gallegos,breanna.gallegos82@yahoo.com,(785) 423-3241,25,10041,Female,Software Engineer,No Condition,146289
2059,Scott Doyle,scott.doyle7@gmail.com,(885) 483-9660,44,60622,Male,Teacher,No Condition,65776
2060,Susan Evans,susan.evans14@yahoo.com,(574) 621-5958,30,60613,Female,Teacher,No Condition,59324
2061,Matthew Dorsey,matthew.dorsey11@yahoo.com,(349) 161-7050,53,98186,Male,Nurse,Diabetes,115056
2062,Steven Jones,steven.jones2@hotmail.com,(516) 981-4134,31,94131,Male,Graphic Designer,No Condition,52368
2063,Mary Hughes,mary.hughes76@gmail.com,(394) 837-7402,30,94139,Female,Marketing Manager,Asthma,79536
2064,Joshua Roberts,joshua.roberts22@hotmail.com,(733) 026-5099,18,33180,Male,Nurse,Asthma,62453
2065,Michelle Lopez,michelle.lopez61@hotmail.com,(736) 677-1966,18,94131,Female,Marketing Manager,Depression,75545
2066,Jessica Miller,jessica.miller31@gmail.com,(456) 342-0222,47,75215,Female,Lawyer,Hypertension,177038
2067,Derrick Chapman,derrick.chapman42@gmail.com,(113) 768-3675,31,33167,Male,Electrician,Diabetes,52880
2068,Anna Lin,anna.lin84@hotmail.com,(115) 244-6144,41,75253,Female,Teacher,Diabetes,65627
2069,Lisa Lewis,lisa.lewis55@yahoo.com,(117) 465-6426,36,98118,Female,Software Engineer,Heart Disease,121434
2070,Ashley Reyes,ashley.reyes39@yahoo.com,(626) 319-9569,54,94138,Female,Accountant,Hypertension,80749
2071,Henry Chang,henry.chang42@hotmail.com,(127) 764-1490,50,33167,Male,Marketing Manager,Hypertension,95543
2072,Daniel Garrison,daniel.garrison89@hotmail.com,(550) 255-1344,44,33143,Male,Accountant,No Condition,73915
2073,Shaun Ross,shaun.ross94@gmail.com,(428) 839-0473,58,60613,Male,Electrician,Arthritis,70721
2074,Andrea Buckley,andrea.buckley51@yahoo.com,(261) 574-9325,27,75241,Female,Electrician,No Condition,75158
2075,Ashley Horton,ashley.horton2@hotmail.com,(178) 879-5312,51,75253,Female,Nurse,Hypertension,86071
2076,Donna Aguilar,donna.aguilar25@yahoo.com,(937) 766-1830,38,60613,Female,Marketing Manager,Depression,76348
2077,Robert Shaw,robert.shaw5@gmail.com,(618) 731-4391,30,33143,Male,Software Engineer,No Condition,116717
2078,Anna Brown,anna.brown37@gmail.com,(267) 862-1078,55,75241,Female,Cashier,Diabetes,36134
2079,Kimberly Davis,kimberly.davis95@hotmail.com,(768) 564-2570,41,75262,Female,Nurse,Arthritis,79773
2080,Maria Pearson,maria.pearson67@gmail.com,(426) 933-1542,52,10053,Female,Cashier,Depression,39074
2081,Adam Johnson,adam.johnson30@gmail.com,(330) 286-5505,40,60636,Male,Software Engineer,Heart Disease,104846
2082,Carol Yang,carol.yang33@gmail.com,(242) 066-7015,35,60677,Female,Accountant,No Condition,70729
2083,Dawn Rodgers,dawn.rodgers78@hotmail.com,(320) 166-3382,48,33143,Female,Cashier,Depression,41032
2084,Chad Taylor,chad.taylor35@gmail.com,(705) 392-2205,64,94131,Male,Accountant,Hypertension,79360
2085,Charles Johnson,charles.johnson86@hotmail.com,(490) 113-4843,34,98118,Male,Nurse,Heart Disease,79015
2086,Kenneth Lee,kenneth.lee19@hotmail.com,(525) 286-1323,52,94138,Male,Data Analyst,No Condition,93721
2087,Gabriela Heath,gabriela.heath82@hotmail.com,(545) 234-2864,19,94138,Female,Chef,No Condition,41518
2088,Leon Patterson,leon.patterson58@gmail.com,(124) 986-6342,38,75256,Male,Nurse,No Condition,90862
2089,Nicholas Aguilar,nicholas.aguilar17@yahoo.com,(336) 773-4985,35,94145,Male,Electrician,Cancer,46130
2090,Lisa Greer,lisa.greer89@yahoo.com,(261) 526-6559,47,98118,Female,Chef,No Condition,58111
2091,Debra Gallagher,debra.gallagher16@yahoo.com,(225) 380-9664,44,60677,Female,Teacher,No Condition,55504
2092,Deborah Patton,deborah.patton55@yahoo.com,(733) 695-2474,40,10082,Female,Chef,No Condition,43151
2093,Jeffrey Stewart,jeffrey.stewart64@gmail.com,(453) 896-2985,61,75241,Male,Software Engineer,No Condition,85799
2094,Eric Harris,eric.harris49@hotmail.com,(367) 924-1571,33,33143,Non-binary,Teacher,Depression,49461
2095,Margaret Boyer,margaret.boyer62@hotmail.com,(963) 835-4346,31,98158,Female,Marketing Manager,No Condition,87213
2096,Gary Curry,gary.curry19@gmail.com,(890) 616-8249,65,75262,Male,Electrician,Diabetes,78107
2097,Leslie Young,leslie.young70@hotmail.com,(781) 615-3811,39,75262,Female,Teacher,Cancer,70495
2098,Stephanie Robertson,stephanie.robertson45@gmail.com,(771) 030-7372,19,60613,Female,Software Engineer,Depression,114352
2099,Anthony Vazquez,anthony.vazquez34@gmail.com,(314) 896-7808,35,94179,Male,Chef,Cancer,49969
2100,Jasmine Hill,jasmine.hill82@gmail.com,(712) 146-3947,41,60666,Female,Teacher,No Condition,58470
2101,Catherine Day,catherine.day96@gmail.com,(292) 645-6339,57,98186,Female,Accountant,Arthritis,73975
2102,Joe Adkins,joe.adkins48@hotmail.com,(294) 036-9481,27,75262,Male,Lawyer,No Condition,134113
2103,Christopher Gutierrez,christopher.gutierrez69@yahoo.com,(949) 719-6706,36,75262,Male,Nurse,Arthritis,91940
2104,Courtney Murphy,courtney.murphy94@hotmail.com,(210) 161-2590,39,75262,Female,Cashier,No Condition,26698
2105,James Higgins,james.higgins59@hotmail.com,(594) 901-3334,18,75262,Male,Nurse,No Condition,59750
2106,Cindy Lowery,cindy.lowery83@yahoo.com,(573) 481-4098,43,60636,Female,Nurse,No Condition,80252
2107,Brandon Brown,brandon.brown36@gmail.com,(267) 930-1481,27,75290,Male,Cashier,No Condition,24579
2108,Jennifer Hester,jennifer.hester41@hotmail.com,(991) 004-2028,34,98101,Female,Marketing Manager,No Condition,84557
2109,Sandra Butler,sandra.butler86@yahoo.com,(516) 801-9903,18,75262,Female,Teacher,No Condition,51336
2110,Charles Blevins,charles.blevins26@gmail.com,(648) 548-4203,31,60684,Male,Cashier,Diabetes,29886
2111,Craig Coleman,craig.coleman81@hotmail.com,(179) 179-1386,40,75215,Male,Cashier,No Condition,31679
2112,Angela Cobb,angela.cobb24@gmail.com,(317) 132-1940,22,33143,Female,Cashier,No Condition,23646
2113,Elizabeth Marshall,elizabeth.marshall24@gmail.com,(828) 814-1128,31,33143,Female,Lawyer,Heart Disease,166330
2114,Sarah Evans,sarah.evans35@gmail.com,(771) 936-7857,69,98124,Female,Teacher,Hypertension,68256
2115,Elizabeth Patterson,elizabeth.patterson28@hotmail.com,(713) 810-7491,30,75262,Female,Teacher,Hypertension,65098
2116,Bryan Lane,bryan.lane24@yahoo.com,(223) 215-4013,68,10041,Male,Data Analyst,Hypertension,85318
2117,Thomas Robinson,thomas.robinson13@gmail.com,(669) 626-1684,18,98101,Male,Cashier,Asthma,28872
2118,Gabrielle Murillo,gabrielle.murillo6@gmail.com,(874) 102-5471,66,33143,Female,Accountant,Hypertension,82330
2119,Kevin Harper,kevin.harper68@hotmail.com,(448) 856-6948,35,33143,Male,Accountant,No Condition,59914
2120,William Johnson,william.johnson84@gmail.com,(995) 675-6355,46,10086,Male,Software Engineer,No Condition,140065
2121,Elizabeth Thomas,elizabeth.thomas70@gmail.com,(671) 726-6256,49,98193,Female,Marketing Manager,No Condition,97871
2122,Allison Reyes,allison.reyes5@gmail.com,(770) 014-4130,51,33111,Female,Software Engineer,Cancer,133808
2123,William Sosa,william.sosa26@yahoo.com,(724) 087-1006,58,60622,Non-binary,Cashier,Hypertension,39991
2124,Kimberly Brown,kimberly.brown84@yahoo.com,(417) 282-0762,33,94131,Female,Nurse,No Condition,85777
2125,Kathryn Rodriguez,kathryn.rodriguez95@yahoo.com,(322) 328-2228,45,75241,Female,Nurse,No Condition,77880
2126,Duane Herrera,duane.herrera34@yahoo.com,(152) 835-9994,45,98127,Male,Teacher,Cancer,46683
2127,Aaron Davis,aaron.davis54@hotmail.com,(484) 791-3511,52,98101,Male,Lawyer,Heart Disease,182057
2128,Gregory Johnson,gregory.johnson45@yahoo.com,(735) 722-8920,18,60684,Male,Physician,No Condition,191844
2129,Donna Bowman,donna.bowman59@hotmail.com,(357) 809-7830,32,33143,Female,Lawyer,Cancer,161082
2130,Tammy Smith,tammy.smith6@gmail.com,(604) 194-5341,39,94179,Female,Chef,No Condition,38339
2131,Shelby Martinez,shelby.martinez79@hotmail.com,(914) 478-6742,29,75262,Female,Cashier,No Condition,26680
2132,Amanda Miller,amanda.miller64@hotmail.com,(189) 306-3578,57,10053,Female,Teacher,Heart Disease,56219
2133,Megan Perez,megan.perez84@hotmail.com,(791) 213-9743,39,75262,Female,Nurse,Diabetes,103315
2134,Kyle Smith,kyle.smith30@yahoo.com,(985) 575-9940,37,75262,Male,Accountant,Hypertension,72893
2135,Olivia Lopez,olivia.lopez49@hotmail.com,(906) 969-0452,27,60622,Female,Chef,No Condition,41786
2136,Lawrence Daniels,lawrence.daniels80@gmail.com,(861) 065-6733,30,10082,Male,Physician,Cancer,224900
2137,Nicole Watson,nicole.watson73@gmail.com,(916) 527-6136,43,60613,Female,Nurse,Diabetes,90229
2138,Andrea Matthews,andrea.matthews62@hotmail.com,(702) 530-8437,40,10053,Female,Cashier,No Condition,26060
2139,Luis Martin,luis.martin90@hotmail.com,(964) 447-7250,45,33130,Male,Software Engineer,No Condition,117889
2140,Douglas Lopez,douglas.lopez55@hotmail.com,(224) 234-8004,33,75215,Male,Software Engineer,No Condition,119506
2141,Jordan Martinez,jordan.martinez87@gmail.com,(655) 369-1585,50,94138,Female,Graphic Designer,Hypertension,67026
2142,Judy Singleton,judy.singleton19@hotmail.com,(306) 279-6024,54,60666,Female,Physician,No Condition,279774
2143,Jacob Brown,jacob.brown36@gmail.com,(232) 959-4523,59,33143,Male,Marketing Manager,No Condition,97434
2144,Frank Medina,frank.medina59@gmail.com,(786) 304-0296,59,60681,Male,Marketing Manager,Diabetes,79750
2145,Clinton Macias,clinton.macias81@hotmail.com,(391) 721-7429,35,75215,Male,Nurse,No Condition,99393
2146,Sandra Johnson,sandra.johnson79@gmail.com,(767) 821-5392,42,94131,Female,Teacher,Hypertension,54111
2147,Janet Clark,janet.clark94@gmail.com,(363) 250-3139,53,10006,Female,Cashier,Cancer,41064
2148,Kathryn Turner,kathryn.turner33@yahoo.com,(402) 206-1901,49,98118,Female,Physician,Arthritis,228174
2149,Marvin Lewis,marvin.lewis62@hotmail.com,(137) 971-9000,52,75241,Male,Data Analyst,Diabetes,79965
2150,Clinton Perkins,clinton.perkins19@yahoo.com,(261) 622-5647,62,75241,Male,Electrician,Asthma,76650
2151,Jose Richardson,jose.richardson18@hotmail.com,(640) 799-2304,26,94140,Male,Chef,No Condition,41253
2152,Monica Madden,monica.madden42@gmail.com,(731) 677-8145,44,10041,Female,Teacher,Diabetes,75723
2153,Donna Gross,donna.gross42@gmail.com,(270) 194-5391,51,33167,Female,Nurse,Diabetes,79211
2154,Michael Dickson,michael.dickson22@yahoo.com,(366) 505-2761,49,60677,Male,Software Engineer,Depression,125455
2155,Alexander Johnston,alexander.johnston97@hotmail.com,(315) 780-6190,34,10040,Male,Marketing Manager,Diabetes,71910
2156,Bonnie Jones,bonnie.jones19@gmail.com,(667) 870-6763,47,75253,Female,Teacher,Asthma,70829
2157,David Hernandez,david.hernandez57@hotmail.com,(971) 859-2126,36,98101,Male,Data Analyst,Diabetes,57572
2158,Nathan Holland,nathan.holland63@yahoo.com,(463) 711-4294,27,10041,Male,Teacher,No Condition,59099
2159,Alex Johnson,alex.johnson4@hotmail.com,(237) 539-8923,27,60627,Male,Teacher,No Condition,55933
2160,Daniel Green,daniel.green62@yahoo.com,(598) 669-3278,39,98158,Male,Lawyer,Depression,143307
2161,Ashley Hopkins,ashley.hopkins2@gmail.com,(176) 591-5382,32,98193,Female,Cashier,Arthritis,28257
2162,Brandon Maxwell,brandon.maxwell34@hotmail.com,(806) 526-6426,46,10041,Male,Graphic Designer,No Condition,71883
2163,Sharon Mcdowell,sharon.mcdowell45@yahoo.com,(812) 724-5533,42,98118,Female,Chef,Asthma,50651
2164,Travis Diaz,travis.diaz82@yahoo.com,(556) 976-4878,76,60613,Male,Teacher,Depression,66381
2165,Leah Moore,leah.moore91@yahoo.com,(194) 510-4625,21,33143,Female,Teacher,No Condition,37993
2166,Tyler Lane,tyler.lane35@hotmail.com,(365) 685-1206,32,94138,Male,Teacher,Asthma,59535
2167,Paul Liu,paul.liu63@hotmail.com,(472) 935-0979,46,98118,Male,Cashier,Asthma,22932
2168,David Wiley,david.wiley75@gmail.com,(312) 914-6502,27,10041,Male,Nurse,Asthma,77573
2169,Rachel Carter,rachel.carter20@yahoo.com,(678) 045-7972,40,60622,Female,Marketing Manager,Asthma,90777
2170,Brian Meyer,brian.meyer14@hotmail.com,(507) 033-9821,58,75256,Male,Software Engineer,Cancer,88516
2171,Jodi Becker,jodi.becker1@gmail.com,(733) 720-9451,46,60666,Female,Chef,No Condition,41738
2172,Katherine Cannon,katherine.cannon97@yahoo.com,(106) 363-2863,18,10053,Female,Data Analyst,Asthma,63687
2173,Brian Hinton,brian.hinton22@gmail.com,(900) 848-4264,49,75262,Male,Chef,Depression,47741
2174,Dalton Haney,dalton.haney74@gmail.com,(767) 960-8289,68,75244,Male,Data Analyst,No Condition,79715
2175,Jonathan Singh,jonathan.singh69@gmail.com,(336) 054-9469,18,60662,Male,Cashier,Hypertension,25044
2176,Allison Galloway,allison.galloway78@yahoo.com,(249) 013-2495,30,10084,Female,Electrician,No Condition,46302
2177,Terry Arias,terry.arias78@yahoo.com,(600) 115-4617,37,33143,Male,Teacher,Diabetes,62042
2178,Rachel Schmidt,rachel.schmidt40@hotmail.com,(508) 038-8904,47,75241,Female,Data Analyst,No Condition,72340
2179,Margaret Brown,margaret.brown25@gmail.com,(443) 156-6851,50,10086,Female,Data Analyst,Diabetes,86034
2180,Sandra Lee,sandra.lee57@hotmail.com,(914) 837-4755,50,10082,Female,Accountant,Depression,74147
2181,Amber Williams,amber.williams45@hotmail.com,(801) 685-6471,46,94145,Female,Cashier,Depression,36574
2182,Ryan Hayes,ryan.hayes78@yahoo.com,(901) 902-7169,47,75225,Male,Chef,No Condition,50594
2183,Melissa Brewer,melissa.brewer10@gmail.com,(971) 611-5866,18,60636,Female,Accountant,No Condition,66208
2184,Vanessa Rodriguez,vanessa.rodriguez1@hotmail.com,(397) 675-9833,38,33167,Female,Marketing Manager,No Condition,87467
2185,Jennifer Alvarez,jennifer.alvarez48@gmail.com,(950) 583-5345,38,98101,Female,Graphic Designer,Asthma,63670
2186,Andrea Bailey,andrea.bailey13@yahoo.com,(972) 853-5339,37,10040,Female,Marketing Manager,No Condition,110076
2187,Christopher Moore,christopher.moore60@yahoo.com,(921) 775-8015,49,98101,Male,Marketing Manager,Cancer,87390
2188,Robert Hickman,robert.hickman64@yahoo.com,(687) 930-3028,26,10053,Male,Electrician,Depression,63600
2189,Christine Santana,christine.santana16@yahoo.com,(227) 669-8345,53,98158,Female,Graphic Designer,Heart Disease,63725
2190,Margaret Shepherd,margaret.shepherd90@hotmail.com,(402) 528-5461,42,10049,Female,Electrician,No Condition,66988
2191,Aaron Stephens,aaron.stephens59@gmail.com,(308) 972-0738,48,60627,Male,Software Engineer,Depression,110568
2192,Tiffany Leon,tiffany.leon68@yahoo.com,(971) 184-2527,46,75262,Female,Data Analyst,Hypertension,76700
2193,Tammy Gonzalez,tammy.gonzalez67@hotmail.com,(300) 712-1024,23,75256,Female,Cashier,Asthma,27576
2194,Corey Leonard,corey.leonard8@yahoo.com,(230) 577-7196,64,98158,Male,Nurse,Hypertension,66918
2195,Michael Aguilar,michael.aguilar27@yahoo.com,(716) 596-5667,76,75241,Male,Software Engineer,Hypertension,145583
2196,Elizabeth Lawson,elizabeth.lawson32@hotmail.com,(668) 334-4009,53,75241,Female,Physician,Heart Disease,260471
2197,Christian Mayer,christian.mayer32@yahoo.com,(226) 537-9322,43,94131,Male,Chef,Depression,60789
2198,Lauren Wolf,lauren.wolf26@gmail.com,(190) 705-4736,48,60613,Female,Nurse,Depression,88982
2199,Pamela Cook,pamela.cook14@hotmail.com,(391) 150-1016,62,33143,Female,Chef,Cancer,54924
2200,Jason Johnson,jason.johnson26@gmail.com,(826) 589-3475,64,98158,Male,Software Engineer,Hypertension,149244
2201,Scott Sellers,scott.sellers53@gmail.com,(335) 488-3571,57,10082,Male,Teacher,Diabetes,52240
2202,Brian Duncan,brian.duncan18@yahoo.com,(491) 463-8664,38,98158,Male,Cashier,No Condition,45779
2203,Robin Johnson,robin.johnson60@gmail.com,(517) 266-5282,45,75290,Female,Accountant,No Condition,93296
2204,Jenna Cook,jenna.cook68@hotmail.com,(927) 240-0020,34,75241,Female,Cashier,No Condition,29778
2205,Jeanne Williams,jeanne.williams80@yahoo.com,(460) 519-0854,45,75215,Female,Marketing Manager,No Condition,110783
2206,Samantha Simpson,samantha.simpson8@gmail.com,(463) 033-5636,18,98118,Female,Marketing Manager,No Condition,65430
2207,Robert Davis,robert.davis29@gmail.com,(900) 908-9931,18,10084,Male,Software Engineer,No Condition,128903
2208,Jeremy Wilson,jeremy.wilson81@gmail.com,(648) 028-3541,39,94131,Male,Physician,No Condition,213493
2209,Joshua Harding,joshua.harding25@gmail.com,(790) 930-4376,40,75262,Male,Software Engineer,Hypertension,165062
2210,Brandon Townsend,brandon.townsend39@yahoo.com,(228) 081-2268,35,98101,Male,Software Engineer,Asthma,93887
2211,Gregory Riggs,gregory.riggs53@hotmail.com,(147) 470-5311,40,75253,Male,Physician,Asthma,278325
2212,William Becker,william.becker37@gmail.com,(930) 967-3979,18,33143,Male,Cashier,Depression,33416
2213,Dylan Taylor,dylan.taylor91@hotmail.com,(691) 426-9376,54,60613,Male,Cashier,No Condition,36362
2214,Maria Todd,maria.todd91@gmail.com,(367) 671-8776,46,98158,Female,Marketing Manager,No Condition,85078
2215,Matthew Daniels,matthew.daniels46@gmail.com,(363) 688-5016,35,60681,Male,Teacher,Asthma,59844
2216,Joe Morales,joe.morales86@hotmail.com,(422) 666-7880,57,60613,Male,Marketing Manager,Diabetes,90407
2217,Jillian Sanders,jillian.sanders59@yahoo.com,(552) 289-8907,37,60681,Female,Chef,Asthma,38095
2218,Lauren Allen,lauren.allen6@yahoo.com,(898) 125-5977,30,33111,Female,Software Engineer,Hypertension,117409
2219,Brittany Morris,brittany.morris17@hotmail.com,(176) 408-3858,18,10041,Female,Cashier,No Condition,24139
2220,Emily Glass,emily.glass80@hotmail.com,(441) 716-5789,58,75256,Female,Marketing Manager,Heart Disease,97190
2221,Laura Ashley,laura.ashley50@gmail.com,(295) 651-8871,25,75262,Female,Teacher,Cancer,44824
2222,Sarah Parker,sarah.parker60@yahoo.com,(300) 500-9244,44,60677,Female,Chef,Depression,39071
2223,Joseph West,joseph.west19@yahoo.com,(257) 030-2930,39,10086,Male,Teacher,Hypertension,58254
2224,Ashley Wiley,ashley.wiley36@yahoo.com,(101) 860-7429,58,75262,Female,Software Engineer,No Condition,131865
2225,James Day,james.day23@yahoo.com,(922) 233-6931,44,75290,Male,Accountant,Heart Disease,63083
2226,Alan Jackson,alan.jackson25@gmail.com,(307) 302-4266,41,33143,Male,Marketing Manager,Depression,69416
2227,David Ballard,david.ballard76@yahoo.com,(553) 740-5714,46,75253,Male,Chef,Diabetes,60591
2228,Jeanne Alvarado,jeanne.alvarado14@hotmail.com,(656) 740-6873,39,75262,Female,Teacher,Hypertension,59038
2229,Matthew King,matthew.king77@yahoo.com,(734) 514-6688,57,33143,Male,Software Engineer,Hypertension,132003
2230,Hector Sawyer,hector.sawyer67@gmail.com,(348) 348-3586,61,33130,Male,Software Engineer,No Condition,110976
2231,Sarah Collier,sarah.collier60@gmail.com,(866) 485-3207,40,98186,Female,Software Engineer,Hypertension,90339
2232,Holly Ruiz,holly.ruiz12@hotmail.com,(594) 326-9834,45,60677,Female,Software Engineer,No Condition,93246
2233,Dana Cantrell,dana.cantrell93@yahoo.com,(695) 805-0450,66,75247,Female,Lawyer,Diabetes,173025
2234,Wendy Johnson,wendy.johnson88@gmail.com,(584) 672-0073,59,98186,Female,Nurse,Hypertension,88292
2235,Carrie Odom,carrie.odom42@hotmail.com,(639) 077-3729,60,33111,Female,Software Engineer,Diabetes,105817
2236,Derrick Kramer,derrick.kramer28@yahoo.com,(603) 801-6258,49,60613,Male,Data Analyst,No Condition,62660
2237,Brian Johnson,brian.johnson61@gmail.com,(604) 502-8143,18,75215,Male,Cashier,Depression,25698
2238,Crystal Brown,crystal.brown76@yahoo.com,(294) 337-9531,29,60636,Female,Accountant,Asthma,49575
2239,Brian Allen,brian.allen61@yahoo.com,(390) 426-5274,48,10041,Male,Data Analyst,No Condition,74466
2240,Kristen Pittman,kristen.pittman24@yahoo.com,(425) 108-5738,33,98193,Female,Chef,No Condition,51970
2241,Kristen Rhodes,kristen.rhodes30@yahoo.com,(445) 146-0919,39,94131,Female,Software Engineer,No Condition,107445
2242,Erika Miller,erika.miller57@hotmail.com,(845) 553-7062,58,75256,Female,Cashier,Heart Disease,37986
2243,Charlotte Bruce,charlotte.bruce9@yahoo.com,(673) 374-6121,60,98158,Female,Teacher,Cancer,59544
2244,Ronald Brooks,ronald.brooks39@yahoo.com,(926) 412-6084,35,10053,Male,Software Engineer,Heart Disease,94528
2245,Bryan Daugherty,bryan.daugherty86@hotmail.com,(476) 209-9069,48,94140,Male,Teacher,Asthma,62588
2246,Bradley Collier,bradley.collier2@gmail.com,(503) 995-1670,46,60684,Male,Teacher,No Condition,78054
2247,George Joseph,george.joseph42@hotmail.com,(399) 822-6731,68,75256,Male,Nurse,Diabetes,84631
2248,Tristan Lewis,tristan.lewis87@gmail.com,(388) 804-8514,41,60636,Male,Software Engineer,Hypertension,123606
2249,Amy Wood,amy.wood76@gmail.com,(464) 502-8231,61,94138,Female,Nurse,Cancer,79393
2250,David Ruiz,david.ruiz60@yahoo.com,(576) 729-9115,33,33119,Male,Software Engineer,No Condition,99681
2251,Leslie Goodman,leslie.goodman89@hotmail.com,(643) 183-4369,56,75241,Female,Data Analyst,Diabetes,77223
2252,Danny Pope,danny.pope45@gmail.com,(329) 771-1506,69,94138,Male,Cashier,Diabetes,28591
2253,Michael Wilson,michael.wilson48@hotmail.com,(979) 265-1732,64,60677,Male,Data Analyst,Cancer,74469
2254,Brian Simmons,brian.simmons1@hotmail.com,(291) 087-3922,41,10082,Male,Graphic Designer,Asthma,64283
2255,Linda Sanchez,linda.sanchez24@hotmail.com,(615) 737-6710,34,75262,Female,Graphic Designer,Asthma,48473
2256,Chad Palmer,chad.palmer80@yahoo.com,(470) 745-9915,21,75215,Male,Teacher,Depression,43233
2257,Amy Hill,amy.hill83@gmail.com,(902) 026-8387,37,75215,Female,Chef,Heart Disease,47776
2258,Lisa Eaton,lisa.eaton70@hotmail.com,(745) 029-5867,18,94131,Female,Lawyer,No Condition,137231
2259,Anthony Wong,anthony.wong85@gmail.com,(240) 934-6754,49,75256,Male,Chef,No Condition,54938
2260,Joshua Cummings,joshua.cummings73@gmail.com,(868) 810-1382,61,10053,Male,Nurse,Diabetes,79764
2261,Christopher Williams,christopher.williams84@yahoo.com,(313) 346-0184,46,98101,Male,Teacher,No Condition,66394
2262,Chase Garcia,chase.garcia48@hotmail.com,(782) 532-0831,39,94138,Male,Chef,Heart Disease,46479
2263,Joseph Cummings,joseph.cummings80@hotmail.com,(463) 603-8917,18,75262,Male,Chef,Asthma,40711
2264,Nancy Burke,nancy.burke43@yahoo.com,(189) 476-7200,42,94131,Female,Marketing Manager,Cancer,109212
2265,Hayden Miller,hayden.miller70@hotmail.com,(910) 707-1634,28,60666,Male,Lawyer,Depression,125931
2266,Jacob Bauer,jacob.bauer64@hotmail.com,(689) 512-3708,35,94138,Male,Lawyer,Hypertension,171932
2267,Angela Rodriguez,angela.rodriguez39@hotmail.com,(819) 445-4569,45,10053,Female,Teacher,Arthritis,58303
2268,Brenda Foster,brenda.foster21@yahoo.com,(861) 927-6713,39,33143,Female,Lawyer,Depression,199388
2269,Jill Cohen,jill.cohen83@gmail.com,(288) 626-3956,42,10053,Female,Nurse,Hypertension,70976
2270,Chad Morales,chad.morales65@yahoo.com,(278) 305-5737,38,75262,Male,Physician,Hypertension,228429
2271,Craig Mathis,craig.mathis50@hotmail.com,(574) 022-3461,44,60613,Male,Marketing Manager,Diabetes,104921
2272,Elizabeth Myers,elizabeth.myers67@yahoo.com,(827) 633-0411,42,10040,Female,Teacher,No Condition,67193
2273,Jennifer Davis,jennifer.davis71@yahoo.com,(721) 524-8319,54,75262,Female,Data Analyst,No Condition,79317
2274,Wanda Mclaughlin,wanda.mclaughlin45@gmail.com,(764) 704-6568,40,60666,Female,Physician,Arthritis,237827
2275,Leslie Barrera,leslie.barrera32@gmail.com,(436) 883-0048,65,75262,Female,Nurse,Hypertension,91217
2276,Katelyn Morrison,katelyn.morrison51@hotmail.com,(236) 315-9229,26,75241,Female,Accountant,No Condition,86142
2277,Mary Jackson,mary.jackson3@gmail.com,(765) 934-1040,27,60677,Female,Graphic Designer,No Condition,59036
2278,Natalie Jennings,natalie.jennings5@hotmail.com,(811) 872-2824,29,94179,Female,Teacher,No Condition,55598
2279,Caleb Lee,caleb.lee7@gmail.com,(981) 796-0757,58,94131,Male,Electrician,No Condition,78815
2280,Louis Tyler,louis.tyler8@hotmail.com,(184) 974-9979,34,10082,Male,Physician,Diabetes,215286
2281,Emily Spears,emily.spears42@gmail.com,(617) 114-8656,27,60684,Female,Cashier,No Condition,27481
2282,Kellie Davis,kellie.davis64@hotmail.com,(481) 061-7356,49,60677,Female,Software Engineer,Arthritis,98432
2283,Brandon Russell,brandon.russell5@gmail.com,(729) 755-7261,55,10082,Male,Graphic Designer,Hypertension,59062
2284,Linda Lynch,linda.lynch78@gmail.com,(178) 811-9389,48,60677,Female,Marketing Manager,No Condition,92134
2285,James Spence,james.spence79@gmail.com,(401) 307-1675,33,60677,Male,Accountant,No Condition,61415
2286,Rebecca Dominguez,rebecca.dominguez47@gmail.com,(963) 361-3179,53,94138,Female,Marketing Manager,Cancer,95780
2287,Gary Lane,gary.lane11@gmail.com,(649) 037-2954,44,60684,Male,Software Engineer,No Condition,100971
2288,Jose Cook,jose.cook15@gmail.com,(556) 399-8127,34,33143,Male,Graphic Designer,No Condition,70779
2289,Yvonne Robinson,yvonne.robinson79@hotmail.com,(322) 551-7419,23,60613,Female,Software Engineer,No Condition,86021
2290,Frank Gilmore,frank.gilmore52@gmail.com,(247) 621-2360,41,98124,Male,Software Engineer,Diabetes,109033
2291,Michael Foster,michael.foster59@hotmail.com,(494) 541-3845,64,33167,Male,Cashier,Depression,42356
2292,Anna Price,anna.price39@gmail.com,(193) 079-6859,29,75215,Female,Cashier,Hypertension,21808
2293,Marie Patterson,marie.patterson85@hotmail.com,(345) 987-2408,42,94131,Female,Teacher,No Condition,56096
2294,Michele Murray,michele.murray57@hotmail.com,(435) 166-8113,45,75241,Female,Accountant,No Condition,76663
2295,Victor Ruiz,victor.ruiz19@yahoo.com,(370) 721-7340,46,75256,Male,Marketing Manager,No Condition,91521
2296,Elizabeth Santos,elizabeth.santos89@hotmail.com,(324) 198-3063,52,75241,Female,Marketing Manager,Hypertension,87165
2297,Morgan Hamilton,morgan.hamilton4@yahoo.com,(901) 814-4424,53,10040,Female,Graphic Designer,Arthritis,69326
2298,Shelia Nelson,shelia.nelson86@hotmail.com,(702) 435-0947,52,10041,Female,Cashier,Cancer,32066
2299,Gregory Kline,gregory.kline29@gmail.com,(518) 615-6409,53,10006,Male,Cashier,No Condition,39365
2300,Brian Simpson,brian.simpson28@gmail.com,(398) 913-7054,47,94131,Male,Nurse,No Condition,81357
2301,Eric Nguyen,eric.nguyen30@gmail.com,(690) 826-1103,62,10086,Male,Software Engineer,Heart Disease,103573
2302,James Jensen,james.jensen18@gmail.com,(799) 202-3766,57,98186,Male,Data Analyst,Cancer,78051
2303,Lauren Zuniga,lauren.zuniga67@yahoo.com,(292) 295-3386,31,10041,Female,Graphic Designer,No Condition,50435
2304,Keith Davis,keith.davis48@gmail.com,(383) 909-3424,33,75256,Male,Teacher,No Condition,45494
2305,Elizabeth Gray,elizabeth.gray92@hotmail.com,(928) 346-3348,38,98118,Female,Data Analyst,No Condition,98922
2306,Larry Farley,larry.farley16@yahoo.com,(137) 518-6694,49,75262,Male,Nurse,Asthma,103185
2307,Jordan Parsons,jordan.parsons97@yahoo.com,(942) 438-2692,31,75241,Male,Nurse,Heart Disease,88010
2308,Gary Smith,gary.smith40@yahoo.com,(635) 095-2889,27,33141,Male,Cashier,No Condition,31888
2309,Lee Suarez,lee.suarez73@yahoo.com,(603) 969-6453,28,33143,Male,Teacher,Depression,49561
2310,Kyle Franco,kyle.franco98@yahoo.com,(165) 047-1883,34,33143,Male,Nurse,Asthma,90378
2311,Andrew Vargas,andrew.vargas27@hotmail.com,(754) 288-7344,33,60636,Male,Software Engineer,No Condition,141548
2312,Mary Black,mary.black54@yahoo.com,(767) 989-9470,21,98158,Female,Electrician,No Condition,55001
2313,Mercedes Ellis,mercedes.ellis57@hotmail.com,(206) 901-4971,33,94138,Female,Accountant,No Condition,65317
2314,Allison Blake,allison.blake96@hotmail.com,(647) 156-7566,20,10053,Female,Teacher,No Condition,52145
2315,April Morgan,april.morgan88@hotmail.com,(386) 016-7449,33,75262,Female,Accountant,Cancer,61596
2316,Christine Benson,christine.benson25@yahoo.com,(696) 985-0450,50,33143,Female,Nurse,Cancer,91552
2317,Richard Ortiz,richard.ortiz88@hotmail.com,(993) 754-0242,28,60681,Male,Cashier,Cancer,34446
2318,Jeffrey Ruiz,jeffrey.ruiz23@hotmail.com,(689) 257-1402,67,60684,Male,Nurse,Cancer,96115
2319,Anthony Atkins,anthony.atkins35@gmail.com,(785) 762-6481,30,60666,Male,Data Analyst,No Condition,91849
2320,Philip Wright,philip.wright26@hotmail.com,(949) 368-0635,56,33143,Male,Data Analyst,Heart Disease,85748
2321,Gregory Smith,gregory.smith26@gmail.com,(201) 278-9695,49,60684,Male,Nurse,No Condition,86235
2322,Tracy Bishop,tracy.bishop27@gmail.com,(704) 852-7758,44,60636,Female,Data Analyst,No Condition,54087
2323,Olivia Williams,olivia.williams55@gmail.com,(565) 620-3634,25,75262,Female,Cashier,No Condition,36367
2324,Michael Lewis,michael.lewis77@hotmail.com,(246) 896-3318,19,10086,Male,Marketing Manager,No Condition,95806
2325,Michael Hernandez,michael.hernandez82@gmail.com,(857) 617-0731,44,94192,Male,Chef,No Condition,41942
2326,Elizabeth Delacruz,elizabeth.delacruz24@yahoo.com,(976) 262-6367,51,98193,Female,Physician,Hypertension,194762
2327,Erik Williams,erik.williams78@hotmail.com,(589) 774-7594,43,98101,Male,Marketing Manager,Arthritis,103379
2328,Marie Everett,marie.everett45@hotmail.com,(452) 953-7740,36,60677,Female,Accountant,Arthritis,55547
2329,John Owens,john.owens27@hotmail.com,(674) 042-0767,63,75241,Male,Chef,Hypertension,45843
2330,Angela Carlson,angela.carlson68@yahoo.com,(134) 115-7330,29,60677,Female,Accountant,No Condition,61460
2331,Rachel Schneider,rachel.schneider77@gmail.com,(494) 065-6582,50,75262,Female,Software Engineer,No Condition,119395
2332,Patrick Bowen,patrick.bowen21@yahoo.com,(338) 565-3523,25,94138,Male,Marketing Manager,No Condition,81373
2333,Teresa Jordan,teresa.jordan18@gmail.com,(400) 470-9110,46,75262,Female,Software Engineer,No Condition,130239
2334,Robert Richards,robert.richards4@hotmail.com,(756) 119-9899,41,10053,Male,Lawyer,Diabetes,180978
2335,Roy Chaney,roy.chaney58@gmail.com,(281) 583-7466,46,75244,Male,Software Engineer,No Condition,118469
2336,Eric Torres,eric.torres94@yahoo.com,(761) 868-7047,21,60627,Male,Teacher,No Condition,57222
2337,Jennifer Curtis,jennifer.curtis66@yahoo.com,(682) 905-2565,32,98158,Female,Data Analyst,Arthritis,77813
2338,Alice May,alice.may18@gmail.com,(742) 330-2927,57,10040,Female,Electrician,Hypertension,85238
2339,Terry Wyatt,terry.wyatt11@yahoo.com,(547) 398-6221,39,33143,Male,Electrician,Depression,55431
2340,Anthony Jones,anthony.jones56@gmail.com,(486) 604-7473,35,10041,Male,Marketing Manager,No Condition,78020
2341,Kristen Massey,kristen.massey62@yahoo.com,(178) 524-7442,43,60684,Female,Graphic Designer,No Condition,68578
2342,Chelsea Obrien,chelsea.obrien88@yahoo.com,(910) 238-7351,35,33130,Female,Software Engineer,Arthritis,129785
2343,Thomas Fleming,thomas.fleming76@yahoo.com,(664) 774-1313,42,60666,Male,Electrician,No Condition,57451
2344,Angela Craig,angela.craig95@gmail.com,(225) 853-4658,19,75241,Female,Cashier,No Condition,27791
2345,Hannah Tapia,hannah.tapia35@hotmail.com,(185) 217-8955,33,33143,Female,Lawyer,No Condition,92318
2346,Rhonda Mills,rhonda.mills61@hotmail.com,(812) 865-5816,48,33143,Female,Chef,Depression,60457
2347,Haley Oliver,haley.oliver6@gmail.com,(983) 193-4891,38,60677,Female,Software Engineer,Arthritis,110336
2348,Steven Cannon,steven.cannon64@hotmail.com,(303) 814-6342,43,60627,Male,Graphic Designer,Diabetes,55278
2349,Eric Moore,eric.moore74@hotmail.com,(295) 973-0912,19,60666,Male,Cashier,Depression,25097
2350,Kayla Moore,kayla.moore57@gmail.com,(641) 146-1331,47,10041,Female,Physician,No Condition,206463
2351,Sonya Kelly,sonya.kelly10@gmail.com,(101) 530-3044,76,75241,Female,Software Engineer,Hypertension,113067
2352,Joanna Patel,joanna.patel55@hotmail.com,(610) 965-9845,38,60666,Female,Cashier,Diabetes,33024
2353,Jesus Figueroa,jesus.figueroa66@hotmail.com,(263) 454-1829,66,33130,Male,Nurse,No Condition,83572
2354,Charles Mcmillan,charles.mcmillan15@hotmail.com,(145) 206-4191,46,33143,Male,Cashier,No Condition,27119
2355,Jason Garcia,jason.garcia51@hotmail.com,(566) 910-0822,45,98118,Male,Teacher,Depression,58261
2356,Cesar Singh,cesar.singh63@yahoo.com,(782) 682-2175,62,33167,Male,Cashier,Depression,31746
2357,Carolyn Casey,carolyn.casey54@hotmail.com,(296) 208-3479,43,98186,Female,Cashier,Asthma,33398
2358,Patrick Smith,patrick.smith3@hotmail.com,(432) 572-2870,39,10082,Male,Teacher,No Condition,45041
2359,Brooke Johnson,brooke.johnson43@hotmail.com,(974) 859-7243,39,94145,Female,Physician,No Condition,277784
2360,Julie Martinez,julie.martinez21@hotmail.com,(351) 452-0580,68,60622,Female,Software Engineer,Hypertension,147058
2361,Susan Gould,susan.gould75@yahoo.com,(106) 048-0224,50,75256,Female,Graphic Designer,Cancer,59053
2362,Jennifer Howard,jennifer.howard16@yahoo.com,(574) 769-5090,37,75241,Female,Graphic Designer,No Condition,42945
2363,Sheila Walters,sheila.walters18@hotmail.com,(798) 566-4301,36,33167,Female,Electrician,No Condition,59515
2364,Erin Randall,erin.randall48@yahoo.com,(723) 887-8887,18,75215,Female,Marketing Manager,No Condition,88931
2365,Hannah Terry,hannah.terry2@hotmail.com,(193) 136-0622,41,60684,Female,Graphic Designer,No Condition,50116
2366,Stacey Gay,stacey.gay67@hotmail.com,(238) 604-7947,47,94138,Female,Physician,Depression,236740
2367,Nicole Gilbert,nicole.gilbert9@gmail.com,(480) 351-4895,42,33167,Female,Software Engineer,Arthritis,105087
2368,Justin Sampson,justin.sampson23@hotmail.com,(644) 191-4790,41,10053,Male,Marketing Manager,No Condition,106379
2369,David Alexander,david.alexander82@hotmail.com,(639) 516-7309,59,94138,Male,Teacher,Asthma,53466
2370,Nicholas Martinez,nicholas.martinez15@hotmail.com,(767) 084-8868,37,94131,Male,Marketing Manager,No Condition,126947
2371,Sandra Rivera,sandra.rivera10@hotmail.com,(929) 258-2282,42,98101,Female,Nurse,Asthma,74720
2372,Stephanie Wolf,stephanie.wolf17@gmail.com,(983) 235-3068,49,33141,Female,Data Analyst,Heart Disease,73564
2373,Grace Nichols,grace.nichols98@yahoo.com,(667) 678-0964,65,98101,Female,Software Engineer,Asthma,100580
2374,Rebecca Robinson,rebecca.robinson65@yahoo.com,(649) 597-5213,58,10006,Female,Data Analyst,Heart Disease,76081
2375,Makayla Miller,makayla.miller75@yahoo.com,(955) 592-8974,38,75256,Female,Accountant,Hypertension,72927
2376,Michael Sanford,michael.sanford55@gmail.com,(214) 862-6751,64,75244,Male,Nurse,Arthritis,85509
2377,Richard Montgomery,richard.montgomery28@yahoo.com,(645) 349-6551,39,94172,Male,Nurse,Heart Disease,81645
2378,Richard Graham,richard.graham14@gmail.com,(496) 789-6300,61,10086,Male,Cashier,Diabetes,40422
2379,Heather Gordon,heather.gordon71@gmail.com,(301) 630-1597,50,98158,Female,Electrician,No Condition,68043
2380,Carrie Campbell,carrie.campbell2@gmail.com,(784) 834-9276,61,94131,Female,Software Engineer,Diabetes,95462
2381,Kristen Bradley,kristen.bradley49@hotmail.com,(446) 018-0403,26,98118,Female,Graphic Designer,No Condition,50866
2382,Susan Spencer,susan.spencer49@gmail.com,(253) 735-8667,28,10086,Female,Chef,No Condition,56162
2383,Timothy Nguyen,timothy.nguyen5@yahoo.com,(760) 539-2609,58,75215,Male,Physician,No Condition,215727
2384,John Adams,john.adams34@hotmail.com,(262) 720-5364,45,33167,Male,Nurse,No Condition,100003
2385,Ashley Vazquez,ashley.vazquez20@hotmail.com,(285) 672-8502,64,94138,Female,Software Engineer,Heart Disease,138263
2386,Shawn Avery,shawn.avery45@yahoo.com,(338) 307-7558,54,60677,Male,Marketing Manager,Cancer,76106
2387,Ann Moore,ann.moore51@gmail.com,(564) 395-6784,32,75262,Female,Teacher,Diabetes,47734
2388,Paul Smith,paul.smith80@hotmail.com,(990) 751-9919,40,98186,Male,Graphic Designer,Hypertension,70262
2389,Amy Webb,amy.webb72@yahoo.com,(612) 944-1492,48,10040,Female,Chef,No Condition,61311
2390,Daniel Garcia,daniel.garcia3@yahoo.com,(598) 283-8597,25,60677,Male,Nurse,No Condition,63155
2391,Jessica Hamilton,jessica.hamilton98@yahoo.com,(559) 070-5549,47,75215,Female,Software Engineer,Arthritis,82930
2392,Matthew Erickson,matthew.erickson26@hotmail.com,(343) 687-7156,47,98158,Male,Marketing Manager,Hypertension,115704
2393,Trevor Swanson,trevor.swanson87@hotmail.com,(449) 076-3415,39,98118,Male,Nurse,No Condition,62139
2394,Heather Ford,heather.ford87@gmail.com,(500) 115-4773,37,98118,Female,Graphic Designer,Depression,57587
2395,Lucas Baker,lucas.baker95@hotmail.com,(914) 872-2557,47,60684,Male,Lawyer,Diabetes,180234
2396,Gabrielle Scott,gabrielle.scott49@gmail.com,(854) 741-6855,54,10053,Female,Teacher,Hypertension,62210
2397,Cindy Ortega,cindy.ortega9@gmail.com,(632) 855-5809,37,75262,Female,Data Analyst,No Condition,89330
2398,Katelyn Harper,katelyn.harper5@yahoo.com,(258) 166-0284,30,75262,Female,Graphic Designer,No Condition,50385
2399,Paula Jenkins,paula.jenkins14@gmail.com,(734) 704-0714,34,94140,Female,Teacher,Asthma,68085
2400,Robert Osborn,robert.osborn55@yahoo.com,(614) 797-3418,48,10082,Male,Physician,No Condition,157131
2401,Michelle Armstrong,michelle.armstrong63@gmail.com,(183) 745-6017,41,75215,Female,Software Engineer,Diabetes,128056
2402,Cheryl Summers,cheryl.summers8@gmail.com,(101) 759-0017,48,94139,Female,Data Analyst,Hypertension,78414
2403,Todd Stevens,todd.stevens81@hotmail.com,(649) 078-6928,20,60622,Male,Software Engineer,No Condition,88774
2404,Emily Garcia,emily.garcia27@hotmail.com,(721) 593-8967,49,75241,Female,Nurse,No Condition,73956
2405,Michael Gomez,michael.gomez15@gmail.com,(867) 355-8960,39,60684,Male,Nurse,Diabetes,82937
2406,Anthony Anderson,anthony.anderson68@hotmail.com,(183) 413-3513,26,94138,Male,Chef,Diabetes,50441
2407,Benjamin Lopez,benjamin.lopez56@hotmail.com,(474) 274-9366,68,33167,Male,Graphic Designer,Heart Disease,84985
2408,Emily Joseph,emily.joseph80@hotmail.com,(196) 714-8030,37,33167,Female,Nurse,Asthma,75574
2409,Thomas Nunez,thomas.nunez24@gmail.com,(656) 582-6082,31,33167,Male,Accountant,No Condition,68746
2410,Catherine Frey,catherine.frey51@yahoo.com,(737) 941-2886,56,75244,Female,Software Engineer,No Condition,118781
2411,Teresa Garcia,teresa.garcia4@gmail.com,(223) 214-2526,34,10049,Female,Accountant,Arthritis,60376
2412,Thomas Richards,thomas.richards39@hotmail.com,(589) 259-4657,35,33143,Male,Graphic Designer,Depression,72991
2413,Mark Nelson,mark.nelson59@yahoo.com,(232) 554-4118,35,60677,Male,Nurse,Arthritis,78900
2414,Rebecca Watts,rebecca.watts47@hotmail.com,(351) 367-3805,48,75290,Female,Teacher,Asthma,66178
2415,Anthony Tran,anthony.tran25@hotmail.com,(981) 937-6841,45,60666,Male,Software Engineer,Asthma,128801
2416,Kimberly Ramirez,kimberly.ramirez74@yahoo.com,(414) 622-0148,63,98101,Non-binary,Marketing Manager,Arthritis,75272
2417,Christina Morris,christina.morris18@gmail.com,(411) 272-8360,70,33167,Female,Accountant,Cancer,74681
2418,Aaron Olson,aaron.olson75@yahoo.com,(247) 709-0676,40,75262,Male,Nurse,Hypertension,90979
2419,Wesley Young,wesley.young30@yahoo.com,(762) 950-7671,29,94131,Male,Data Analyst,Asthma,66949
2420,Charlene Davis,charlene.davis90@gmail.com,(204) 888-6804,25,98118,Female,Cashier,No Condition,33610
2421,Walter Cervantes,walter.cervantes46@gmail.com,(703) 264-5649,64,94138,Non-binary,Graphic Designer,Heart Disease,74158
2422,Julie Rodriguez,julie.rodriguez86@hotmail.com,(116) 053-9064,41,60613,Female,Electrician,No Condition,77494
2423,Traci Ball,traci.ball42@yahoo.com,(203) 425-1970,47,75262,Female,Nurse,No Condition,78048
2424,Juan Mclaughlin,juan.mclaughlin22@yahoo.com,(889) 136-8296,69,75241,Male,Accountant,Hypertension,77576
2425,Troy Ford,troy.ford45@gmail.com,(315) 319-3625,58,60666,Male,Cashier,Cancer,31659
2426,Jennifer Smith,jennifer.smith92@gmail.com,(916) 908-8754,37,10086,Female,Marketing Manager,No Condition,95151
2427,Alexandra Hancock,alexandra.hancock53@hotmail.com,(233) 583-8439,37,10086,Female,Graphic Designer,No Condition,67163
2428,Aaron Cox,aaron.cox52@gmail.com,(651) 745-4693,58,75241,Male,Accountant,Hypertension,92980
2429,Barbara Liu,barbara.liu40@hotmail.com,(614) 012-8331,42,10041,Female,Cashier,Cancer,38535
2430,Holly Lynn,holly.lynn17@hotmail.com,(879) 903-5971,49,98193,Female,Software Engineer,No Condition,106514
2431,Sarah Miller,sarah.miller52@yahoo.com,(503) 056-8709,36,75262,Non-binary,Nurse,No Condition,86365
2432,Benjamin King,benjamin.king18@hotmail.com,(660) 516-4838,54,98186,Male,Nurse,Diabetes,87367
2433,Daniel West,daniel.west61@hotmail.com,(141) 876-7760,34,60662,Male,Data Analyst,Asthma,78613
2434,Jasmine Walker,jasmine.walker71@yahoo.com,(397) 317-3033,49,98101,Female,Electrician,No Condition,76502
2435,Joseph Moody,joseph.moody22@hotmail.com,(575) 745-1048,63,60666,Non-binary,Software Engineer,Hypertension,106293
2436,Steven Trevino,steven.trevino69@hotmail.com,(647) 318-1560,59,94139,Male,Accountant,Heart Disease,88039
2437,Ryan Martin,ryan.martin23@gmail.com,(279) 959-4761,39,98118,Male,Graphic Designer,No Condition,65000
2438,Ashley Webb,ashley.webb88@hotmail.com,(876) 475-4565,31,10006,Female,Marketing Manager,No Condition,72747
2439,Brittany Cunningham,brittany.cunningham14@yahoo.com,(122) 693-4854,47,10006,Female,Teacher,Cancer,68821
2440,Olivia Carpenter,olivia.carpenter10@hotmail.com,(384) 685-6066,55,60684,Female,Chef,Heart Disease,55993
2441,Thomas Finley,thomas.finley68@hotmail.com,(861) 382-6870,32,10086,Male,Data Analyst,Depression,85252
2442,Sonya Zamora,sonya.zamora45@yahoo.com,(795) 703-9962,30,10082,Female,Graphic Designer,Hypertension,60908
2443,Courtney Mcdonald,courtney.mcdonald18@gmail.com,(971) 107-3512,56,60684,Female,Data Analyst,Hypertension,72495
2444,Linda Jackson,linda.jackson61@hotmail.com,(406) 824-3233,67,33143,Female,Electrician,Hypertension,65096
2445,Amber Thomas,amber.thomas31@hotmail.com,(593) 446-0606,42,75215,Female,Accountant,No Condition,59636
2446,Michelle Frazier,michelle.frazier78@gmail.com,(669) 523-5786,44,94138,Female,Marketing Manager,No Condition,100588
2447,Paula George,paula.george65@gmail.com,(528) 537-0064,45,75262,Female,Teacher,Arthritis,65610
2448,Kiara Clayton,kiara.clayton51@yahoo.com,(148) 753-1198,49,10041,Female,Lawyer,No Condition,195175
2449,Jonathan Cox,jonathan.cox24@yahoo.com,(628) 053-7642,72,75262,Non-binary,Accountant,Arthritis,48744
2450,Felicia Johnson,felicia.johnson67@hotmail.com,(468) 878-6020,24,10086,Female,Nurse,No Condition,83019
2451,Nathan Tapia,nathan.tapia87@gmail.com,(713) 170-1958,40,75262,Male,Data Analyst,Hypertension,62076
2452,Vincent Nielsen,vincent.nielsen4@hotmail.com,(892) 879-8728,45,33167,Male,Software Engineer,Depression,139274
2453,Dale Salinas,dale.salinas18@gmail.com,(842) 495-6291,43,98101,Male,Software Engineer,No Condition,133624
2454,Suzanne Ray,suzanne.ray90@yahoo.com,(941) 603-3288,50,75262,Female,Graphic Designer,No Condition,92966
2455,Adriana Smith,adriana.smith18@yahoo.com,(110) 287-4512,35,10041,Female,Data Analyst,Asthma,61570
2456,Charles Moore,charles.moore37@hotmail.com,(501) 754-5416,48,60627,Male,Accountant,Asthma,97035
2457,Joseph Harvey,joseph.harvey97@hotmail.com,(210) 466-2750,39,10082,Male,Accountant,No Condition,73381
2458,Heather Sullivan,heather.sullivan55@hotmail.com,(897) 442-0360,51,60613,Female,Graphic Designer,Diabetes,80107
2459,Joseph Wang,joseph.wang43@yahoo.com,(483) 309-5872,59,94138,Male,Teacher,Heart Disease,64564
2460,Melissa Robinson,melissa.robinson57@hotmail.com,(406) 014-5792,52,98101,Female,Cashier,Cancer,33374
2461,Brandy Washington,brandy.washington46@yahoo.com,(185) 819-7015,25,98158,Female,Cashier,No Condition,37097
2462,Nathan Cunningham,nathan.cunningham71@yahoo.com,(397) 209-2519,36,60613,Male,Marketing Manager,Hypertension,87504
2463,Amber Allison,amber.allison79@gmail.com,(585) 233-2970,39,10041,Female,Software Engineer,Diabetes,109081
2464,Laura Rosales,laura.rosales75@yahoo.com,(695) 829-1585,56,60681,Female,Software Engineer,Diabetes,115939
2465,Robert Jones,robert.jones77@gmail.com,(897) 149-2075,39,75241,Male,Nurse,Diabetes,81347
2466,Eric Villarreal,eric.villarreal22@yahoo.com,(324) 873-9626,35,98158,Male,Teacher,Hypertension,58957
2467,Gregory Miller,gregory.miller43@hotmail.com,(831) 249-7736,41,75290,Male,Teacher,No Condition,59420
2468,Karen Macias,karen.macias95@yahoo.com,(843) 435-4978,66,60622,Female,Chef,Hypertension,44373
2469,Christopher Villegas,christopher.villegas91@yahoo.com,(357) 156-4380,39,94145,Male,Teacher,No Condition,54020
2470,Lisa Duncan,lisa.duncan82@gmail.com,(148) 042-4796,47,75241,Female,Physician,No Condition,244098
2471,Mark Le,mark.le88@hotmail.com,(740) 916-5737,27,98158,Male,Teacher,No Condition,68111
2472,Cameron Koch,cameron.koch57@yahoo.com,(762) 254-9203,58,94140,Male,Marketing Manager,Cancer,121090
2473,Rachael Hall,rachael.hall35@hotmail.com,(214) 015-2731,18,98158,Female,Software Engineer,No Condition,90475
2474,Nicole Lopez,nicole.lopez84@gmail.com,(164) 147-5690,23,98118,Female,Nurse,No Condition,77661
2475,Madison Boyd,madison.boyd54@gmail.com,(393) 359-8474,36,60627,Female,Teacher,Hypertension,57227
2476,Christopher Ryan,christopher.ryan12@gmail.com,(159) 667-7153,35,98101,Male,Accountant,Hypertension,63913
2477,Rachel Martin,rachel.martin75@gmail.com,(147) 365-0032,31,10041,Female,Graphic Designer,Diabetes,66363
2478,Kenneth Warner,kenneth.warner81@hotmail.com,(806) 476-1442,42,60681,Male,Data Analyst,No Condition,77066
2479,Kathy Wright,kathy.wright70@hotmail.com,(855) 404-2316,29,75262,Female,Chef,Asthma,52911
2480,Kyle Ramsey,kyle.ramsey35@hotmail.com,(506) 754-9393,52,94139,Male,Nurse,Hypertension,84430
2481,Tina Sutton,tina.sutton91@yahoo.com,(990) 453-9252,27,75241,Female,Accountant,No Condition,84524
2482,John Benson,john.benson30@yahoo.com,(473) 381-3307,18,60613,Male,Accountant,Asthma,55261
2483,Destiny Wright,destiny.wright76@hotmail.com,(530) 236-4122,45,98118,Female,Teacher,Cancer,60585
2484,Peter Mahoney,peter.mahoney13@gmail.com,(698) 537-2033,30,75246,Male,Cashier,No Condition,36160
2485,Andrew Moon,andrew.moon6@yahoo.com,(602) 325-1071,42,75256,Male,Data Analyst,Hypertension,61045
2486,Theresa Nguyen,theresa.nguyen38@yahoo.com,(709) 404-2245,60,75215,Female,Teacher,Heart Disease,61083
2487,Elizabeth Miller,elizabeth.miller82@hotmail.com,(825) 512-5380,59,98158,Female,Graphic Designer,Arthritis,49363
2488,Patricia Jones,patricia.jones46@gmail.com,(835) 053-4941,18,10082,Female,Electrician,No Condition,53695
2489,Brian Holt,brian.holt37@yahoo.com,(557) 166-3282,56,75262,Male,Graphic Designer,Cancer,67612
2490,Jason Smith,jason.smith98@yahoo.com,(316) 218-5635,73,94179,Male,Physician,Hypertension,260493
2491,Alexandra Maxwell,alexandra.maxwell13@yahoo.com,(961) 504-2059,18,60684,Female,Data Analyst,Asthma,60818
2492,Matthew Mason,matthew.mason28@yahoo.com,(169) 771-4336,59,33141,Male,Accountant,Cancer,73491
2493,Thomas Wagner,thomas.wagner60@hotmail.com,(490) 101-4610,59,10082,Male,Accountant,No Condition,78255
2494,Kyle Washington,kyle.washington71@hotmail.com,(788) 818-9304,30,33143,Male,Data Analyst,Cancer,84530
2495,Matthew Cruz,matthew.cruz8@gmail.com,(988) 168-7851,38,94138,Male,Chef,No Condition,43628
2496,Lisa Gomez,lisa.gomez50@yahoo.com,(990) 509-6568,24,98118,Non-binary,Chef,No Condition,31884
2497,Peter James,peter.james49@gmail.com,(280) 072-7208,54,94131,Male,Nurse,Cancer,73341
2498,Michael Acevedo,michael.acevedo70@yahoo.com,(872) 373-5640,47,60684,Male,Software Engineer,No Condition,114574
2499,Jose Acosta,jose.acosta21@hotmail.com,(608) 306-9789,39,98158,Male,Cashier,Hypertension,29491
2500,Ashley Scott,ashley.scott57@yahoo.com,(598) 367-1467,45,75215,Female,Cashier,Cancer,34473
2501,Justin Acevedo,justin.acevedo6@yahoo.com,(288) 675-1857,33,10040,Male,Accountant,Depression,67904
2502,Angela Torres,angela.torres36@yahoo.com,(905) 956-3431,50,98158,Female,Software Engineer,Arthritis,100672
2503,Amber Garrett,amber.garrett2@yahoo.com,(739) 200-2585,43,98186,Female,Cashier,No Condition,29709
2504,Erin Gibbs,erin.gibbs39@gmail.com,(977) 730-3167,34,60613,Female,Lawyer,No Condition,175751
2505,John Vargas,john.vargas37@gmail.com,(361) 548-7201,41,10053,Male,Marketing Manager,Arthritis,59897
2506,Dennis Brown,dennis.brown28@yahoo.com,(945) 500-5490,21,60677,Male,Teacher,Asthma,64630
2507,Wyatt Cortez,wyatt.cortez3@hotmail.com,(999) 839-7673,60,33167,Male,Chef,Heart Disease,42846
2508,Katrina Taylor,katrina.taylor21@yahoo.com,(116) 303-4383,34,75241,Female,Software Engineer,No Condition,137111
2509,Alyssa Carpenter,alyssa.carpenter46@yahoo.com,(535) 294-9307,80,10086,Female,Software Engineer,No Condition,116743
2510,Brian Frey,brian.frey79@hotmail.com,(465) 466-2897,47,98158,Male,Physician,No Condition,239762
2511,Ian Boyd,ian.boyd55@yahoo.com,(322) 527-5600,26,94131,Male,Marketing Manager,No Condition,77695
2512,Bethany Johnson,bethany.johnson92@gmail.com,(240) 567-7125,73,98101,Female,Nurse,Heart Disease,94241
2513,Mary Stone,mary.stone29@hotmail.com,(704) 182-8051,63,75256,Female,Teacher,Depression,69924
2514,James Williams,james.williams11@hotmail.com,(512) 392-7884,58,60636,Male,Accountant,No Condition,82295
2515,Katelyn Mendez,katelyn.mendez9@hotmail.com,(686) 361-5276,35,94131,Female,Accountant,Cancer,57618
2516,Ronald Patrick,ronald.patrick26@yahoo.com,(544) 202-2482,44,98118,Male,Physician,Cancer,230917
2517,Joshua Copeland,joshua.copeland37@gmail.com,(413) 737-1450,37,33143,Male,Teacher,Arthritis,51784
2518,Tommy Monroe,tommy.monroe46@gmail.com,(480) 266-9141,27,60613,Male,Physician,No Condition,226411
2519,Maureen Ortiz,maureen.ortiz50@yahoo.com,(310) 471-8911,32,60613,Female,Data Analyst,Arthritis,67905
2520,Nicholas Boone,nicholas.boone45@yahoo.com,(292) 476-8834,20,75241,Male,Teacher,No Condition,48287
2521,Wayne Robinson,wayne.robinson8@gmail.com,(541) 318-1181,47,33141,Male,Data Analyst,Hypertension,67107
2522,Alexandra Lucero,alexandra.lucero95@gmail.com,(832) 517-9044,47,33111,Female,Nurse,No Condition,85642
2523,Andrew Ward,andrew.ward11@gmail.com,(994) 067-1487,45,94192,Male,Data Analyst,No Condition,84411
2524,Christy Johnson,christy.johnson97@gmail.com,(645) 645-7227,42,75262,Female,Software Engineer,Asthma,122972
2525,Mary Kennedy,mary.kennedy19@yahoo.com,(907) 403-3744,44,98101,Female,Cashier,Heart Disease,40278
2526,Joanna Munoz,joanna.munoz75@gmail.com,(739) 136-9412,38,98118,Female,Marketing Manager,Diabetes,78327
2527,Victor Jones,victor.jones72@yahoo.com,(103) 267-5318,50,75241,Male,Electrician,Diabetes,59010
2528,Gregory Schaefer,gregory.schaefer76@yahoo.com,(531) 010-8965,32,94145,Male,Nurse,Hypertension,75261
2529,Jennifer Davis,jennifer.davis67@yahoo.com,(536) 064-0047,45,75215,Female,Nurse,Arthritis,91982
2530,Stephanie Ross,stephanie.ross9@hotmail.com,(948) 698-9484,45,94138,Non-binary,Data Analyst,Arthritis,96784
2531,Chad Smith,chad.smith13@hotmail.com,(836) 100-7701,44,94131,Non-binary,Chef,No Condition,45976
2532,Katelyn Sosa,katelyn.sosa75@gmail.com,(975) 949-3307,60,75253,Female,Software Engineer,Diabetes,114535
2533,Ashley Huynh,ashley.huynh4@gmail.com,(371) 960-0490,19,10086,Female,Cashier,Diabetes,20000
2534,Tammy Adams,tammy.adams4@yahoo.com,(415) 596-7433,53,75241,Female,Electrician,Diabetes,54358
2535,Max Stone,max.stone43@hotmail.com,(196) 552-3917,58,94131,Male,Teacher,Heart Disease,52218
2536,Robert Acosta,robert.acosta88@yahoo.com,(730) 049-9926,65,75241,Male,Teacher,Arthritis,57562
2537,Veronica Lewis,veronica.lewis90@yahoo.com,(519) 773-1739,52,98118,Female,Marketing Manager,No Condition,96195
2538,Pamela Benson,pamela.benson49@gmail.com,(648) 723-8586,32,98158,Female,Cashier,No Condition,28122
2539,Tracy Sanchez,tracy.sanchez65@hotmail.com,(527) 687-1413,46,10086,Female,Cashier,No Condition,28742
2540,Laura Gibbs,laura.gibbs50@yahoo.com,(296) 706-0558,57,75253,Female,Accountant,Diabetes,78218
2541,John Perez,john.perez13@yahoo.com,(779) 211-6250,57,60627,Male,Teacher,Depression,59305
2542,Melissa Matthews,melissa.matthews29@hotmail.com,(835) 464-6398,41,10053,Female,Data Analyst,Depression,71221
2543,Alexis Mcmillan,alexis.mcmillan17@hotmail.com,(855) 703-9342,53,33167,Female,Physician,Hypertension,232241
2544,Melissa Hendrix,melissa.hendrix50@hotmail.com,(186) 692-5529,27,75262,Female,Chef,No Condition,35124
2545,Erin Howell,erin.howell3@gmail.com,(760) 001-1015,19,94192,Female,Electrician,Diabetes,51143
2546,Angela Jones,angela.jones69@hotmail.com,(273) 844-9812,60,98101,Female,Cashier,Depression,28501
2547,Scott Smith,scott.smith67@hotmail.com,(188) 238-4699,54,33167,Male,Data Analyst,Depression,93125
2548,Phillip Parks,phillip.parks47@hotmail.com,(586) 723-3104,44,75241,Male,Chef,Depression,34965
2549,Joseph Snyder,joseph.snyder53@yahoo.com,(236) 556-1922,55,60677,Male,Data Analyst,Heart Disease,107712
2550,Patricia Moreno,patricia.moreno73@gmail.com,(820) 631-8641,33,94138,Female,Data Analyst,Hypertension,74589
2551,Janice Little,janice.little98@hotmail.com,(430) 236-4169,40,60613,Female,Teacher,Hypertension,57298
2552,Jessica Lopez,jessica.lopez24@hotmail.com,(399) 167-6403,68,94179,Female,Cashier,Diabetes,35123
2553,Darin Ray,darin.ray46@gmail.com,(293) 252-8267,44,10086,Male,Software Engineer,Asthma,119115
2554,Carrie Barron,carrie.barron39@gmail.com,(679) 499-9522,72,98158,Female,Graphic Designer,No Condition,65784
2555,Cody Mendez,cody.mendez73@yahoo.com,(244) 843-6868,36,10053,Male,Teacher,Diabetes,54614
2556,Shelby Stephenson,shelby.stephenson90@gmail.com,(143) 306-4098,50,75262,Female,Software Engineer,Asthma,90238
2557,Frank Porter,frank.porter78@gmail.com,(855) 590-6278,21,98127,Male,Lawyer,No Condition,112057
2558,Timothy Williams,timothy.williams14@yahoo.com,(291) 204-6372,68,75262,Male,Graphic Designer,Depression,72084
2559,Jason Mercado,jason.mercado18@yahoo.com,(960) 323-5841,47,94131,Male,Cashier,Cancer,35765
2560,Rebecca Thompson,rebecca.thompson70@yahoo.com,(459) 997-7379,43,33143,Female,Cashier,No Condition,33505
2561,Kyle Howard,kyle.howard31@yahoo.com,(295) 519-2474,39,75246,Male,Graphic Designer,No Condition,63351
2562,Charles Mendoza,charles.mendoza63@gmail.com,(867) 038-6256,49,75215,Non-binary,Chef,Depression,44777
2563,Scott Garcia,scott.garcia15@gmail.com,(158) 423-3008,47,10082,Male,Electrician,No Condition,83499
2564,Isaiah Huber,isaiah.huber59@gmail.com,(482) 924-8287,56,94138,Male,Nurse,Depression,83044
2565,Tyrone Roberson,tyrone.roberson56@gmail.com,(410) 788-3127,42,98101,Male,Cashier,Diabetes,26442
2566,Michelle Jarvis,michelle.jarvis9@yahoo.com,(885) 220-7201,45,98101,Female,Accountant,Depression,63733
2567,Ryan Pierce,ryan.pierce13@gmail.com,(487) 416-2796,39,60627,Male,Software Engineer,Arthritis,105668
2568,Lori Nguyen,lori.nguyen7@gmail.com,(195) 551-0051,46,75247,Female,Accountant,No Condition,78572
2569,Kayla Montgomery,kayla.montgomery82@hotmail.com,(484) 226-2300,39,10082,Female,Physician,Cancer,282761
2570,Jason Ferrell,jason.ferrell13@gmail.com,(523) 502-8303,63,75215,Male,Software Engineer,Diabetes,108394
2571,Michael Wiley,michael.wiley58@hotmail.com,(343) 753-9169,41,98101,Male,Data Analyst,Depression,79879
2572,Samuel Castro,samuel.castro98@hotmail.com,(916) 631-6696,41,10082,Male,Cashier,No Condition,28449
2573,Kaitlin Lowe,kaitlin.lowe78@gmail.com,(733) 045-4410,39,10086,Female,Accountant,Asthma,76279
2574,Brett Myers,brett.myers62@hotmail.com,(270) 084-4580,59,75262,Male,Chef,Diabetes,55051
2575,Mark Rios,mark.rios48@yahoo.com,(364) 296-2809,45,75262,Non-binary,Electrician,No Condition,67256
2576,Edward Wilson,edward.wilson28@gmail.com,(250) 969-9613,45,60613,Male,Graphic Designer,No Condition,79677
2577,Gary Martin,gary.martin32@yahoo.com,(952) 322-8058,37,33143,Male,Software Engineer,Depression,117153
2578,Corey Bryant,corey.bryant1@yahoo.com,(643) 540-4762,18,94138,Male,Chef,No Condition,40076
2579,Paul Rhodes,paul.rhodes79@hotmail.com,(950) 111-5255,46,33130,Male,Cashier,Cancer,37239
2580,Melissa Davenport,melissa.davenport96@yahoo.com,(878) 882-6031,18,75215,Female,Nurse,Depression,74555
2581,Desiree Matthews,desiree.matthews10@gmail.com,(904) 588-0971,32,75241,Female,Lawyer,No Condition,209484
2582,Jessica Lloyd,jessica.lloyd73@yahoo.com,(322) 935-5459,41,94138,Female,Electrician,Depression,62263
2583,Andrew Doyle,andrew.doyle86@yahoo.com,(296) 757-7991,38,60684,Male,Lawyer,No Condition,149133
2584,Melanie Glover,melanie.glover59@hotmail.com,(583) 045-7627,29,60684,Female,Electrician,No Condition,46508
2585,Erika Parrish,erika.parrish77@gmail.com,(116) 089-5897,62,75241,Female,Teacher,Arthritis,68340
2586,Robert Rodriguez,robert.rodriguez85@yahoo.com,(122) 133-6896,62,60684,Male,Chef,No Condition,55270
2587,Aimee Palmer,aimee.palmer93@yahoo.com,(476) 128-9899,29,98186,Female,Software Engineer,No Condition,112277
2588,Adriana Mcneil,adriana.mcneil83@yahoo.com,(346) 113-9979,57,60677,Female,Nurse,Cancer,108131
2589,John Schultz,john.schultz92@yahoo.com,(360) 338-7885,41,60677,Male,Graphic Designer,Hypertension,62457
2590,Kayla Gross,kayla.gross45@hotmail.com,(898) 681-8439,18,75262,Female,Marketing Manager,No Condition,85819
2591,Jennifer Sanchez,jennifer.sanchez96@hotmail.com,(590) 073-7949,51,10041,Female,Nurse,No Condition,94894
2592,Rachael Edwards,rachael.edwards49@hotmail.com,(744) 410-7692,52,60684,Female,Teacher,Asthma,54810
2593,Brandy Bowman,brandy.bowman71@yahoo.com,(543) 475-9160,18,10086,Female,Cashier,Depression,31003
2594,David Riley,david.riley58@hotmail.com,(739) 859-0799,35,60681,Male,Graphic Designer,No Condition,72989
2595,Helen Wyatt,helen.wyatt55@yahoo.com,(983) 756-8167,38,60684,Female,Nurse,Heart Disease,76716
2596,Ellen Colon,ellen.colon51@yahoo.com,(207) 307-1776,44,98118,Female,Chef,Asthma,36812
2597,Spencer Parks,spencer.parks24@gmail.com,(350) 078-8369,29,75253,Male,Chef,Depression,49953
2598,Brittany Gonzalez,brittany.gonzalez40@hotmail.com,(685) 403-3699,29,94145,Female,Graphic Designer,No Condition,45925
2599,Carlos Spencer,carlos.spencer77@hotmail.com,(802) 312-6532,24,10040,Male,Teacher,No Condition,51242
2600,David Benson,david.benson43@hotmail.com,(451) 497-2490,18,60684,Male,Teacher,Heart Disease,56960
2601,Brenda Anderson,brenda.anderson26@yahoo.com,(477) 146-9509,55,98186,Female,Lawyer,Diabetes,192817
2602,Michael Edwards,michael.edwards69@yahoo.com,(270) 200-6174,40,60627,Male,Software Engineer,Diabetes,87639
2603,Cory Mccann,cory.mccann70@yahoo.com,(459) 476-1218,45,75262,Male,Nurse,No Condition,90988
2604,Timothy Harper,timothy.harper5@hotmail.com,(327) 065-0761,43,98186,Male,Graphic Designer,Asthma,46454
2605,Christopher Hernandez,christopher.hernandez80@hotmail.com,(430) 564-4685,70,60681,Male,Teacher,Depression,71975
2606,Michael Zuniga,michael.zuniga26@yahoo.com,(655) 595-0263,21,75215,Male,Electrician,No Condition,57965
2607,Jessica Porter,jessica.porter12@yahoo.com,(189) 433-2763,39,94131,Female,Teacher,No Condition,59215
2608,Deborah Colon,deborah.colon58@gmail.com,(108) 236-9626,60,60662,Female,Software Engineer,Arthritis,138691
2609,Catherine Jennings,catherine.jennings93@gmail.com,(109) 755-0617,41,98118,Female,Data Analyst,Asthma,63723
2610,Jeffrey Mays,jeffrey.mays13@yahoo.com,(401) 512-0039,42,60613,Male,Graphic Designer,No Condition,52229
2611,Dawn Carr,dawn.carr52@yahoo.com,(469) 721-6218,49,94138,Female,Nurse,No Condition,82170
2612,Michael Fischer,michael.fischer4@gmail.com,(191) 929-6921,57,98186,Male,Chef,Arthritis,41068
2613,Sarah Walker,sarah.walker51@yahoo.com,(912) 260-0822,27,75225,Female,Data Analyst,Depression,82429
2614,Crystal Ford,crystal.ford38@hotmail.com,(842) 705-4985,52,60666,Female,Teacher,No Condition,78840
2615,Nancy Nichols,nancy.nichols88@yahoo.com,(128) 206-3228,18,10053,Female,Nurse,Depression,70063
2616,Toni Pollard,toni.pollard80@gmail.com,(969) 804-4665,42,94140,Female,Nurse,Heart Disease,97841
2617,Kevin Taylor,kevin.taylor6@yahoo.com,(376) 096-0647,39,98197,Male,Marketing Manager,No Condition,89719
2618,Melissa Scott,melissa.scott26@yahoo.com,(825) 737-8747,69,33143,Female,Software Engineer,Depression,120993
2619,Joshua Herrera,joshua.herrera37@gmail.com,(170) 946-5777,44,10086,Male,Nurse,Hypertension,88052
2620,Xavier Miller,xavier.miller89@hotmail.com,(988) 972-8426,72,33143,Male,Accountant,Cancer,108905
2621,Amy George,amy.george61@hotmail.com,(626) 164-1700,31,60613,Female,Software Engineer,No Condition,114747
2622,Christina Vasquez,christina.vasquez2@hotmail.com,(486) 056-6880,30,60684,Female,Accountant,Depression,73140
2623,Angela Franco,angela.franco3@hotmail.com,(966) 479-5127,29,75215,Female,Chef,Asthma,49660
2624,Connor Martinez,connor.martinez95@gmail.com,(142) 853-5416,59,98193,Male,Physician,No Condition,235052
2625,Angela Munoz,angela.munoz89@hotmail.com,(184) 808-7017,49,33143,Female,Graphic Designer,No Condition,69749
2626,Melissa Chan,melissa.chan82@hotmail.com,(167) 152-0771,30,98118,Female,Software Engineer,Depression,128722
2627,John Mitchell,john.mitchell3@yahoo.com,(833) 689-5796,59,75247,Male,Accountant,Hypertension,71217
2628,Melissa Wong,melissa.wong19@yahoo.com,(161) 051-1090,18,98193,Female,Cashier,Cancer,34451
2629,Michael Williams,michael.williams25@gmail.com,(678) 502-0502,56,75241,Male,Teacher,Heart Disease,76793
2630,Maurice Cunningham,maurice.cunningham74@gmail.com,(639) 201-0297,52,75241,Male,Nurse,Cancer,86283
2631,Sue Gibbs,sue.gibbs54@yahoo.com,(547) 539-6597,46,33143,Female,Nurse,No Condition,82448
2632,David Wolf,david.wolf66@yahoo.com,(526) 942-0416,52,75262,Male,Accountant,No Condition,91003
2633,Ashley Osborne,ashley.osborne33@gmail.com,(474) 051-3379,51,60636,Female,Marketing Manager,Heart Disease,110143
2634,Sean Clarke,sean.clarke34@yahoo.com,(699) 768-1608,50,33143,Male,Teacher,No Condition,67003
2635,Gwendolyn Wang,gwendolyn.wang34@yahoo.com,(949) 058-4968,30,60684,Female,Chef,Diabetes,59047
2636,Angela Nelson,angela.nelson57@hotmail.com,(108) 035-8624,46,60684,Female,Graphic Designer,Diabetes,54240
2637,Megan Wallace,megan.wallace10@yahoo.com,(550) 999-8632,40,60677,Female,Cashier,Arthritis,34464
2638,James Sanchez,james.sanchez16@gmail.com,(279) 111-1085,77,94131,Male,Marketing Manager,Depression,87874
2639,Tonya Wright,tonya.wright62@hotmail.com,(468) 985-9321,75,94138,Female,Software Engineer,Asthma,116945
2640,Heather Ray,heather.ray29@gmail.com,(383) 073-4800,45,60684,Female,Electrician,Depression,76037
2641,Charles Garrison,charles.garrison3@yahoo.com,(925) 972-0554,44,60684,Male,Chef,No Condition,45361
2642,Ronald Carson,ronald.carson83@hotmail.com,(978) 192-1474,30,10053,Male,Electrician,Asthma,70142
2643,Diana Torres,diana.torres45@gmail.com,(842) 937-1784,21,75256,Female,Software Engineer,No Condition,85748
2644,Victoria Hobbs,victoria.hobbs62@gmail.com,(546) 172-7580,66,60684,Female,Electrician,Hypertension,73565
2645,Hailey Thomas,hailey.thomas35@gmail.com,(967) 698-8979,36,94145,Female,Marketing Manager,Heart Disease,101347
2646,Joseph Shepard,joseph.shepard83@yahoo.com,(544) 584-7413,41,94138,Male,Teacher,Depression,66648
2647,Aaron Hull,aaron.hull93@gmail.com,(693) 605-9627,63,10041,Male,Cashier,No Condition,43148
2648,Mary Brown,mary.brown10@hotmail.com,(393) 463-8901,23,60613,Female,Nurse,Hypertension,69016
2649,Ryan Skinner,ryan.skinner75@hotmail.com,(244) 793-6561,32,75256,Male,Electrician,No Condition,64968
2650,William Ortiz,william.ortiz89@yahoo.com,(522) 307-0659,39,10053,Male,Software Engineer,Cancer,109412
2651,Joseph Delacruz,joseph.delacruz36@gmail.com,(116) 022-7433,44,10053,Male,Physician,Diabetes,228316
2652,Cindy Gonzales,cindy.gonzales45@hotmail.com,(627) 186-2447,44,75241,Female,Accountant,Diabetes,59140
2653,Jennifer Hensley,jennifer.hensley37@gmail.com,(821) 380-7828,74,33111,Female,Lawyer,Depression,147155
2654,Joshua Yates,joshua.yates10@yahoo.com,(761) 545-9858,50,94138,Male,Teacher,Arthritis,56263
2655,Jamie Gomez,jamie.gomez19@yahoo.com,(341) 802-8825,35,33143,Female,Data Analyst,Hypertension,88563
2656,Billy Jackson,billy.jackson57@hotmail.com,(788) 669-0594,37,60662,Male,Software Engineer,No Condition,121469
2657,Kevin Espinoza,kevin.espinoza55@hotmail.com,(642) 882-8470,35,60636,Male,Data Analyst,No Condition,56590
2658,Brittany Sanchez,brittany.sanchez6@hotmail.com,(332) 988-7123,41,75241,Female,Teacher,Hypertension,56092
2659,Thomas Clark,thomas.clark83@yahoo.com,(368) 642-7786,20,60677,Male,Marketing Manager,No Condition,85543
2660,Jessica Weaver,jessica.weaver6@hotmail.com,(352) 728-7603,18,60613,Female,Physician,Arthritis,215249
2661,Abigail Mcknight,abigail.mcknight21@yahoo.com,(978) 347-1062,46,98118,Female,Graphic Designer,Diabetes,58809
2662,Crystal Walker,crystal.walker52@hotmail.com,(855) 735-6232,47,98158,Female,Marketing Manager,No Condition,107668
2663,Kathryn Reeves,kathryn.reeves18@gmail.com,(404) 535-8597,46,94145,Female,Chef,No Condition,47720
2664,Amy Martinez,amy.martinez92@yahoo.com,(532) 285-7042,31,75262,Female,Software Engineer,No Condition,99367
2665,Amanda Acosta,amanda.acosta33@gmail.com,(855) 546-8939,56,75215,Female,Electrician,Hypertension,69791
2666,Steven Bird,steven.bird74@hotmail.com,(604) 116-7881,56,10041,Male,Cashier,Hypertension,24548
2667,Richard Fisher,richard.fisher35@yahoo.com,(567) 386-5690,30,33130,Male,Marketing Manager,Hypertension,76241
2668,Victor Ramirez,victor.ramirez95@hotmail.com,(346) 733-2291,79,60622,Male,Lawyer,Depression,116685
2669,Diane Guzman,diane.guzman27@yahoo.com,(587) 700-6239,53,94138,Female,Teacher,Asthma,60357
2670,Todd Aguilar,todd.aguilar46@hotmail.com,(642) 640-7608,48,10086,Male,Software Engineer,Diabetes,139852
2671,Daniel Miller,daniel.miller26@hotmail.com,(803) 398-0138,50,60677,Male,Physician,Diabetes,289306
2672,Anna Malone,anna.malone88@gmail.com,(983) 356-8905,53,10086,Female,Lawyer,Diabetes,140801
2673,Reginald Jones,reginald.jones95@hotmail.com,(701) 533-7435,52,75215,Male,Graphic Designer,Arthritis,57872
2674,Judy Anderson,judy.anderson27@hotmail.com,(777) 287-1565,28,94131,Female,Electrician,No Condition,48574
2675,Mary Richardson,mary.richardson61@hotmail.com,(694) 575-9599,39,75241,Female,Nurse,Asthma,83579
2676,William Johnson,william.johnson25@yahoo.com,(953) 629-1714,67,94131,Male,Teacher,Heart Disease,57236
2677,Jacob Wu,jacob.wu95@yahoo.com,(318) 395-2525,50,98158,Male,Data Analyst,Diabetes,64299
2678,Rhonda Brown,rhonda.brown31@yahoo.com,(388) 216-5119,55,60613,Female,Chef,Depression,55416
2679,Anna Collier,anna.collier18@yahoo.com,(874) 452-0302,52,33141,Female,Teacher,Hypertension,73402
2680,Lydia Hubbard,lydia.hubbard15@yahoo.com,(673) 088-2403,31,75256,Female,Teacher,No Condition,54138
2681,Michael Allen,michael.allen25@hotmail.com,(412) 440-2936,42,94145,Male,Chef,No Condition,52035
2682,Dylan Houston,dylan.houston18@gmail.com,(694) 121-8052,33,60684,Male,Electrician,No Condition,66752
2683,Karen Stewart,karen.stewart39@hotmail.com,(300) 479-4123,63,75262,Female,Nurse,Hypertension,98073
2684,Frederick Russell,frederick.russell46@gmail.com,(689) 113-4348,52,98118,Male,Nurse,Diabetes,79817
2685,John Harris,john.harris32@hotmail.com,(896) 276-8612,39,60613,Male,Lawyer,Heart Disease,180928
2686,David Weiss,david.weiss53@gmail.com,(412) 029-1381,39,75241,Male,Accountant,No Condition,63055
2687,Andrew Roberts,andrew.roberts30@yahoo.com,(980) 298-9088,38,33143,Male,Lawyer,Depression,155438
2688,Michael Lane,michael.lane48@hotmail.com,(164) 523-1919,35,75262,Male,Data Analyst,Heart Disease,78636
2689,Kayla Jones,kayla.jones98@gmail.com,(735) 683-1723,64,94138,Female,Lawyer,Depression,183092
2690,Stanley Garrett,stanley.garrett87@yahoo.com,(204) 171-0389,22,75241,Male,Data Analyst,Depression,66298
2691,Lisa Barron,lisa.barron44@yahoo.com,(440) 501-3320,47,60636,Female,Teacher,No Condition,60561
2692,Denise Lloyd,denise.lloyd7@hotmail.com,(656) 071-4876,46,10041,Female,Marketing Manager,No Condition,104139
2693,Anthony Baldwin,anthony.baldwin15@yahoo.com,(252) 572-3163,28,75215,Male,Software Engineer,Asthma,96620
2694,Jennifer Conley,jennifer.conley96@hotmail.com,(778) 110-5703,30,98118,Female,Software Engineer,Hypertension,78188
2695,Scott Harris,scott.harris74@yahoo.com,(767) 005-9946,39,60666,Male,Nurse,No Condition,66219
2696,Jennifer Jacobs,jennifer.jacobs24@hotmail.com,(923) 370-0715,18,75290,Female,Chef,No Condition,32326
2697,Sabrina Harrington,sabrina.harrington63@hotmail.com,(471) 408-6332,35,33143,Female,Nurse,Asthma,92455
2698,Elizabeth Richard,elizabeth.richard15@yahoo.com,(358) 744-8883,37,60662,Female,Marketing Manager,No Condition,114445
2699,David Rogers,david.rogers90@hotmail.com,(609) 722-8582,38,10041,Male,Accountant,No Condition,66434
2700,Krista Morgan,krista.morgan31@yahoo.com,(455) 139-1960,40,94131,Female,Physician,Heart Disease,246987
2701,Thomas Stone,thomas.stone1@gmail.com,(736) 788-3873,42,94138,Male,Graphic Designer,No Condition,52980
2702,Sherry Randall,sherry.randall96@gmail.com,(823) 800-4364,36,75256,Female,Teacher,Hypertension,66937
2703,Helen Collins,helen.collins94@yahoo.com,(248) 674-1637,29,75256,Female,Software Engineer,Diabetes,105728
2704,Bianca Ross,bianca.ross57@gmail.com,(275) 529-7760,41,75215,Female,Nurse,Hypertension,66113
2705,David Palmer,david.palmer91@gmail.com,(981) 144-1572,42,94192,Male,Electrician,No Condition,48942
2706,Ashley Collins,ashley.collins76@gmail.com,(761) 168-6114,19,98101,Female,Teacher,Depression,50549
2707,Sylvia Heath,sylvia.heath91@yahoo.com,(611) 892-6055,44,94138,Female,Teacher,Arthritis,50067
2708,Michael Nelson,michael.nelson79@yahoo.com,(842) 683-6843,26,75241,Male,Teacher,No Condition,52225
2709,Jesse Hinton,jesse.hinton49@gmail.com,(734) 454-5956,40,60666,Male,Cashier,No Condition,39999
2710,Alyssa Hall,alyssa.hall13@gmail.com,(911) 962-2723,42,98101,Female,Cashier,No Condition,26845
2711,Nicholas Matthews,nicholas.matthews24@yahoo.com,(121) 736-8385,58,75241,Non-binary,Chef,Asthma,55373
2712,Terri Nguyen,terri.nguyen29@hotmail.com,(770) 934-0991,38,98118,Female,Teacher,Cancer,56791
2713,Melanie Meadows,melanie.meadows92@gmail.com,(981) 136-4034,46,10082,Female,Physician,No Condition,193598
2714,Lori Hoffman,lori.hoffman82@gmail.com,(677) 006-2795,45,33143,Female,Graphic Designer,Arthritis,77342
2715,Sherri Martinez,sherri.martinez91@gmail.com,(595) 449-6695,37,75246,Female,Marketing Manager,No Condition,80280
2716,Charles Miller,charles.miller67@hotmail.com,(175) 627-5280,74,10086,Male,Data Analyst,Hypertension,77999
2717,Brian Rasmussen,brian.rasmussen68@hotmail.com,(317) 344-7945,53,75241,Male,Electrician,Hypertension,57127
2718,David Craig,david.craig35@yahoo.com,(238) 326-4897,69,60677,Male,Lawyer,Cancer,159587
2719,Michael Vega,michael.vega79@gmail.com,(501) 707-8129,63,10041,Male,Cashier,Diabetes,46785
2720,Mark Morgan,mark.morgan78@yahoo.com,(513) 049-4841,59,98118,Male,Teacher,Diabetes,62653
2721,Carrie Thornton,carrie.thornton7@hotmail.com,(935) 528-3372,23,60613,Female,Cashier,Depression,38839
2722,Rhonda Marquez,rhonda.marquez2@yahoo.com,(779) 813-0265,60,75241,Female,Nurse,Hypertension,102972
2723,Denise Bryant,denise.bryant18@hotmail.com,(871) 158-8218,53,10086,Female,Electrician,Cancer,70935
2724,Toni Leonard,toni.leonard92@hotmail.com,(294) 107-9116,31,33143,Female,Nurse,No Condition,76553
2725,Billy Fitzpatrick,billy.fitzpatrick10@yahoo.com,(846) 119-8309,47,33167,Male,Accountant,No Condition,86110
2726,Michael Turner,michael.turner64@hotmail.com,(847) 388-5237,18,60613,Non-binary,Software Engineer,Depression,116274
2727,Tracy Hansen,tracy.hansen2@hotmail.com,(677) 007-8812,19,10086,Female,Lawyer,Asthma,108878
2728,Dana Cook,dana.cook26@gmail.com,(121) 808-2267,39,98193,Female,Nurse,Arthritis,93318
2729,Lucas Wade,lucas.wade18@yahoo.com,(602) 865-3839,43,94131,Male,Physician,Hypertension,198659
2730,Joe Ortiz,joe.ortiz84@yahoo.com,(182) 100-3709,45,33143,Male,Graphic Designer,Arthritis,56770
2731,Jeremy Cochran,jeremy.cochran97@yahoo.com,(180) 886-6932,59,98118,Male,Teacher,Heart Disease,53031
2732,Kathleen Pittman,kathleen.pittman48@hotmail.com,(709) 834-8492,38,94138,Female,Data Analyst,Hypertension,58510
2733,Katherine Torres,katherine.torres34@yahoo.com,(662) 965-0744,44,94139,Female,Marketing Manager,No Condition,85380
2734,James Alexander,james.alexander98@yahoo.com,(276) 541-9828,61,94179,Male,Electrician,Heart Disease,85477
2735,Jillian Willis,jillian.willis64@yahoo.com,(379) 500-3452,51,60677,Female,Nurse,Hypertension,80120
2736,Antonio Kim,antonio.kim27@gmail.com,(369) 303-2645,22,75241,Male,Nurse,No Condition,75702
2737,Tiffany Watson,tiffany.watson37@yahoo.com,(433) 090-7406,43,60627,Female,Nurse,Hypertension,87744
2738,Frances Reynolds,frances.reynolds23@yahoo.com,(622) 476-7512,52,60677,Female,Graphic Designer,Hypertension,69010
2739,Jean Gonzalez,jean.gonzalez1@hotmail.com,(499) 005-3669,33,60622,Non-binary,Marketing Manager,Arthritis,67404
2740,Cory Vasquez,cory.vasquez54@gmail.com,(434) 228-5628,48,75262,Male,Lawyer,Heart Disease,215984
2741,Julie Woodard,julie.woodard78@gmail.com,(472) 259-3103,45,10082,Female,Teacher,No Condition,75959
2742,Michelle Summers,michelle.summers22@hotmail.com,(400) 894-2340,55,94138,Female,Physician,Arthritis,286535
2743,Natalie Smith,natalie.smith71@gmail.com,(633) 318-8384,33,10086,Female,Graphic Designer,Depression,48104
2744,Jennifer Miranda,jennifer.miranda19@gmail.com,(225) 780-4737,41,98193,Female,Chef,No Condition,48456
2745,Kevin Owen,kevin.owen73@hotmail.com,(551) 769-6806,18,75262,Male,Lawyer,No Condition,105117
2746,Jaclyn Mccarthy,jaclyn.mccarthy2@yahoo.com,(342) 157-8379,43,10041,Female,Teacher,Hypertension,64954
2747,Jessica Johnson,jessica.johnson82@gmail.com,(427) 396-8859,32,10053,Female,Nurse,No Condition,80067
2748,Dennis Nixon,dennis.nixon16@hotmail.com,(883) 903-9799,31,75262,Male,Software Engineer,No Condition,125301
2749,Thomas Rhodes,thomas.rhodes4@hotmail.com,(933) 150-3219,49,10086,Male,Teacher,Cancer,52546
2750,James Perkins,james.perkins23@hotmail.com,(765) 510-2506,36,75256,Male,Data Analyst,Cancer,53628
2751,Jessica Buck,jessica.buck4@hotmail.com,(886) 067-3476,54,60613,Female,Teacher,Depression,77073
2752,Anna Evans,anna.evans71@hotmail.com,(298) 632-8959,45,94131,Female,Physician,No Condition,238832
2753,Steve Smith,steve.smith14@hotmail.com,(652) 427-6221,30,10008,Male,Teacher,Depression,58329
2754,Heather Malone,heather.malone57@gmail.com,(674) 396-3994,45,75241,Female,Teacher,No Condition,62778
2755,Thomas Roberts,thomas.roberts69@gmail.com,(489) 554-6565,18,94131,Male,Data Analyst,Asthma,64949
2756,Angela Brown,angela.brown70@yahoo.com,(730) 021-0273,48,60684,Female,Data Analyst,No Condition,71900
2757,Megan Walker,megan.walker91@hotmail.com,(925) 673-2234,33,94131,Female,Accountant,Depression,81377
2758,Jodi Elliott,jodi.elliott64@hotmail.com,(116) 601-9109,62,94131,Female,Accountant,Hypertension,92607
2759,Eric Stone,eric.stone75@yahoo.com,(407) 326-4478,49,75241,Male,Software Engineer,No Condition,99662
2760,Matthew Palmer,matthew.palmer91@hotmail.com,(454) 176-0909,37,60622,Male,Cashier,No Condition,36188
2761,Jon Sellers,jon.sellers24@yahoo.com,(758) 104-5734,30,98101,Male,Teacher,Hypertension,50933
2762,Jeffrey Andrews,jeffrey.andrews35@yahoo.com,(347) 338-7805,45,75253,Male,Accountant,Cancer,55030
2763,Jonathan Armstrong,jonathan.armstrong81@hotmail.com,(556) 651-8378,68,98193,Male,Nurse,Heart Disease,83671
2764,Patrick Ramos,patrick.ramos93@hotmail.com,(188) 837-4345,41,60613,Male,Accountant,Depression,87676
2765,Lisa Powell,lisa.powell72@yahoo.com,(493) 806-2502,36,94138,Female,Nurse,No Condition,83128
2766,Amanda Valencia,amanda.valencia15@hotmail.com,(496) 469-2434,52,75241,Female,Software Engineer,Hypertension,98723
2767,Ian Rice,ian.rice21@hotmail.com,(952) 121-5603,43,33143,Male,Physician,No Condition,210349
2768,Jodi Smith,jodi.smith79@hotmail.com,(103) 546-9466,46,60684,Female,Teacher,Depression,51361
2769,Tanner Matthews,tanner.matthews40@gmail.com,(237) 647-4769,18,60684,Male,Accountant,Asthma,76458
2770,Mary Keith,mary.keith37@yahoo.com,(612) 215-0396,61,75215,Female,Data Analyst,Heart Disease,89614
2771,William Arnold,william.arnold48@yahoo.com,(481) 900-4158,48,75215,Male,Software Engineer,No Condition,126666
2772,Cindy Watson,cindy.watson17@hotmail.com,(166) 013-8550,30,60622,Female,Software Engineer,No Condition,113010
2773,Christopher Morgan,christopher.morgan56@yahoo.com,(838) 010-1245,20,33143,Male,Marketing Manager,No Condition,90884
2774,Brandon Weaver,brandon.weaver21@yahoo.com,(280) 619-4999,65,33119,Male,Software Engineer,Depression,149833
2775,Colton Morales,colton.morales37@hotmail.com,(750) 551-9193,54,94138,Male,Software Engineer,Depression,111373
2776,Joseph Miller,joseph.miller92@yahoo.com,(471) 708-0492,47,10041,Male,Software Engineer,Diabetes,125467
2777,Michelle Potter,michelle.potter91@hotmail.com,(450) 719-6129,38,98101,Female,Nurse,Heart Disease,98700
2778,Daniel Taylor,daniel.taylor40@gmail.com,(149) 522-0940,51,98118,Male,Teacher,Diabetes,66865
2779,Tony Serrano,tony.serrano23@yahoo.com,(817) 758-8562,39,94179,Male,Cashier,No Condition,28313
2780,David Smith,david.smith83@yahoo.com,(611) 262-0306,71,94140,Male,Accountant,Depression,101200
2781,Terri Jordan,terri.jordan21@yahoo.com,(212) 118-6018,45,10086,Female,Accountant,Asthma,75766
2782,Stephanie Contreras,stephanie.contreras16@gmail.com,(939) 933-0255,47,10086,Female,Cashier,Asthma,32346
2783,Randy Carpenter,randy.carpenter11@gmail.com,(906) 231-4596,39,98124,Male,Accountant,Asthma,70698
2784,Mary Wagner,mary.wagner37@hotmail.com,(510) 961-9680,53,75262,Female,Marketing Manager,Cancer,73945
2785,Ian Cooper,ian.cooper54@gmail.com,(512) 036-0816,45,98158,Male,Data Analyst,Diabetes,70272
2786,Patty Pugh,patty.pugh3@hotmail.com,(204) 460-8197,27,10049,Female,Teacher,No Condition,44572
2787,Dawn Brock,dawn.brock6@hotmail.com,(134) 695-4495,44,75262,Female,Chef,Depression,53870
2788,Robert Smith,robert.smith56@hotmail.com,(758) 062-7456,39,60684,Male,Teacher,Hypertension,62804
2789,Linda Robinson,linda.robinson82@hotmail.com,(285) 907-4294,31,60684,Female,Software Engineer,No Condition,77665
2790,Eric Ortega,eric.ortega40@hotmail.com,(404) 957-7625,56,33130,Male,Marketing Manager,Arthritis,118186
2791,Megan Burton,megan.burton75@yahoo.com,(276) 691-9530,52,10053,Female,Marketing Manager,Diabetes,80048
2792,Jeanette Gates,jeanette.gates97@yahoo.com,(672) 861-7468,68,98186,Female,Nurse,No Condition,99663
2793,Kevin Smith,kevin.smith79@hotmail.com,(362) 976-1166,40,10086,Male,Chef,Asthma,49135
2794,Randy Fernandez,randy.fernandez59@yahoo.com,(703) 498-2468,36,33143,Male,Teacher,Asthma,62502
2795,John Williams,john.williams63@yahoo.com,(656) 277-4021,30,75241,Male,Cashier,No Condition,32573
2796,Samantha Crawford,samantha.crawford40@gmail.com,(331) 252-4235,43,98158,Female,Nurse,Depression,83233
2797,Gloria Newton,gloria.newton57@gmail.com,(808) 589-4961,18,75241,Female,Nurse,No Condition,77155
2798,Catherine Cox,catherine.cox73@gmail.com,(252) 053-5313,51,94138,Female,Data Analyst,Depression,90609
2799,Jose Watson,jose.watson13@yahoo.com,(305) 993-4232,55,98118,Male,Software Engineer,Hypertension,167318
2800,Nicholas Dawson,nicholas.dawson17@gmail.com,(291) 294-4314,48,75241,Male,Nurse,Asthma,69582
2801,Diana Johnson,diana.johnson30@hotmail.com,(378) 343-7798,49,75262,Female,Marketing Manager,Depression,94784
2802,Michael Torres,michael.torres20@gmail.com,(911) 682-3137,50,60662,Male,Data Analyst,Cancer,68347
2803,Angela Rodriguez,angela.rodriguez70@gmail.com,(909) 624-2657,41,60666,Female,Nurse,No Condition,82850
2804,Patricia Fischer,patricia.fischer92@yahoo.com,(735) 587-7452,40,33143,Female,Electrician,No Condition,65423
2805,Cindy Park,cindy.park31@hotmail.com,(388) 237-2544,30,75247,Female,Marketing Manager,Asthma,77499
2806,Bethany Morris,bethany.morris64@yahoo.com,(111) 788-2805,45,10040,Female,Chef,No Condition,54728
2807,Victoria King,victoria.king51@yahoo.com,(838) 828-7204,27,98158,Female,Teacher,No Condition,61158
2808,James Graham,james.graham61@yahoo.com,(808) 288-7458,42,60681,Male,Nurse,No Condition,80584
2809,Bob Ortega,bob.ortega10@gmail.com,(475) 313-6859,52,60613,Male,Nurse,Hypertension,93774
2810,Ashley Waters,ashley.waters46@hotmail.com,(526) 210-7414,37,75241,Female,Accountant,Depression,62509
2811,Colleen Reid,colleen.reid26@gmail.com,(706) 144-5299,28,98124,Female,Electrician,No Condition,68091
2812,Tara Gomez,tara.gomez17@yahoo.com,(244) 331-9971,30,10086,Female,Electrician,Depression,64886
2813,Michael Cox,michael.cox55@gmail.com,(134) 972-9697,25,10086,Male,Electrician,No Condition,57925
2814,Brandon Brady,brandon.brady88@hotmail.com,(934) 344-9975,32,75262,Male,Nurse,Asthma,85645
2815,Michael Cervantes,michael.cervantes22@hotmail.com,(161) 888-1786,42,75262,Male,Physician,Diabetes,187613
2816,Stacy Ferrell,stacy.ferrell36@gmail.com,(815) 992-7943,34,75241,Non-binary,Nurse,No Condition,53654
2817,Jeffrey Hull,jeffrey.hull18@hotmail.com,(327) 490-3312,37,10041,Male,Data Analyst,Depression,81033
2818,Charlotte Pitts,charlotte.pitts17@yahoo.com,(548) 070-4731,41,33143,Female,Lawyer,No Condition,185762
2819,Monique Johns,monique.johns23@hotmail.com,(136) 874-7774,33,10053,Female,Electrician,No Condition,58797
2820,Judy Walker,judy.walker86@yahoo.com,(965) 600-7622,29,33143,Female,Electrician,Asthma,69295
2821,Samuel Wilson,samuel.wilson29@gmail.com,(882) 193-8682,39,98101,Male,Software Engineer,No Condition,110845
2822,Kristi Green,kristi.green85@yahoo.com,(626) 439-3304,53,75241,Female,Software Engineer,Cancer,123173
2823,Mathew Murillo,mathew.murillo63@yahoo.com,(692) 066-6048,29,75215,Male,Accountant,No Condition,57681
2824,William Davis,william.davis22@gmail.com,(244) 358-4981,26,94131,Male,Physician,Asthma,210969
2825,Vincent Barrett,vincent.barrett66@yahoo.com,(851) 242-1063,35,33143,Male,Cashier,No Condition,33998
2826,Justin Davis,justin.davis66@hotmail.com,(704) 836-4811,33,60666,Male,Chef,Hypertension,43834
2827,Nicholas Riley,nicholas.riley43@yahoo.com,(485) 942-1937,39,33141,Male,Electrician,Hypertension,67210
2828,Thomas Clark,thomas.clark17@yahoo.com,(736) 597-2767,49,98124,Male,Physician,Heart Disease,256135
2829,Joseph Alvarez,joseph.alvarez18@yahoo.com,(893) 586-1341,24,75241,Male,Nurse,No Condition,74210
2830,Dawn Larson,dawn.larson85@hotmail.com,(853) 808-8426,28,10086,Female,Nurse,No Condition,63941
2831,Scott Lee,scott.lee91@hotmail.com,(290) 761-5001,43,10086,Male,Accountant,No Condition,64569
2832,Angela Lynch,angela.lynch19@yahoo.com,(848) 044-2364,60,10053,Female,Teacher,Cancer,53974
2833,Lisa Chang,lisa.chang41@yahoo.com,(599) 010-8616,37,10053,Female,Marketing Manager,No Condition,101567
2834,Roger Padilla,roger.padilla23@gmail.com,(749) 915-7380,37,10086,Male,Cashier,No Condition,34534
2835,Jordan Mays,jordan.mays23@yahoo.com,(173) 672-0961,52,98186,Female,Cashier,Diabetes,44130
2836,Robert Gill,robert.gill24@yahoo.com,(826) 432-0586,28,33143,Male,Teacher,No Condition,53277
2837,William Huang,william.huang24@yahoo.com,(897) 155-7932,53,33143,Male,Graphic Designer,No Condition,72703
2838,John Wilson,john.wilson71@hotmail.com,(154) 917-7326,60,10086,Male,Graphic Designer,Diabetes,77189
2839,Ruth Willis,ruth.willis16@hotmail.com,(956) 888-8610,42,98158,Female,Nurse,No Condition,66143
2840,Grant Jacobs,grant.jacobs22@gmail.com,(558) 679-4336,18,60666,Male,Software Engineer,No Condition,104106
2841,Devon Crawford,devon.crawford92@gmail.com,(763) 276-7659,46,75262,Male,Software Engineer,Diabetes,99876
2842,Rhonda Lindsey,rhonda.lindsey68@hotmail.com,(858) 766-9494,48,10053,Female,Electrician,Asthma,61398
2843,Patrick Bailey,patrick.bailey75@hotmail.com,(634) 745-0240,23,75262,Male,Nurse,Depression,75567
2844,Daisy Simpson,daisy.simpson92@hotmail.com,(508) 489-6539,52,33143,Female,Teacher,Diabetes,53663
2845,Faith Johnson,faith.johnson20@yahoo.com,(954) 807-8053,33,75262,Female,Accountant,Asthma,58164
2846,Daniel Daniel,daniel.daniel1@yahoo.com,(769) 329-1369,28,33111,Male,Cashier,No Condition,32512
2847,Eric Yang,eric.yang51@gmail.com,(640) 737-3041,33,94179,Male,Lawyer,Arthritis,144691
2848,Aaron Hobbs,aaron.hobbs12@gmail.com,(924) 051-0265,62,75241,Male,Cashier,Diabetes,38942
2849,Crystal Patel,crystal.patel30@hotmail.com,(596) 334-6746,24,60636,Female,Physician,No Condition,285190
2850,Melissa Cuevas,melissa.cuevas98@yahoo.com,(860) 332-7399,44,10041,Female,Data Analyst,No Condition,84498
2851,Dennis Rogers,dennis.rogers84@gmail.com,(709) 410-1027,47,10086,Male,Cashier,No Condition,37548
2852,Amanda Brock,amanda.brock12@gmail.com,(895) 164-8497,26,94131,Female,Accountant,Hypertension,76921
2853,Keith Harrison,keith.harrison6@hotmail.com,(833) 061-4435,24,60677,Male,Cashier,No Condition,20000
2854,Shannon Watson,shannon.watson44@hotmail.com,(178) 935-0526,30,33143,Female,Physician,Cancer,106431
2855,Cody Mcdonald,cody.mcdonald77@hotmail.com,(968) 756-7071,61,98118,Male,Graphic Designer,Heart Disease,61334
2856,Michael Wilson,michael.wilson85@gmail.com,(492) 361-3912,60,94138,Male,Lawyer,Hypertension,124434
2857,John King,john.king29@hotmail.com,(898) 413-3768,38,10084,Male,Teacher,Depression,39758
2858,Alexa Rangel,alexa.rangel30@hotmail.com,(707) 910-6510,20,75241,Female,Software Engineer,Depression,106480
2859,Derek Crawford,derek.crawford14@yahoo.com,(183) 847-8483,46,60613,Male,Data Analyst,Arthritis,87567
2860,Crystal Holmes,crystal.holmes25@yahoo.com,(373) 654-0449,28,98186,Female,Electrician,Asthma,52701
2861,Karen Palmer,karen.palmer74@hotmail.com,(403) 178-8364,54,10041,Female,Lawyer,Arthritis,150055
2862,Patrick Miller,patrick.miller78@yahoo.com,(985) 984-4408,59,33143,Male,Teacher,Depression,69782
2863,Matthew Santana,matthew.santana12@hotmail.com,(193) 032-0756,45,75256,Male,Chef,Arthritis,47935
2864,Ryan Summers,ryan.summers84@gmail.com,(369) 901-5230,33,94138,Male,Software Engineer,No Condition,88954
2865,Lawrence George,lawrence.george67@hotmail.com,(766) 330-9235,31,75256,Male,Data Analyst,Arthritis,53180
2866,Heather Costa,heather.costa80@gmail.com,(807) 991-5402,44,60613,Female,Accountant,No Condition,69568
2867,Daniel Martin,daniel.martin54@gmail.com,(529) 531-8500,35,60613,Male,Data Analyst,No Condition,68946
2868,Bethany Miller,bethany.miller34@hotmail.com,(120) 682-0481,23,10086,Female,Software Engineer,No Condition,115377
2869,Keith Kent,keith.kent41@gmail.com,(854) 847-3857,27,94145,Male,Data Analyst,No Condition,64471
2870,Lindsay Dyer,lindsay.dyer76@hotmail.com,(282) 455-3815,35,98118,Female,Accountant,Asthma,56163
2871,Kimberly Tucker,kimberly.tucker80@hotmail.com,(938) 264-2951,44,98158,Female,Graphic Designer,Diabetes,60758
2872,Gwendolyn Pitts,gwendolyn.pitts52@yahoo.com,(476) 881-5590,25,10086,Female,Cashier,Asthma,32454
2873,Amy Palmer,amy.palmer91@hotmail.com,(669) 544-8761,39,60613,Female,Accountant,No Condition,95798
2874,Adrian Erickson,adrian.erickson95@yahoo.com,(388) 491-5089,60,94131,Male,Marketing Manager,Cancer,98315
2875,Martha Roberts,martha.roberts22@hotmail.com,(640) 350-7695,51,60613,Female,Software Engineer,Depression,141599
2876,Rachel Guzman,rachel.guzman98@gmail.com,(855) 881-0822,53,98158,Female,Marketing Manager,No Condition,97112
2877,Jessica Rivera,jessica.rivera71@yahoo.com,(277) 745-9254,45,33143,Female,Nurse,No Condition,72601
2878,Cameron Robertson,cameron.robertson24@gmail.com,(849) 379-7900,31,60684,Male,Teacher,No Condition,47216
2879,Antonio Mitchell,antonio.mitchell83@yahoo.com,(259) 484-9674,55,75241,Male,Software Engineer,Asthma,123875
2880,Jeffrey Anderson,jeffrey.anderson69@hotmail.com,(495) 671-2559,33,94179,Male,Physician,Arthritis,268850
2881,Greg Johnson,greg.johnson34@gmail.com,(376) 749-0641,52,33143,Male,Cashier,Diabetes,34921
2882,Susan Odom,susan.odom70@yahoo.com,(427) 653-1451,32,98158,Female,Data Analyst,No Condition,72377
2883,Desiree Crawford,desiree.crawford93@hotmail.com,(600) 545-5834,60,94140,Female,Electrician,Heart Disease,60272
2884,Henry Richmond,henry.richmond1@yahoo.com,(762) 168-3357,48,33143,Male,Electrician,No Condition,73694
2885,Jennifer Brown,jennifer.brown83@hotmail.com,(550) 491-0860,54,10082,Female,Cashier,Diabetes,36989
2886,Curtis Wells,curtis.wells6@yahoo.com,(457) 852-1979,49,60684,Male,Software Engineer,Diabetes,98467
2887,Courtney Hawkins,courtney.hawkins48@gmail.com,(993) 160-8988,34,10041,Female,Marketing Manager,Heart Disease,93831
2888,Gregory Shelton,gregory.shelton46@gmail.com,(605) 583-9111,71,75241,Male,Accountant,No Condition,72344
2889,Sarah Thompson,sarah.thompson12@gmail.com,(764) 009-3339,36,75241,Female,Nurse,No Condition,69221
2890,John Matthews,john.matthews39@gmail.com,(903) 887-8218,41,75262,Non-binary,Data Analyst,No Condition,79511
2891,Lisa Rice,lisa.rice2@yahoo.com,(378) 167-6634,46,75262,Female,Cashier,No Condition,31841
2892,Nancy Stephens,nancy.stephens48@yahoo.com,(581) 242-6647,58,10082,Female,Cashier,Arthritis,31532
2893,Chase Cabrera,chase.cabrera85@yahoo.com,(740) 478-3279,33,75241,Male,Chef,Heart Disease,52522
2894,Jason Ramos,jason.ramos10@hotmail.com,(358) 187-7449,58,75262,Male,Data Analyst,Arthritis,82111
2895,Emily Fox,emily.fox16@hotmail.com,(414) 469-3995,52,75262,Female,Software Engineer,Diabetes,94313
2896,Anna Murphy,anna.murphy89@yahoo.com,(164) 239-4026,58,75262,Female,Accountant,Diabetes,85961
2897,Sarah Mcmillan,sarah.mcmillan28@yahoo.com,(349) 666-8118,48,60684,Female,Nurse,No Condition,84645
2898,Sara Ray,sara.ray91@gmail.com,(432) 468-7220,42,60666,Female,Electrician,No Condition,75791
2899,Julie Hall,julie.hall15@hotmail.com,(584) 061-3867,42,75241,Female,Graphic Designer,Asthma,57665
2900,Michelle Mayo,michelle.mayo3@yahoo.com,(678) 304-5596,33,94138,Female,Lawyer,Hypertension,160636
2901,Michael Cole,michael.cole92@yahoo.com,(257) 868-0055,62,75215,Male,Teacher,Diabetes,82114
2902,Samuel Anderson,samuel.anderson30@yahoo.com,(376) 449-4363,39,75256,Male,Software Engineer,No Condition,121788
2903,Julie Richardson,julie.richardson62@gmail.com,(546) 534-4200,43,60636,Female,Graphic Designer,Cancer,50314
2904,Brittany Hooper,brittany.hooper75@hotmail.com,(667) 471-5203,21,60681,Female,Nurse,No Condition,80005
2905,Angela Andrews,angela.andrews69@hotmail.com,(685) 056-5133,55,33143,Female,Software Engineer,Heart Disease,81098
2906,Shawn Kelley,shawn.kelley98@gmail.com,(781) 432-2987,40,33143,Male,Chef,No Condition,37337
2907,Jennifer Carney,jennifer.carney71@gmail.com,(179) 042-3381,30,94138,Female,Marketing Manager,Heart Disease,117966
2908,Jennifer Mora,jennifer.mora58@hotmail.com,(289) 170-0522,58,10041,Female,Software Engineer,Heart Disease,112897
2909,Joseph Bailey,joseph.bailey77@hotmail.com,(849) 659-9052,34,60684,Male,Electrician,No Condition,66677
2910,Albert White,albert.white50@hotmail.com,(196) 114-3583,39,98193,Male,Nurse,Diabetes,80733
2911,Emily Dillon,emily.dillon32@hotmail.com,(377) 513-0610,48,10053,Female,Chef,No Condition,44517
2912,Stephanie Good,stephanie.good84@gmail.com,(568) 974-5371,59,10006,Female,Cashier,No Condition,32156
2913,Zachary Allen,zachary.allen3@gmail.com,(204) 319-2743,45,94138,Male,Electrician,Hypertension,64454
2914,Christopher Coleman,christopher.coleman94@yahoo.com,(660) 233-6165,32,60636,Male,Lawyer,Hypertension,112242
2915,Jordan Barnes,jordan.barnes74@gmail.com,(147) 555-2672,44,10082,Male,Lawyer,No Condition,64192
2916,Michael Sullivan,michael.sullivan84@yahoo.com,(902) 751-0056,44,33143,Male,Teacher,Asthma,59431
2917,Katherine Simmons,katherine.simmons28@gmail.com,(857) 112-1816,52,98118,Female,Graphic Designer,Hypertension,79011
2918,Sean George,sean.george24@gmail.com,(935) 393-3054,57,10040,Male,Lawyer,Depression,131100
2919,Douglas Aguilar,douglas.aguilar62@yahoo.com,(316) 570-7943,53,94145,Male,Data Analyst,Hypertension,100946
2920,Scott Mccarthy,scott.mccarthy75@gmail.com,(602) 426-4685,28,60677,Male,Graphic Designer,Depression,56563
2921,Patrick Berry,patrick.berry44@gmail.com,(604) 115-4880,25,98158,Male,Cashier,Asthma,30872
2922,Brett Lawson,brett.lawson25@gmail.com,(646) 533-6330,43,75262,Male,Chef,Depression,36874
2923,Karen Barton,karen.barton77@hotmail.com,(743) 700-9841,48,94192,Female,Lawyer,No Condition,141124
2924,Patricia Baker,patricia.baker19@yahoo.com,(270) 217-0470,52,75262,Female,Nurse,Heart Disease,92194
2925,Robert Peterson,robert.peterson6@hotmail.com,(992) 833-9717,18,10086,Male,Nurse,Asthma,74698
2926,Jacqueline Rice,jacqueline.rice66@yahoo.com,(469) 750-5917,58,33143,Female,Nurse,Cancer,79113
2927,Walter Schroeder,walter.schroeder84@gmail.com,(901) 055-9169,45,98186,Male,Marketing Manager,Arthritis,63643
2928,Chelsea Love,chelsea.love18@gmail.com,(579) 364-7089,33,94131,Female,Teacher,Asthma,58214
2929,Miranda Williams,miranda.williams67@yahoo.com,(845) 259-3570,35,75262,Female,Teacher,No Condition,46352
2930,Sarah Mooney,sarah.mooney73@yahoo.com,(709) 462-0785,49,60627,Female,Nurse,No Condition,90281
2931,Charles David,charles.david65@gmail.com,(271) 926-0261,52,94138,Male,Cashier,No Condition,35362
2932,Kristina Hunt,kristina.hunt31@gmail.com,(510) 936-0919,46,98193,Female,Cashier,Hypertension,34940
2933,Sarah Smith,sarah.smith42@hotmail.com,(917) 003-2762,19,60613,Female,Marketing Manager,Depression,93870
2934,Alexander Hickman,alexander.hickman4@hotmail.com,(887) 777-0149,43,60684,Male,Cashier,No Condition,27102
2935,Chad Cruz,chad.cruz43@gmail.com,(111) 956-9646,32,75253,Male,Physician,Arthritis,228525
2936,Tracey Cole,tracey.cole39@hotmail.com,(159) 569-1922,50,33167,Female,Teacher,Hypertension,72053
2937,Heather Cabrera,heather.cabrera10@gmail.com,(335) 639-7489,53,10082,Female,Lawyer,Depression,156591
2938,Heather Williams,heather.williams16@yahoo.com,(916) 748-6735,32,10086,Female,Data Analyst,Hypertension,63458
2939,Bryan Anderson,bryan.anderson22@gmail.com,(477) 487-4779,31,60684,Male,Nurse,Arthritis,87746
2940,Jacqueline Mercer,jacqueline.mercer41@hotmail.com,(858) 438-3569,33,60613,Female,Electrician,No Condition,62207
2941,Nicole Thompson,nicole.thompson6@gmail.com,(201) 930-6469,27,60627,Female,Software Engineer,No Condition,64901
2942,Charles Pacheco,charles.pacheco38@gmail.com,(491) 969-9335,18,60636,Male,Graphic Designer,No Condition,45199
2943,Michael Lewis,michael.lewis11@gmail.com,(338) 783-0568,46,94138,Male,Software Engineer,Heart Disease,131769
2944,Kelli Rojas,kelli.rojas26@yahoo.com,(353) 355-2620,85,94131,Female,Physician,Arthritis,207913
2945,Linda Hill,linda.hill50@hotmail.com,(774) 781-1282,28,98186,Female,Cashier,No Condition,26573
2946,Leslie Beck,leslie.beck79@gmail.com,(445) 173-9222,29,60627,Female,Nurse,No Condition,69043
2947,Bradley Newman,bradley.newman45@hotmail.com,(665) 039-4750,28,60666,Male,Chef,No Condition,47727
2948,Erika Olson,erika.olson68@hotmail.com,(577) 917-4312,24,33180,Female,Cashier,No Condition,42368
2949,Christine Davidson,christine.davidson97@gmail.com,(353) 811-5750,24,60662,Female,Teacher,No Condition,42120
2950,Steven Stevens,steven.stevens88@gmail.com,(694) 803-6957,47,98158,Male,Teacher,Arthritis,53715
2951,William Lopez,william.lopez1@hotmail.com,(143) 391-6867,50,75262,Male,Cashier,Heart Disease,30294
2952,Renee Medina,renee.medina13@yahoo.com,(106) 943-9441,40,75262,Female,Electrician,Arthritis,79431
2953,Rachel Jones,rachel.jones67@yahoo.com,(327) 974-9354,35,60684,Female,Software Engineer,No Condition,91976
2954,Ashley Rosario,ashley.rosario20@gmail.com,(481) 889-6991,31,60613,Female,Chef,Hypertension,37204
2955,Tina Farmer,tina.farmer73@hotmail.com,(293) 575-3848,58,75215,Female,Software Engineer,No Condition,109658
2956,Brian Nguyen,brian.nguyen44@yahoo.com,(503) 475-6016,39,98118,Male,Physician,No Condition,236779
2957,Sarah Koch,sarah.koch23@gmail.com,(362) 455-4620,40,94131,Female,Software Engineer,Arthritis,129665
2958,Tyrone Rivas,tyrone.rivas2@yahoo.com,(846) 922-3940,71,98158,Male,Cashier,Asthma,47095
2959,Sara Miller,sara.miller94@yahoo.com,(534) 346-6095,18,75215,Female,Marketing Manager,No Condition,85350
2960,John Williams,john.williams32@hotmail.com,(606) 039-8107,51,60684,Male,Nurse,No Condition,72634
2961,Brian Lee,brian.lee40@gmail.com,(814) 120-2241,54,94179,Male,Software Engineer,Hypertension,163399
2962,George Jones,george.jones91@hotmail.com,(209) 564-1854,18,94131,Male,Nurse,No Condition,77628
2963,Corey Craig,corey.craig55@yahoo.com,(765) 028-5915,24,98158,Male,Electrician,No Condition,63260
2964,Melissa Suarez,melissa.suarez48@hotmail.com,(117) 915-7829,67,60613,Female,Data Analyst,Diabetes,79436
2965,Michael Thompson,michael.thompson91@yahoo.com,(592) 219-1142,62,60684,Male,Chef,Hypertension,57861
2966,Kathy Roberts,kathy.roberts93@yahoo.com,(201) 385-6993,18,75262,Female,Software Engineer,No Condition,98140
2967,Diane Jackson,diane.jackson63@yahoo.com,(320) 120-1740,47,60681,Female,Cashier,Arthritis,36889
2968,Anthony Barrera,anthony.barrera25@hotmail.com,(644) 698-8866,45,75262,Male,Cashier,No Condition,38770
2969,Lori Stephens,lori.stephens17@hotmail.com,(682) 729-1367,41,94179,Female,Nurse,No Condition,80454
2970,Tiffany Lynn,tiffany.lynn22@yahoo.com,(144) 915-3218,34,94138,Female,Software Engineer,No Condition,114381
2971,Stephanie Garcia,stephanie.garcia86@gmail.com,(485) 231-5682,42,75241,Female,Cashier,No Condition,31095
2972,Dylan Daniels,dylan.daniels10@hotmail.com,(402) 246-2671,43,94131,Male,Accountant,No Condition,65623
2973,Yvonne Moore,yvonne.moore44@gmail.com,(853) 423-8670,36,75215,Female,Software Engineer,No Condition,110050
2974,Kara Johnson,kara.johnson98@gmail.com,(193) 987-6674,20,60613,Female,Marketing Manager,Hypertension,98020
2975,Wesley Haynes,wesley.haynes22@yahoo.com,(172) 107-5240,50,98118,Male,Electrician,Diabetes,61290
2976,David Robinson,david.robinson11@gmail.com,(651) 097-2472,26,10041,Male,Teacher,Depression,52439
2977,Destiny Reynolds,destiny.reynolds47@yahoo.com,(416) 893-9276,41,75256,Female,Nurse,No Condition,72870
2978,Kevin Flores,kevin.flores61@gmail.com,(438) 182-8936,25,75241,Male,Marketing Manager,No Condition,99087
2979,Tracy Sims,tracy.sims62@yahoo.com,(686) 807-0423,53,75262,Female,Teacher,Hypertension,58014
2980,Steven Bryant,steven.bryant17@hotmail.com,(231) 899-5931,60,10041,Male,Nurse,Cancer,76914
2981,Molly Maldonado,molly.maldonado60@hotmail.com,(121) 353-4705,48,94131,Female,Physician,No Condition,197831
2982,Robert Lucero,robert.lucero90@hotmail.com,(507) 750-8849,43,60622,Male,Software Engineer,Diabetes,82328
2983,Matthew Lynch,matthew.lynch57@yahoo.com,(435) 768-6621,46,98101,Male,Marketing Manager,Asthma,81391
2984,Kimberly Smith,kimberly.smith89@yahoo.com,(395) 194-8454,50,94139,Female,Physician,Hypertension,319492
2985,Christopher Wood,christopher.wood34@yahoo.com,(551) 330-5915,40,75241,Male,Teacher,Depression,63468
2986,Brent Gutierrez,brent.gutierrez97@hotmail.com,(251) 109-6745,71,98118,Male,Teacher,No Condition,66488
2987,Michael Madden,michael.madden73@yahoo.com,(836) 590-5041,57,33143,Male,Cashier,Asthma,38106
2988,Cynthia Andrade,cynthia.andrade76@gmail.com,(423) 426-7870,37,94140,Female,Teacher,No Condition,61431
2989,Stephen Mckenzie,stephen.mckenzie42@gmail.com,(438) 128-1718,55,33130,Male,Marketing Manager,No Condition,96910
2990,Harry Valencia,harry.valencia43@hotmail.com,(775) 211-2759,31,60613,Male,Lawyer,No Condition,95954
2991,David Gates,david.gates29@gmail.com,(911) 493-3108,18,60677,Male,Teacher,Asthma,54193
2992,James Dickson,james.dickson8@gmail.com,(965) 940-0381,50,98193,Male,Software Engineer,No Condition,85931
2993,Rebecca Sanchez,rebecca.sanchez14@yahoo.com,(348) 510-0218,50,33143,Female,Nurse,Asthma,84265
2994,Elizabeth Mccarthy,elizabeth.mccarthy91@gmail.com,(781) 702-8461,66,75241,Female,Data Analyst,No Condition,90472
2995,Mark Ruiz,mark.ruiz67@yahoo.com,(432) 149-9970,45,98148,Male,Marketing Manager,Asthma,101377
2996,Maurice Estes,maurice.estes59@yahoo.com,(234) 743-3442,42,75256,Male,Graphic Designer,No Condition,68782
2997,Andrew Ward,andrew.ward29@gmail.com,(204) 601-0413,55,60684,Male,Electrician,No Condition,85192
2998,David Richardson,david.richardson73@hotmail.com,(679) 420-7223,44,98124,Male,Marketing Manager,Depression,82832
2999,Jenny Valencia,jenny.valencia86@hotmail.com,(972) 176-1898,52,94131,Female,Accountant,Hypertension,90320
3000,Tyler Spencer,tyler.spencer11@yahoo.com,(876) 775-1387,34,98101,Non-binary,Teacher,Asthma,59834
3001,Mary Anderson,mary.anderson96@gmail.com,(198) 189-3972,23,75241,Female,Lawyer,Depression,119498
3002,Donald Woods,donald.woods29@gmail.com,(945) 194-5586,60,75215,Male,Chef,No Condition,52176
3003,Rhonda Miller,rhonda.miller20@hotmail.com,(773) 418-8079,41,98158,Female,Lawyer,Heart Disease,221271
3004,Richard Luna,richard.luna12@gmail.com,(231) 575-8593,62,94192,Male,Electrician,Hypertension,70953
3005,Randall Ryan,randall.ryan91@yahoo.com,(436) 205-4493,69,98101,Male,Marketing Manager,Depression,98905
3006,Kevin West,kevin.west74@hotmail.com,(895) 406-3856,46,94131,Male,Nurse,No Condition,73297
3007,Alejandra Rowland,alejandra.rowland30@hotmail.com,(671) 537-8420,33,10041,Female,Electrician,Heart Disease,63539
3008,Ian Banks,ian.banks94@hotmail.com,(753) 544-0789,18,75241,Male,Accountant,No Condition,70176
3009,Jesus Hale,jesus.hale70@hotmail.com,(388) 922-1007,40,98101,Male,Data Analyst,Arthritis,77816
3010,Meghan Smith,meghan.smith97@yahoo.com,(209) 471-1246,67,60662,Female,Software Engineer,Hypertension,106513
3011,Melissa Richardson,melissa.richardson21@yahoo.com,(880) 410-4866,66,75262,Female,Software Engineer,No Condition,112808
3012,Angela Barnes,angela.barnes69@yahoo.com,(926) 244-7049,23,75262,Female,Electrician,Hypertension,57061
3013,Jennifer Miller,jennifer.miller8@gmail.com,(818) 770-3325,55,33167,Female,Graphic Designer,Diabetes,42828
3014,Ricardo Schwartz,ricardo.schwartz13@hotmail.com,(943) 073-2466,59,98158,Male,Teacher,Hypertension,71161
3015,Keith Austin,keith.austin14@yahoo.com,(849) 030-4381,51,75241,Male,Software Engineer,No Condition,108122
3016,Jessica Larson,jessica.larson56@hotmail.com,(889) 924-6924,29,60681,Female,Chef,No Condition,33097
3017,Alex Wyatt,alex.wyatt66@gmail.com,(413) 018-6432,22,75215,Male,Graphic Designer,No Condition,46616
3018,Bradley Baker,bradley.baker70@yahoo.com,(265) 181-2759,30,60613,Male,Graphic Designer,No Condition,71466
3019,Stephanie Wells,stephanie.wells86@gmail.com,(834) 374-3256,35,10086,Female,Cashier,Cancer,24612
3020,Elizabeth Compton,elizabeth.compton44@hotmail.com,(253) 625-1231,43,60613,Female,Teacher,No Condition,50933
3021,Samantha Scott,samantha.scott89@hotmail.com,(211) 902-0607,55,60613,Female,Accountant,Diabetes,69633
3022,Danielle Morales,danielle.morales73@hotmail.com,(330) 052-2144,46,75241,Female,Electrician,Hypertension,71446
3023,Matthew Coleman,matthew.coleman43@yahoo.com,(235) 384-2561,31,60613,Male,Lawyer,Hypertension,115701
3024,Sandra Rodriguez,sandra.rodriguez24@hotmail.com,(959) 994-4261,45,75215,Female,Graphic Designer,No Condition,67834
3025,Denise Wilcox,denise.wilcox66@yahoo.com,(637) 582-6829,44,75241,Female,Electrician,No Condition,72648
3026,Anthony Rodriguez,anthony.rodriguez51@hotmail.com,(694) 023-2358,59,94145,Male,Software Engineer,Diabetes,61214
3027,Kevin Petersen,kevin.petersen85@hotmail.com,(803) 528-8050,58,33143,Male,Chef,Hypertension,67966
3028,Eugene Salas,eugene.salas27@hotmail.com,(681) 973-5442,26,60677,Male,Data Analyst,No Condition,61168
3029,Christopher Padilla,christopher.padilla84@yahoo.com,(477) 744-4964,41,75215,Male,Nurse,Hypertension,60024
3030,Andrew Simmons,andrew.simmons86@gmail.com,(506) 069-8826,38,60681,Male,Chef,Arthritis,36582
3031,Joshua Martinez,joshua.martinez36@hotmail.com,(675) 537-7938,63,33143,Male,Lawyer,No Condition,164138
3032,Stephanie Grimes,stephanie.grimes19@hotmail.com,(860) 912-1040,36,75262,Female,Software Engineer,No Condition,136099
3033,Brooke Ward,brooke.ward29@yahoo.com,(439) 601-6099,46,75241,Female,Graphic Designer,No Condition,72293
3034,Charles Chen,charles.chen86@yahoo.com,(870) 792-6251,61,33167,Male,Accountant,Diabetes,71115
3035,Edward Martinez,edward.martinez3@yahoo.com,(903) 250-3943,18,98158,Male,Teacher,No Condition,43660
3036,Sarah Green,sarah.green30@yahoo.com,(827) 895-2361,38,10082,Non-binary,Software Engineer,Asthma,141687
3037,Leslie Baker,leslie.baker23@yahoo.com,(245) 495-9578,23,98158,Female,Electrician,No Condition,66170
3038,Christopher Hardy,christopher.hardy79@hotmail.com,(317) 427-1832,43,75215,Male,Accountant,No Condition,72497
3039,Timothy Ramirez,timothy.ramirez33@gmail.com,(823) 936-2761,27,60684,Male,Software Engineer,No Condition,114997
3040,Jennifer Cabrera,jennifer.cabrera27@hotmail.com,(304) 046-5511,53,75241,Female,Electrician,Depression,76666
3041,Kristen Hall,kristen.hall31@gmail.com,(110) 502-2892,42,98118,Female,Teacher,No Condition,49079
3042,Karen Santos,karen.santos5@hotmail.com,(859) 528-2767,80,94138,Female,Data Analyst,Hypertension,100454
3043,Rebecca White,rebecca.white37@hotmail.com,(935) 433-7327,56,75215,Female,Graphic Designer,Asthma,79879
3044,Victor Franklin,victor.franklin55@hotmail.com,(192) 151-0026,63,75241,Male,Lawyer,Heart Disease,149572
3045,John Sherman,john.sherman10@gmail.com,(843) 486-9653,43,10082,Male,Electrician,No Condition,85158
3046,Barry Orr,barry.orr82@yahoo.com,(431) 052-0898,26,10049,Male,Cashier,No Condition,28618
3047,Austin Chavez,austin.chavez56@gmail.com,(495) 079-3377,57,94131,Male,Teacher,Cancer,83607
3048,Ashley Anderson,ashley.anderson17@yahoo.com,(634) 148-5027,60,75246,Female,Teacher,Hypertension,79208
3049,Lawrence Gallegos,lawrence.gallegos82@hotmail.com,(808) 268-0090,47,75215,Male,Accountant,No Condition,77484
3050,Chris Johnson,chris.johnson59@hotmail.com,(471) 218-9452,39,75241,Male,Graphic Designer,No Condition,63743
3051,Linda Day,linda.day56@yahoo.com,(996) 023-3159,48,75241,Female,Physician,Depression,199437
3052,Nathan Shah,nathan.shah79@gmail.com,(975) 790-3230,39,98118,Male,Software Engineer,No Condition,123898
3053,Joseph Brown,joseph.brown74@yahoo.com,(209) 417-5024,36,94131,Male,Teacher,Asthma,59519
3054,Theresa Cantu,theresa.cantu48@gmail.com,(678) 867-5875,18,94138,Female,Software Engineer,Asthma,86839
3055,Michael Morgan,michael.morgan52@gmail.com,(895) 914-5049,38,98118,Male,Lawyer,Depression,95385
3056,Casey Wright,casey.wright18@yahoo.com,(294) 627-2865,66,75241,Female,Chef,No Condition,60079
3057,Kimberly Martinez,kimberly.martinez56@hotmail.com,(720) 438-4504,41,94138,Female,Graphic Designer,Depression,49795
3058,Brianna Tucker,brianna.tucker60@yahoo.com,(743) 493-9416,39,94172,Female,Chef,Depression,46748
3059,Joann Schmitt,joann.schmitt4@yahoo.com,(588) 698-5857,34,60627,Female,Teacher,Heart Disease,69625
3060,Lisa Rosario,lisa.rosario14@gmail.com,(806) 672-6418,19,33167,Female,Accountant,Depression,88111
3061,Lori Delgado,lori.delgado61@yahoo.com,(589) 537-7012,60,60613,Female,Software Engineer,Heart Disease,122615
3062,Kenneth Koch,kenneth.koch9@gmail.com,(964) 598-2437,45,10082,Male,Teacher,Arthritis,65313
3063,Adrian Alexander,adrian.alexander20@yahoo.com,(607) 936-5187,46,10086,Male,Data Analyst,No Condition,79096
3064,James Carpenter,james.carpenter37@yahoo.com,(292) 032-7357,28,10053,Male,Nurse,Asthma,84158
3065,Brenda Price,brenda.price92@yahoo.com,(921) 230-0857,48,75256,Female,Software Engineer,Depression,139948
3066,Shannon Bailey,shannon.bailey13@hotmail.com,(115) 324-2566,28,75256,Female,Data Analyst,No Condition,60273
3067,Adam Fernandez,adam.fernandez1@hotmail.com,(105) 783-6903,31,10082,Male,Electrician,No Condition,54319
3068,Christina Kent,christina.kent67@gmail.com,(936) 532-9856,68,75262,Female,Physician,Heart Disease,277413
3069,Debra Wu,debra.wu33@hotmail.com,(577) 070-6007,41,10084,Female,Software Engineer,No Condition,111304
3070,Teresa Garcia,teresa.garcia39@yahoo.com,(533) 700-4917,45,98101,Female,Cashier,Arthritis,20000
3071,Stephanie Campbell,stephanie.campbell98@yahoo.com,(287) 163-8762,48,60666,Female,Nurse,No Condition,83137
3072,Terry Mcclain,terry.mcclain71@hotmail.com,(274) 054-5866,18,94139,Male,Chef,Depression,46952
3073,Kelly Roberts,kelly.roberts27@hotmail.com,(274) 142-7853,38,60613,Female,Nurse,Depression,65511
3074,David Swanson,david.swanson91@hotmail.com,(288) 726-3492,37,10053,Male,Marketing Manager,Depression,94862
3075,Mark Taylor,mark.taylor90@hotmail.com,(139) 982-1590,18,94138,Male,Nurse,Hypertension,86300
3076,Julia Short,julia.short91@gmail.com,(820) 448-4567,33,10082,Female,Teacher,Cancer,48626
3077,Benjamin Greer,benjamin.greer16@hotmail.com,(941) 766-0456,56,98118,Male,Marketing Manager,Hypertension,85886
3078,Kevin Hall,kevin.hall37@gmail.com,(616) 457-6776,69,60677,Male,Software Engineer,No Condition,118221
3079,Robert Ball,robert.ball83@yahoo.com,(964) 760-8520,27,60684,Male,Physician,No Condition,213303
3080,Megan Hebert,megan.hebert89@hotmail.com,(629) 645-5217,49,75262,Female,Data Analyst,Arthritis,75044
3081,Antonio Berry,antonio.berry19@hotmail.com,(887) 829-8872,49,10041,Male,Nurse,Asthma,101773
3082,Isaac Yang,isaac.yang65@gmail.com,(320) 618-5069,49,33143,Male,Accountant,Depression,90913
3083,Kurt Herrera,kurt.herrera87@hotmail.com,(538) 640-0672,35,94131,Male,Chef,No Condition,53399
3084,Jason Choi,jason.choi28@gmail.com,(290) 321-4303,34,75262,Male,Data Analyst,Arthritis,105859
3085,Amy Lee,amy.lee52@hotmail.com,(733) 011-1840,44,98158,Non-binary,Data Analyst,No Condition,82491
3086,Heather Shaw,heather.shaw43@yahoo.com,(758) 755-2452,18,60627,Female,Chef,Asthma,33795
3087,Ashley Jones,ashley.jones4@gmail.com,(269) 745-7835,37,10086,Female,Software Engineer,Arthritis,92246
3088,Timothy Rosario,timothy.rosario93@hotmail.com,(738) 713-5566,49,98118,Male,Nurse,Diabetes,81344
3089,Valerie Wright,valerie.wright69@gmail.com,(389) 586-4178,38,60636,Female,Physician,Depression,232891
3090,Erin Fleming,erin.fleming6@gmail.com,(519) 991-6246,40,60627,Female,Chef,Cancer,48010
3091,Mark Fisher,mark.fisher61@gmail.com,(293) 684-2685,41,75253,Male,Cashier,No Condition,31768
3092,Karina Lawrence,karina.lawrence62@gmail.com,(267) 990-1027,54,33143,Female,Data Analyst,No Condition,88304
3093,Lawrence Brown,lawrence.brown78@hotmail.com,(252) 038-7212,18,60677,Male,Physician,No Condition,282258
3094,Ricardo Solis,ricardo.solis38@hotmail.com,(719) 045-6244,47,98118,Male,Cashier,Heart Disease,29919
3095,Melissa Hernandez,melissa.hernandez16@gmail.com,(165) 663-3935,24,75290,Female,Teacher,Asthma,56465
3096,Kelly Roberts,kelly.roberts22@gmail.com,(162) 538-1403,51,10082,Female,Cashier,Hypertension,27165
3097,Maria Edwards,maria.edwards84@hotmail.com,(584) 142-0248,28,98101,Female,Marketing Manager,No Condition,96180
3098,Colton Vaughan,colton.vaughan81@gmail.com,(174) 509-3328,41,75262,Male,Graphic Designer,No Condition,52180
3099,Sarah Bowman,sarah.bowman91@hotmail.com,(297) 024-4043,49,33143,Female,Teacher,No Condition,68399
3100,Allison Harvey,allison.harvey57@yahoo.com,(871) 823-5327,38,75215,Female,Data Analyst,Arthritis,73920
3101,Mark Walker,mark.walker26@yahoo.com,(655) 476-1727,24,75256,Male,Cashier,No Condition,31217
3102,Karen Perez,karen.perez12@yahoo.com,(748) 147-1266,24,60613,Female,Software Engineer,No Condition,124692
3103,Ashley Vance,ashley.vance45@gmail.com,(393) 929-4270,47,98101,Female,Graphic Designer,Arthritis,69321
3104,Vernon Reed,vernon.reed28@hotmail.com,(813) 433-9062,62,60613,Male,Accountant,Cancer,76214
3105,Luke Yang,luke.yang50@hotmail.com,(258) 247-7339,57,33143,Male,Nurse,Hypertension,88399
3106,Ronald Morrison,ronald.morrison39@hotmail.com,(403) 719-1275,53,94145,Male,Accountant,No Condition,76804
3107,Keith Cobb,keith.cobb4@yahoo.com,(171) 421-1622,42,75262,Male,Software Engineer,Diabetes,141997
3108,Roy Mccarthy,roy.mccarthy37@hotmail.com,(559) 100-4436,60,98158,Male,Software Engineer,Diabetes,120534
3109,Sherri Long,sherri.long93@yahoo.com,(343) 296-9142,45,10082,Female,Cashier,No Condition,34848
3110,Hannah Hooper,hannah.hooper17@hotmail.com,(600) 722-7683,21,33141,Non-binary,Graphic Designer,No Condition,44768
3111,Brooke Romero,brooke.romero19@hotmail.com,(487) 857-1093,44,98127,Female,Accountant,Hypertension,59104
3112,Kimberly Watson,kimberly.watson57@gmail.com,(900) 900-6325,50,10086,Female,Nurse,No Condition,97419
3113,Nicholas Coleman,nicholas.coleman41@yahoo.com,(375) 465-8617,32,10041,Male,Software Engineer,No Condition,129017
3114,Juan Parker,juan.parker14@yahoo.com,(703) 446-3324,26,10082,Male,Software Engineer,No Condition,116285
3115,Heather Mccormick,heather.mccormick34@hotmail.com,(268) 415-4635,48,33143,Female,Chef,Depression,68779
3116,Julie Simpson,julie.simpson98@yahoo.com,(618) 517-6965,39,98193,Female,Software Engineer,Hypertension,117587
3117,Susan Ortiz,susan.ortiz87@yahoo.com,(700) 337-5229,40,10049,Female,Graphic Designer,Heart Disease,46865
3118,Norman Black,norman.black45@hotmail.com,(521) 092-2251,40,60662,Male,Nurse,Arthritis,101986
3119,Gina Castillo,gina.castillo1@hotmail.com,(553) 723-7660,56,33143,Female,Marketing Manager,Diabetes,79999
3120,Benjamin Thomas,benjamin.thomas49@yahoo.com,(443) 029-7081,59,98158,Male,Cashier,Hypertension,40166
3121,Rachel Moore,rachel.moore36@hotmail.com,(482) 109-3524,31,60684,Female,Cashier,No Condition,26386
3122,Larry Martin,larry.martin32@hotmail.com,(150) 149-6284,35,75262,Male,Graphic Designer,Hypertension,79350
3123,Julia Reynolds,julia.reynolds28@hotmail.com,(595) 390-8783,61,75215,Female,Accountant,Hypertension,75453
3124,Paul Powell,paul.powell7@hotmail.com,(790) 078-2446,30,75241,Male,Accountant,Depression,95558
3125,William Bennett,william.bennett90@yahoo.com,(983) 609-4386,51,60681,Male,Teacher,Hypertension,67893
3126,Caitlin Fleming,caitlin.fleming10@yahoo.com,(808) 559-2562,59,98158,Female,Graphic Designer,Hypertension,57085
3127,Rebecca Bennett,rebecca.bennett24@hotmail.com,(723) 257-2734,63,10086,Female,Electrician,Cancer,70003
3128,Tammy Wilkins,tammy.wilkins2@hotmail.com,(527) 047-2334,19,60627,Female,Electrician,No Condition,54244
3129,Shaun Spence,shaun.spence5@yahoo.com,(961) 051-4961,49,33167,Male,Accountant,No Condition,60932
3130,Anthony Gray,anthony.gray95@hotmail.com,(362) 886-8879,55,75241,Male,Electrician,Diabetes,73637
3131,Denise King,denise.king61@yahoo.com,(703) 951-8695,34,98158,Female,Electrician,Asthma,45410
3132,Rebecca Hall,rebecca.hall66@yahoo.com,(940) 883-3183,46,10053,Female,Graphic Designer,Heart Disease,59232
3133,Alexander Foster,alexander.foster2@hotmail.com,(834) 769-1237,47,75256,Male,Software Engineer,Depression,95472
3134,Carrie Glover,carrie.glover47@hotmail.com,(498) 012-2016,38,60684,Non-binary,Accountant,No Condition,61881
3135,Anne Duran,anne.duran88@gmail.com,(200) 239-1523,47,60677,Female,Graphic Designer,Depression,51489
3136,Timothy Allen,timothy.allen64@yahoo.com,(831) 409-8212,63,75262,Male,Nurse,Depression,93600
3137,Angel Sanchez,angel.sanchez35@hotmail.com,(196) 720-1295,56,94131,Male,Graphic Designer,No Condition,72067
3138,Steven Fry,steven.fry76@gmail.com,(277) 569-0001,21,60613,Male,Data Analyst,Asthma,80804
3139,Tiffany Bennett,tiffany.bennett61@yahoo.com,(832) 448-3438,39,33167,Female,Marketing Manager,Cancer,98832
3140,Ashley Gentry,ashley.gentry97@yahoo.com,(947) 469-1170,18,10040,Female,Software Engineer,No Condition,90928
3141,Jodi Anderson,jodi.anderson94@gmail.com,(182) 040-0938,67,75262,Female,Software Engineer,Heart Disease,162328
3142,Scott Gardner,scott.gardner12@hotmail.com,(134) 912-3216,42,75262,Male,Chef,Cancer,49364
3143,Allison Callahan,allison.callahan59@hotmail.com,(832) 418-3252,27,75256,Female,Cashier,Arthritis,30919
3144,James Ward,james.ward77@hotmail.com,(602) 131-1679,25,94162,Male,Nurse,Arthritis,79307
3145,Nicholas Martin,nicholas.martin34@hotmail.com,(932) 670-1167,49,98118,Male,Cashier,No Condition,29695
3146,Ashley Pratt,ashley.pratt67@yahoo.com,(486) 290-2515,36,94145,Female,Nurse,Arthritis,73168
3147,Katie Baxter,katie.baxter65@gmail.com,(567) 302-2099,65,98158,Female,Marketing Manager,No Condition,79228
3148,Bradley Jennings,bradley.jennings74@yahoo.com,(530) 405-3198,34,98118,Male,Data Analyst,Diabetes,69471
3149,Kimberly Brown,kimberly.brown48@yahoo.com,(307) 550-8485,32,75241,Non-binary,Chef,No Condition,46542
3150,Kimberly Gutierrez,kimberly.gutierrez79@yahoo.com,(870) 378-4679,32,94131,Female,Nurse,Depression,73315
3151,Anthony Smith,anthony.smith77@hotmail.com,(430) 764-4058,54,10053,Male,Data Analyst,No Condition,98596
3152,Erica Robbins,erica.robbins91@gmail.com,(317) 272-7973,33,33143,Female,Chef,No Condition,35670
3153,Joshua Cunningham,joshua.cunningham64@gmail.com,(483) 205-1121,35,94138,Male,Cashier,Diabetes,32325
3154,David Simmons,david.simmons23@gmail.com,(368) 019-9050,34,94139,Male,Lawyer,Asthma,150199
3155,Elizabeth Morales,elizabeth.morales12@gmail.com,(517) 471-1706,48,60613,Female,Data Analyst,No Condition,60831
3156,Kimberly Crosby,kimberly.crosby50@yahoo.com,(196) 886-3124,64,10053,Female,Data Analyst,Hypertension,81788
3157,Jerome Keller,jerome.keller12@gmail.com,(144) 813-8819,26,60662,Male,Data Analyst,No Condition,55202
3158,Suzanne Garcia,suzanne.garcia28@yahoo.com,(656) 767-7619,44,98118,Female,Chef,No Condition,52342
3159,Carl Cunningham,carl.cunningham87@hotmail.com,(501) 709-2176,35,10086,Male,Marketing Manager,Hypertension,107087
3160,Gary Frederick,gary.frederick30@yahoo.com,(470) 223-8045,18,75241,Male,Electrician,No Condition,75148
3161,Elizabeth Wagner,elizabeth.wagner18@gmail.com,(377) 253-2095,62,94131,Female,Marketing Manager,No Condition,100174
3162,Kim Warren,kim.warren49@hotmail.com,(473) 587-2729,41,10053,Female,Cashier,No Condition,35975
3163,Cindy Hardy,cindy.hardy61@hotmail.com,(770) 240-9398,18,75241,Female,Software Engineer,No Condition,80924
3164,Mary Gonzalez,mary.gonzalez85@hotmail.com,(484) 648-4427,39,60677,Female,Lawyer,No Condition,128669
3165,Kevin Hall,kevin.hall53@hotmail.com,(865) 239-1886,41,33143,Male,Teacher,Cancer,59177
3166,Jared Mccormick,jared.mccormick59@gmail.com,(173) 533-4062,29,94131,Male,Software Engineer,Depression,113619
3167,Sarah Jenkins,sarah.jenkins64@gmail.com,(434) 014-2156,31,75241,Female,Data Analyst,Diabetes,102569
3168,David Barker,david.barker93@yahoo.com,(426) 362-8862,61,33143,Male,Graphic Designer,Cancer,66211
3169,Chloe Stevens,chloe.stevens79@yahoo.com,(344) 551-4344,40,10053,Female,Software Engineer,Cancer,82433
3170,Angela Garcia,angela.garcia51@yahoo.com,(249) 449-5742,27,60684,Female,Chef,No Condition,41684
3171,Mark Schmidt,mark.schmidt52@yahoo.com,(224) 638-1512,45,60684,Male,Accountant,Depression,60985
3172,Barbara Browning,barbara.browning87@yahoo.com,(979) 246-4299,25,94138,Female,Nurse,Heart Disease,72277
3173,William Thompson,william.thompson83@yahoo.com,(235) 399-8759,42,98158,Male,Physician,Diabetes,171143
3174,Ian Dickerson,ian.dickerson49@gmail.com,(875) 145-1834,47,98158,Male,Cashier,Hypertension,24038
3175,Stephen Thompson,stephen.thompson25@hotmail.com,(230) 578-2453,65,60666,Male,Accountant,Hypertension,93261
3176,Allison Gordon,allison.gordon64@gmail.com,(446) 437-8624,39,75262,Female,Teacher,Cancer,60213
3177,Natasha Huerta,natasha.huerta94@hotmail.com,(114) 606-6961,41,60677,Female,Cashier,Depression,30140
3178,Jamie Hancock,jamie.hancock81@hotmail.com,(863) 749-1218,55,60684,Female,Graphic Designer,Heart Disease,55150
3179,Linda Graves,linda.graves32@gmail.com,(165) 061-4715,28,60684,Female,Chef,No Condition,49640
3180,Ashley Mccullough,ashley.mccullough91@yahoo.com,(302) 316-0040,54,60684,Female,Marketing Manager,Heart Disease,64491
3181,Susan Castillo,susan.castillo5@hotmail.com,(998) 683-2120,46,75215,Female,Graphic Designer,No Condition,59050
3182,Jeanne Miller,jeanne.miller41@hotmail.com,(798) 425-0796,45,10040,Female,Marketing Manager,No Condition,92517
3183,Luke Olsen,luke.olsen53@yahoo.com,(584) 200-1414,48,98186,Male,Data Analyst,Depression,80912
3184,Chad Myers,chad.myers54@hotmail.com,(673) 723-8615,45,10041,Male,Data Analyst,No Condition,85464
3185,Carolyn Bush,carolyn.bush33@yahoo.com,(999) 475-7637,31,60677,Female,Lawyer,Asthma,115069
3186,Christopher Hall,christopher.hall61@yahoo.com,(857) 797-9836,36,94179,Male,Accountant,No Condition,56711
3187,Jessica Harrison,jessica.harrison76@hotmail.com,(610) 593-9481,38,60613,Female,Marketing Manager,No Condition,88377
3188,April Campbell,april.campbell2@gmail.com,(990) 356-0285,32,10006,Female,Data Analyst,No Condition,51279
3189,Mackenzie Montgomery,mackenzie.montgomery53@yahoo.com,(160) 963-5476,47,75215,Female,Nurse,Asthma,98400
3190,Terry Murphy,terry.murphy50@gmail.com,(321) 018-4262,37,60684,Male,Graphic Designer,Cancer,59048
3191,Jamie Roberson,jamie.roberson4@yahoo.com,(918) 024-5940,63,33143,Female,Software Engineer,Diabetes,97061
3192,Hannah Hartman,hannah.hartman53@hotmail.com,(835) 653-5243,52,10053,Female,Teacher,No Condition,73410
3193,Patricia Gallagher,patricia.gallagher76@hotmail.com,(550) 765-5737,34,94179,Female,Accountant,No Condition,61355
3194,Kristin Brady,kristin.brady3@hotmail.com,(752) 512-2584,34,33167,Female,Electrician,Hypertension,71363
3195,Jimmy Watkins,jimmy.watkins92@hotmail.com,(501) 752-2792,39,10086,Male,Nurse,Hypertension,79340
3196,Kristine Hodges,kristine.hodges24@yahoo.com,(152) 396-7499,60,75215,Female,Accountant,No Condition,73148
3197,Brenda Wilkins,brenda.wilkins34@hotmail.com,(285) 407-0084,31,33143,Female,Cashier,No Condition,28783
3198,Grace Klein,grace.klein43@gmail.com,(642) 695-7538,18,98158,Female,Teacher,Depression,46015
3199,Benjamin Kaiser,benjamin.kaiser77@hotmail.com,(297) 635-2946,33,10040,Male,Teacher,No Condition,63638
3200,Emily Sharp,emily.sharp79@hotmail.com,(420) 408-5206,50,75262,Female,Nurse,No Condition,83851
3201,Dan Mcclure,dan.mcclure44@gmail.com,(918) 978-7372,18,60636,Male,Data Analyst,No Condition,68668
3202,Christopher Reyes,christopher.reyes91@yahoo.com,(893) 380-4191,37,94138,Male,Nurse,Depression,86692
3203,Angela Wilkerson,angela.wilkerson68@yahoo.com,(203) 330-8544,26,60613,Female,Chef,Depression,40595
3204,Joseph Turner,joseph.turner43@yahoo.com,(960) 209-3137,29,10086,Male,Physician,No Condition,167799
3205,Kimberly Simon,kimberly.simon66@hotmail.com,(810) 936-7677,37,60681,Female,Cashier,Hypertension,24436
3206,Jordan Castaneda,jordan.castaneda10@yahoo.com,(476) 455-4590,33,75241,Female,Nurse,No Condition,71927
3207,David Estes,david.estes94@gmail.com,(795) 435-1102,18,33143,Male,Marketing Manager,No Condition,71144
3208,Lori Andrews,lori.andrews25@yahoo.com,(233) 089-2333,47,98193,Female,Electrician,Asthma,58278
3209,Christine Shelton,christine.shelton68@gmail.com,(548) 550-7026,33,60666,Female,Nurse,Diabetes,80629
3210,Alicia Taylor,alicia.taylor7@yahoo.com,(906) 741-5144,18,75262,Female,Cashier,No Condition,26665
3211,John Moore,john.moore45@yahoo.com,(148) 342-7973,52,75262,Male,Software Engineer,Hypertension,117861
3212,Christopher Campbell,christopher.campbell17@yahoo.com,(695) 725-2023,65,10041,Male,Nurse,Diabetes,80439
3213,Jordan Clark,jordan.clark97@yahoo.com,(212) 582-8488,51,94131,Male,Teacher,No Condition,66763
3214,Leslie Zamora,leslie.zamora51@hotmail.com,(294) 951-6599,52,94140,Female,Electrician,Arthritis,69051
3215,Nicole Graves,nicole.graves84@yahoo.com,(156) 446-4523,45,60666,Female,Accountant,No Condition,61740
3216,Amanda Jones,amanda.jones26@yahoo.com,(524) 286-7855,60,10082,Female,Graphic Designer,Hypertension,62081
3217,Katherine Smith,katherine.smith48@gmail.com,(789) 779-5014,62,60613,Female,Accountant,Heart Disease,76034
3218,Jerry Williams,jerry.williams37@hotmail.com,(136) 725-0280,54,60684,Male,Teacher,Cancer,66936
3219,Robert Collins,robert.collins88@gmail.com,(277) 073-4603,30,10040,Male,Nurse,Depression,75795
3220,Jennifer Walker,jennifer.walker39@yahoo.com,(807) 992-1645,32,98101,Female,Software Engineer,No Condition,97341
3221,Erica Thompson,erica.thompson52@yahoo.com,(642) 832-8678,39,33141,Female,Chef,No Condition,34772
3222,Thomas Chung,thomas.chung54@hotmail.com,(206) 688-1557,43,75241,Male,Teacher,Asthma,55615
3223,Michael Diaz,michael.diaz69@yahoo.com,(461) 668-9409,45,33141,Male,Graphic Designer,No Condition,47234
3224,Jennifer Francis,jennifer.francis8@yahoo.com,(246) 059-5516,36,98101,Female,Teacher,Heart Disease,62175
3225,Sharon Jones,sharon.jones9@gmail.com,(995) 632-2451,72,75215,Female,Teacher,Depression,50883
3226,Brittany Foster,brittany.foster4@yahoo.com,(919) 212-6974,49,94138,Female,Marketing Manager,No Condition,81602
3227,Sara Lyons,sara.lyons84@yahoo.com,(797) 848-7989,43,94162,Female,Teacher,Arthritis,61442
3228,Nancy Miller,nancy.miller60@yahoo.com,(330) 527-0436,42,98186,Female,Accountant,Depression,64312
3229,Christopher Bailey,christopher.bailey95@hotmail.com,(516) 423-0127,53,98186,Male,Electrician,Diabetes,76288
3230,Jennifer Rangel,jennifer.rangel84@gmail.com,(717) 631-9198,47,94138,Female,Nurse,Diabetes,102972
3231,Dana Ferrell,dana.ferrell8@hotmail.com,(308) 553-6062,50,10086,Female,Chef,No Condition,58115
3232,Corey Gutierrez,corey.gutierrez61@yahoo.com,(567) 357-7569,36,75262,Male,Cashier,Asthma,29952
3233,Carol Franklin,carol.franklin82@yahoo.com,(110) 400-3273,27,94138,Female,Graphic Designer,No Condition,61899
3234,Claudia Anderson,claudia.anderson33@hotmail.com,(727) 463-5235,30,94138,Female,Marketing Manager,No Condition,98606
3235,Brad Hawkins,brad.hawkins88@hotmail.com,(720) 380-6958,56,33167,Male,Nurse,Hypertension,95161
3236,Vincent Stanley,vincent.stanley89@hotmail.com,(853) 111-2817,54,75215,Male,Lawyer,Hypertension,169235
3237,Rebecca Johnson,rebecca.johnson44@gmail.com,(366) 663-6947,49,94139,Female,Data Analyst,No Condition,93550
3238,Katie Santos,katie.santos17@gmail.com,(865) 984-5033,18,33143,Female,Electrician,No Condition,55220
3239,Levi Love,levi.love40@hotmail.com,(294) 037-5353,45,98158,Male,Teacher,Arthritis,52713
3240,Mary Moore,mary.moore5@yahoo.com,(152) 756-7195,35,94145,Female,Chef,Asthma,55501
3241,Robin Clayton,robin.clayton10@hotmail.com,(230) 568-7807,53,98158,Female,Electrician,Heart Disease,83795
3242,Calvin Hodge,calvin.hodge40@yahoo.com,(652) 494-8918,64,10040,Male,Physician,No Condition,187971
3243,Caitlin Cummings,caitlin.cummings14@hotmail.com,(838) 820-1514,26,60684,Female,Teacher,No Condition,45003
3244,Jeremy Gutierrez,jeremy.gutierrez85@hotmail.com,(313) 616-5765,42,94131,Male,Software Engineer,No Condition,111067
3245,Katie Carney,katie.carney72@gmail.com,(561) 954-9029,72,10041,Female,Marketing Manager,Diabetes,96781
3246,Justin Baker,justin.baker72@yahoo.com,(934) 577-6613,50,33143,Male,Accountant,Cancer,70582
3247,Kimberly Kim,kimberly.kim25@hotmail.com,(850) 091-5956,50,10053,Female,Software Engineer,Hypertension,124261
3248,Kaylee Thomas,kaylee.thomas97@gmail.com,(295) 936-0194,72,60613,Female,Cashier,Cancer,22827
3249,Christian Stevens,christian.stevens72@yahoo.com,(961) 853-6087,36,98118,Male,Nurse,No Condition,87742
3250,Amanda Boyle,amanda.boyle38@gmail.com,(302) 033-8811,42,98158,Female,Software Engineer,Depression,124184
3251,Adam Durham,adam.durham79@hotmail.com,(866) 763-7203,32,33167,Male,Cashier,No Condition,35533
3252,Courtney Schroeder,courtney.schroeder25@hotmail.com,(136) 567-0719,50,33143,Female,Chef,No Condition,46685
3253,Gregory Hopkins,gregory.hopkins54@yahoo.com,(574) 396-7705,64,75215,Male,Accountant,Diabetes,77592
3254,Jeanne Hayes,jeanne.hayes59@hotmail.com,(731) 649-0954,39,60677,Female,Software Engineer,Asthma,157316
3255,Stephanie Valdez,stephanie.valdez56@yahoo.com,(330) 588-6810,30,33111,Female,Chef,Diabetes,43426
3256,Erin Pollard,erin.pollard87@gmail.com,(192) 662-5478,44,75256,Female,Nurse,Cancer,82846
3257,Melissa Elliott,melissa.elliott76@hotmail.com,(804) 014-6159,18,75256,Female,Marketing Manager,Depression,62719
3258,Patricia Smith,patricia.smith45@gmail.com,(519) 007-3885,24,98158,Female,Nurse,No Condition,74325
3259,James Hardin,james.hardin44@hotmail.com,(134) 743-6939,53,94139,Male,Software Engineer,Heart Disease,110895
3260,Julian Hill,julian.hill34@gmail.com,(419) 859-6718,38,10084,Male,Data Analyst,Arthritis,66610
3261,Briana Harris,briana.harris4@gmail.com,(254) 284-2511,48,10053,Female,Cashier,No Condition,35244
3262,Vincent Aguilar,vincent.aguilar39@gmail.com,(535) 940-9429,41,10041,Male,Data Analyst,Diabetes,87084
3263,Arthur White,arthur.white95@hotmail.com,(979) 990-3238,65,60681,Male,Cashier,Asthma,32040
3264,Michelle Shelton,michelle.shelton81@yahoo.com,(466) 062-8951,38,98186,Female,Electrician,Depression,64266
3265,Richard Decker,richard.decker84@gmail.com,(539) 978-3874,47,94131,Male,Cashier,No Condition,33224
3266,Michael Delgado,michael.delgado75@gmail.com,(881) 836-3293,26,98158,Male,Accountant,No Condition,82751
3267,Michael White,michael.white62@yahoo.com,(238) 207-1548,46,94138,Male,Teacher,Hypertension,65182
3268,Juan Wilson,juan.wilson8@gmail.com,(711) 786-0577,54,75241,Male,Teacher,Cancer,68610
3269,Ryan Snyder,ryan.snyder75@hotmail.com,(928) 892-0302,60,60677,Male,Teacher,Asthma,61717
3270,Tracy Ritter,tracy.ritter39@yahoo.com,(474) 058-9230,54,94131,Female,Software Engineer,Diabetes,132002
3271,Jason Gray,jason.gray46@yahoo.com,(787) 192-4972,37,10086,Male,Accountant,No Condition,73819
3272,Erica Christensen,erica.christensen45@yahoo.com,(213) 649-6745,38,10053,Female,Chef,No Condition,52158
3273,Michael Parker,michael.parker95@gmail.com,(375) 257-4488,44,10041,Male,Software Engineer,Depression,114494
3274,Victoria Morris,victoria.morris84@hotmail.com,(269) 901-8511,27,60613,Female,Data Analyst,Depression,60946
3275,Emily Reynolds,emily.reynolds69@gmail.com,(838) 515-7646,45,33143,Female,Teacher,Hypertension,71424
3276,Wendy Banks,wendy.banks76@gmail.com,(468) 098-3831,57,94131,Female,Chef,Diabetes,49801
3277,David Morris,david.morris86@gmail.com,(727) 586-0345,47,60684,Male,Data Analyst,Diabetes,84441
3278,Christina Allen,christina.allen84@gmail.com,(689) 234-9524,18,98158,Female,Electrician,No Condition,40731
3279,Jesse Morgan,jesse.morgan68@yahoo.com,(457) 826-3880,57,60613,Male,Accountant,Diabetes,75510
3280,Robert Ali,robert.ali57@hotmail.com,(727) 161-8628,43,60622,Male,Chef,No Condition,54178
3281,Kevin Ford,kevin.ford30@hotmail.com,(647) 623-7038,46,75262,Male,Accountant,No Condition,55235
3282,Marisa Ramirez,marisa.ramirez49@hotmail.com,(372) 681-9319,37,75215,Female,Graphic Designer,No Condition,71220
3283,Cassidy Armstrong,cassidy.armstrong19@yahoo.com,(412) 328-0625,52,94131,Female,Cashier,Hypertension,21524
3284,Melinda King,melinda.king80@hotmail.com,(318) 545-5418,51,60613,Female,Cashier,Diabetes,36035
3285,Evan Merritt,evan.merritt49@gmail.com,(414) 003-5630,23,75262,Male,Data Analyst,Asthma,63167
3286,Summer Moore,summer.moore24@gmail.com,(967) 354-9047,54,60677,Female,Cashier,Hypertension,37512
3287,Trevor Ward,trevor.ward13@gmail.com,(168) 962-1325,42,98118,Male,Teacher,Arthritis,63762
3288,Joseph Thompson,joseph.thompson45@hotmail.com,(168) 564-3476,39,75262,Male,Graphic Designer,No Condition,68399
3289,Melinda Warren,melinda.warren8@hotmail.com,(923) 092-5872,40,10053,Female,Chef,No Condition,55705
3290,Kyle Curtis,kyle.curtis82@yahoo.com,(167) 363-1633,45,98101,Male,Teacher,No Condition,54321
3291,Sarah Carter,sarah.carter3@gmail.com,(717) 262-8033,35,33170,Female,Physician,Hypertension,215263
3292,Emily Williams,emily.williams48@yahoo.com,(174) 911-6343,29,98118,Female,Software Engineer,Depression,108996
3293,Crystal Davis,crystal.davis82@hotmail.com,(516) 636-6228,49,75262,Female,Teacher,No Condition,55563
3294,Jack Flores,jack.flores48@gmail.com,(640) 857-9622,49,94138,Male,Teacher,Arthritis,57181
3295,Angela Monroe,angela.monroe39@hotmail.com,(108) 486-1066,19,94138,Female,Data Analyst,No Condition,60336
3296,Patrick Tyler,patrick.tyler98@gmail.com,(660) 469-0174,57,75215,Male,Teacher,Diabetes,64638
3297,Christina Calderon,christina.calderon72@hotmail.com,(816) 244-1066,50,75262,Female,Data Analyst,Cancer,74415
3298,Kimberly Roberts,kimberly.roberts77@yahoo.com,(432) 165-0242,34,94131,Female,Cashier,No Condition,25397
3299,Raymond Armstrong,raymond.armstrong49@yahoo.com,(944) 071-1072,31,10041,Male,Nurse,Depression,86294
3300,Jade Jackson,jade.jackson82@hotmail.com,(605) 066-7148,31,60666,Female,Cashier,Hypertension,40192
3301,Cynthia Walker,cynthia.walker65@gmail.com,(217) 147-9554,53,10082,Female,Cashier,Diabetes,35653
3302,Carolyn Ellison,carolyn.ellison34@hotmail.com,(224) 922-0288,56,75262,Female,Data Analyst,No Condition,53242
3303,Heather Valdez,heather.valdez26@gmail.com,(289) 521-7680,37,10041,Female,Data Analyst,No Condition,79791
3304,Valerie Moore,valerie.moore17@hotmail.com,(562) 505-0732,52,10082,Female,Chef,Hypertension,57247
3305,Paul Greene,paul.greene11@gmail.com,(894) 303-2502,59,75262,Male,Electrician,Heart Disease,91410
3306,John Sanders,john.sanders48@gmail.com,(738) 384-4037,53,75241,Non-binary,Cashier,No Condition,34194
3307,Henry Clark,henry.clark56@hotmail.com,(194) 285-8033,37,98118,Male,Cashier,No Condition,32088
3308,Joseph Davidson,joseph.davidson23@gmail.com,(148) 632-9085,65,98118,Male,Data Analyst,Arthritis,87540
3309,Faith Brown,faith.brown29@yahoo.com,(387) 159-0518,18,60666,Female,Cashier,Depression,26663
3310,Susan Owens,susan.owens86@gmail.com,(410) 907-4447,32,94131,Female,Physician,No Condition,180700
3311,Laura Holt,laura.holt44@yahoo.com,(917) 400-3456,38,75241,Female,Data Analyst,Asthma,88262
3312,Meghan Gordon,meghan.gordon20@yahoo.com,(786) 573-7449,22,75215,Female,Lawyer,No Condition,79576
3313,Jennifer Dougherty,jennifer.dougherty90@yahoo.com,(323) 660-4741,37,98186,Female,Data Analyst,Hypertension,88542
3314,Aaron Garcia,aaron.garcia61@gmail.com,(936) 893-8252,26,75256,Male,Data Analyst,Depression,65433
3315,Meghan Richards,meghan.richards36@yahoo.com,(304) 393-5160,25,75215,Female,Chef,No Condition,48514
3316,James Schroeder,james.schroeder13@yahoo.com,(177) 526-6848,18,75241,Male,Software Engineer,Diabetes,101478
3317,Daniel Yang,daniel.yang60@yahoo.com,(936) 781-7524,40,10082,Male,Accountant,No Condition,75701
3318,Andrea Morgan,andrea.morgan88@yahoo.com,(464) 298-3930,41,60684,Female,Physician,Hypertension,192127
3319,Tyler Hines,tyler.hines43@yahoo.com,(439) 526-0885,29,33130,Male,Cashier,No Condition,30853
3320,Catherine Shaffer,catherine.shaffer35@yahoo.com,(534) 011-4997,61,60613,Female,Physician,No Condition,273341
3321,Jesse Murphy,jesse.murphy58@hotmail.com,(773) 770-4990,20,33111,Male,Teacher,No Condition,49398
3322,Judy Jones,judy.jones55@yahoo.com,(256) 597-7396,18,33141,Female,Teacher,No Condition,53744
3323,Richard Johnson,richard.johnson72@gmail.com,(140) 573-6891,29,10053,Male,Electrician,No Condition,70446
3324,Joseph Reese,joseph.reese93@yahoo.com,(317) 569-4307,18,60636,Male,Graphic Designer,No Condition,83921
3325,Renee Hurst,renee.hurst6@hotmail.com,(687) 716-9916,42,60666,Female,Teacher,No Condition,55545
3326,Jonathan White,jonathan.white20@yahoo.com,(934) 110-4857,29,60613,Male,Physician,No Condition,168762
3327,Thomas Barnes,thomas.barnes86@gmail.com,(226) 572-8182,18,94131,Male,Teacher,Asthma,39974
3328,Christopher Henry,christopher.henry3@hotmail.com,(798) 852-4991,51,10086,Male,Data Analyst,No Condition,78801
3329,Alexander Moreno,alexander.moreno59@gmail.com,(458) 553-7304,31,10086,Male,Graphic Designer,No Condition,58905
3330,Jesus Butler,jesus.butler12@gmail.com,(785) 596-7071,40,94138,Male,Accountant,No Condition,47730
3331,Paul Davenport,paul.davenport30@yahoo.com,(881) 440-0040,57,75241,Male,Graphic Designer,Cancer,84842
3332,Jacob Williams,jacob.williams66@gmail.com,(710) 640-7972,27,33167,Male,Data Analyst,No Condition,78929
3333,Joseph Martin,joseph.martin60@hotmail.com,(888) 542-7344,46,94131,Male,Software Engineer,Cancer,137040
3334,Laura Yang,laura.yang24@gmail.com,(851) 973-6654,38,60613,Female,Teacher,Depression,65254
3335,Morgan Diaz,morgan.diaz41@yahoo.com,(683) 710-5392,27,98186,Female,Teacher,No Condition,52572
3336,Maria Lawrence,maria.lawrence77@yahoo.com,(877) 185-3601,44,94131,Female,Chef,No Condition,46602
3337,Dylan Walker,dylan.walker43@gmail.com,(440) 256-0041,18,10008,Male,Teacher,Asthma,50976
3338,Stephanie Ortiz,stephanie.ortiz3@yahoo.com,(877) 527-0712,22,60622,Female,Accountant,Depression,37956
3339,Kenneth Mann,kenneth.mann27@hotmail.com,(371) 763-5064,31,75290,Male,Cashier,No Condition,34851
3340,Zachary Ellis,zachary.ellis94@hotmail.com,(890) 438-8176,59,75215,Male,Accountant,Cancer,79443
3341,James Fitzpatrick,james.fitzpatrick71@gmail.com,(270) 254-3163,45,10041,Male,Cashier,Asthma,39523
3342,Fernando Parker,fernando.parker22@yahoo.com,(947) 256-0467,31,33143,Male,Graphic Designer,Asthma,48968
3343,Christopher Valdez,christopher.valdez28@hotmail.com,(336) 906-1550,39,94138,Male,Accountant,No Condition,82223
3344,James Brown,james.brown82@yahoo.com,(709) 731-2206,31,75241,Male,Graphic Designer,No Condition,73587
3345,Jessica Sullivan,jessica.sullivan9@yahoo.com,(540) 532-4216,36,98158,Female,Chef,Heart Disease,26997
3346,Daniel Walker,daniel.walker57@gmail.com,(486) 178-0581,31,33167,Male,Data Analyst,Hypertension,83902
3347,William Stone,william.stone90@yahoo.com,(773) 213-6788,37,94131,Male,Cashier,No Condition,28761
3348,Elizabeth Cook,elizabeth.cook79@yahoo.com,(626) 151-0705,55,94131,Female,Chef,Asthma,38815
3349,Vicki Smith,vicki.smith66@gmail.com,(295) 086-8744,69,10040,Female,Accountant,No Condition,69017
3350,Cameron Lee,cameron.lee87@hotmail.com,(399) 896-2586,67,75262,Male,Chef,Diabetes,49171
3351,Shannon Wright,shannon.wright93@yahoo.com,(800) 625-5151,59,98158,Male,Data Analyst,Hypertension,85277
3352,Rebecca Lynn,rebecca.lynn20@yahoo.com,(451) 937-8495,62,98193,Female,Nurse,Hypertension,84855
3353,Andrea Krause,andrea.krause85@yahoo.com,(734) 458-0197,46,75215,Female,Lawyer,No Condition,166594
3354,Melissa Rodriguez,melissa.rodriguez2@yahoo.com,(661) 646-1526,49,60636,Female,Software Engineer,No Condition,86422
3355,Danielle Burnett,danielle.burnett10@gmail.com,(247) 081-0148,25,10041,Female,Cashier,No Condition,31615
3356,Carol Le,carol.le15@gmail.com,(898) 840-8943,33,98158,Female,Teacher,Diabetes,51795
3357,Patricia Fry,patricia.fry47@hotmail.com,(112) 681-7930,36,10006,Female,Physician,No Condition,224066
3358,Kelly Smith,kelly.smith3@hotmail.com,(589) 905-8081,50,33143,Female,Cashier,Cancer,35590
3359,Alan Robinson,alan.robinson38@hotmail.com,(605) 081-0563,18,60666,Male,Marketing Manager,No Condition,85510
3360,Tyler Holmes,tyler.holmes28@hotmail.com,(769) 902-1311,23,10086,Male,Chef,No Condition,54802
3361,Michael Carroll,michael.carroll31@yahoo.com,(302) 124-6764,39,98193,Male,Data Analyst,No Condition,76977
3362,Kathy Hernandez,kathy.hernandez81@hotmail.com,(959) 836-2074,53,75241,Female,Software Engineer,Hypertension,126626
3363,Samantha Logan,samantha.logan12@yahoo.com,(195) 912-6092,40,10041,Female,Marketing Manager,No Condition,100011
3364,David Miller,david.miller19@yahoo.com,(865) 657-1665,33,60627,Male,Marketing Manager,No Condition,78283
3365,Samuel Ellison,samuel.ellison34@hotmail.com,(413) 049-9504,52,75215,Male,Software Engineer,Heart Disease,137852
3366,Timothy Hudson,timothy.hudson28@yahoo.com,(641) 645-0862,18,33167,Male,Electrician,Asthma,54668
3367,Colton Barron,colton.barron5@gmail.com,(230) 724-8764,32,94179,Male,Marketing Manager,No Condition,80720
3368,Sydney Gutierrez,sydney.gutierrez52@gmail.com,(995) 574-5861,43,10053,Female,Teacher,Asthma,47635
3369,Nichole Watts,nichole.watts25@hotmail.com,(539) 340-8354,45,75262,Female,Marketing Manager,Diabetes,70279
3370,Ryan Leonard,ryan.leonard83@yahoo.com,(188) 598-8192,49,10053,Male,Accountant,Depression,60815
3371,Jessica Reyes,jessica.reyes27@yahoo.com,(393) 259-6276,46,75215,Female,Nurse,No Condition,92003
3372,Charles Perry,charles.perry66@gmail.com,(612) 753-4183,56,60666,Male,Chef,Heart Disease,62802
3373,Vincent Walters,vincent.walters21@yahoo.com,(280) 228-0177,39,98118,Male,Accountant,No Condition,72960
3374,Michael Johnson,michael.johnson97@gmail.com,(894) 502-6944,42,10082,Male,Software Engineer,No Condition,129742
3375,Daniel Diaz,daniel.diaz25@gmail.com,(441) 439-1032,18,75262,Male,Chef,No Condition,38596
3376,Nancy Martinez,nancy.martinez29@hotmail.com,(866) 790-6674,29,10041,Female,Accountant,No Condition,64377
3377,John Walters,john.walters11@gmail.com,(411) 040-8384,59,75241,Male,Cashier,Depression,38273
3378,Natalie Mathis,natalie.mathis95@gmail.com,(460) 187-7795,67,60666,Female,Lawyer,Hypertension,189608
3379,Chelsea Fitzpatrick,chelsea.fitzpatrick2@yahoo.com,(522) 539-3922,50,75256,Female,Software Engineer,Cancer,67688
3380,Bethany Dyer,bethany.dyer81@yahoo.com,(177) 277-4575,31,75241,Female,Nurse,Hypertension,69131
3381,Carmen Rodriguez,carmen.rodriguez35@hotmail.com,(185) 211-4846,62,60681,Female,Nurse,No Condition,76647
3382,Crystal Gray,crystal.gray41@hotmail.com,(139) 687-8842,28,75262,Female,Nurse,Asthma,54719
3383,Norma Flynn,norma.flynn84@yahoo.com,(875) 983-5894,29,10041,Female,Electrician,Depression,57354
3384,Nicole Brown,nicole.brown86@yahoo.com,(393) 928-5320,33,75241,Female,Teacher,Diabetes,65201
3385,Wanda Peck,wanda.peck3@yahoo.com,(961) 679-4677,21,75262,Female,Cashier,No Condition,31253
3386,Matthew Jones,matthew.jones87@hotmail.com,(586) 361-3959,58,98118,Male,Software Engineer,Diabetes,121641
3387,Richard Murphy,richard.murphy83@hotmail.com,(121) 185-7235,40,94138,Male,Lawyer,Diabetes,171539
3388,Brandon Campbell,brandon.campbell28@gmail.com,(777) 962-6389,40,94131,Male,Cashier,No Condition,24146
3389,Sophia Gomez,sophia.gomez81@hotmail.com,(197) 791-7822,32,75262,Female,Nurse,Depression,81342
3390,Andrew Robbins,andrew.robbins63@gmail.com,(100) 142-8669,28,75262,Male,Electrician,No Condition,59847
3391,Jennifer Flores,jennifer.flores60@yahoo.com,(775) 951-4909,43,94138,Female,Cashier,Asthma,33226
3392,Jeremy Chen,jeremy.chen66@hotmail.com,(508) 004-5872,18,94138,Male,Physician,Depression,241983
3393,Christopher Thompson,christopher.thompson74@hotmail.com,(449) 665-2948,25,60613,Male,Software Engineer,Hypertension,96182
3394,Scott Dodson,scott.dodson74@yahoo.com,(417) 197-2512,36,33111,Male,Physician,Depression,140192
3395,Sharon Scott,sharon.scott22@gmail.com,(453) 675-7777,23,94138,Female,Lawyer,Asthma,134805
3396,David Bowen,david.bowen60@gmail.com,(565) 875-0310,48,60681,Male,Data Analyst,No Condition,67639
3397,Michael Garza,michael.garza90@hotmail.com,(714) 077-1280,47,75262,Male,Teacher,No Condition,64416
3398,Angela Guerrero,angela.guerrero87@hotmail.com,(590) 746-6697,28,75241,Female,Nurse,No Condition,61761
3399,John Leon,john.leon95@hotmail.com,(917) 124-3566,60,10053,Male,Nurse,Arthritis,90733
3400,Mary Sanchez,mary.sanchez13@hotmail.com,(603) 253-6952,45,33130,Female,Chef,Depression,51297
3401,Erika Griffin,erika.griffin97@hotmail.com,(867) 350-7810,40,33143,Female,Software Engineer,No Condition,104286
3402,Christopher Barker,christopher.barker4@hotmail.com,(294) 764-6126,50,94131,Male,Marketing Manager,Diabetes,118481
3403,Debbie Wolfe,debbie.wolfe96@hotmail.com,(736) 319-6275,41,75241,Female,Lawyer,No Condition,69260
3404,Michael Scott,michael.scott89@hotmail.com,(109) 519-5663,48,75215,Male,Cashier,No Condition,39028
3405,Amy Long,amy.long52@yahoo.com,(921) 051-6407,34,75247,Female,Teacher,Diabetes,63799
3406,Joel Figueroa,joel.figueroa60@hotmail.com,(404) 811-3537,50,60613,Male,Software Engineer,Hypertension,84996
3407,Lindsey Diaz,lindsey.diaz30@gmail.com,(872) 959-8677,27,75215,Female,Cashier,Arthritis,32092
3408,Michael Cook,michael.cook48@yahoo.com,(789) 907-1299,52,94131,Male,Nurse,Diabetes,87742
3409,Lee Guzman,lee.guzman98@gmail.com,(454) 827-0029,49,98158,Male,Marketing Manager,Depression,107711
3410,Claire Dominguez,claire.dominguez38@gmail.com,(132) 689-3746,68,33143,Female,Software Engineer,Heart Disease,144324
3411,Brooke Wright,brooke.wright26@hotmail.com,(284) 157-7129,44,75262,Female,Teacher,No Condition,56778
3412,Kelsey Thompson,kelsey.thompson74@hotmail.com,(651) 956-1765,18,60684,Female,Physician,No Condition,120207
3413,Justin Moore,justin.moore98@gmail.com,(455) 285-8706,34,10082,Male,Chef,Depression,41055
3414,Abigail Estrada,abigail.estrada72@gmail.com,(982) 933-5287,45,75256,Female,Software Engineer,Diabetes,128191
3415,Lisa Garcia,lisa.garcia83@hotmail.com,(535) 964-7268,25,75215,Female,Accountant,No Condition,71219
3416,Sarah Porter,sarah.porter39@yahoo.com,(145) 507-2831,35,94138,Female,Nurse,No Condition,71315
3417,Thomas Martinez,thomas.martinez91@hotmail.com,(550) 880-8756,43,60677,Male,Cashier,No Condition,40915
3418,Sabrina Mcmahon,sabrina.mcmahon37@gmail.com,(958) 105-8010,42,75262,Female,Software Engineer,Arthritis,90203
3419,Summer Hawkins,summer.hawkins76@hotmail.com,(467) 974-4761,37,75262,Female,Electrician,Hypertension,53460
3420,Jeremy Shepherd,jeremy.shepherd2@hotmail.com,(486) 636-4653,38,75241,Male,Teacher,No Condition,63446
3421,Cynthia Roth,cynthia.roth46@yahoo.com,(749) 633-7922,39,75256,Female,Marketing Manager,Diabetes,87722
3422,Thomas Jackson,thomas.jackson55@gmail.com,(991) 502-3743,31,60613,Male,Chef,No Condition,46303
3423,Stacey Jimenez,stacey.jimenez18@yahoo.com,(150) 521-9405,28,75253,Female,Cashier,No Condition,35770
3424,David Anderson,david.anderson9@yahoo.com,(609) 796-2914,39,33143,Male,Electrician,No Condition,65720
3425,Travis Tucker,travis.tucker92@gmail.com,(966) 098-5919,41,94138,Male,Accountant,No Condition,59230
3426,Anna Potter,anna.potter25@yahoo.com,(636) 653-9788,59,60684,Female,Nurse,Hypertension,89983
3427,Joseph Drake,joseph.drake38@hotmail.com,(595) 571-3198,43,75262,Male,Lawyer,No Condition,132967
3428,Tina Baker,tina.baker45@hotmail.com,(896) 163-9525,41,98158,Female,Cashier,No Condition,31343
3429,David Woods,david.woods84@yahoo.com,(837) 212-3848,27,75241,Male,Electrician,Asthma,51724
3430,Jeremy Reyes,jeremy.reyes80@gmail.com,(991) 898-7557,29,33130,Male,Physician,No Condition,174434
3431,Sarah Walker,sarah.walker98@hotmail.com,(529) 000-5905,48,98186,Female,Accountant,No Condition,80066
3432,Heather Wilson,heather.wilson43@gmail.com,(465) 854-0591,26,94138,Female,Data Analyst,No Condition,76816
3433,Donald Frost,donald.frost78@yahoo.com,(162) 712-3933,33,33143,Male,Cashier,No Condition,35790
3434,Raymond Hines,raymond.hines35@yahoo.com,(933) 535-9759,44,33119,Male,Chef,Arthritis,39741
3435,Alejandro Foster,alejandro.foster11@gmail.com,(882) 196-0878,58,75241,Male,Marketing Manager,Heart Disease,94163
3436,Pamela Nguyen,pamela.nguyen73@yahoo.com,(888) 273-7630,37,10082,Female,Data Analyst,No Condition,72173
3437,Jesus Carpenter,jesus.carpenter23@hotmail.com,(936) 660-9797,41,75215,Male,Chef,No Condition,49707
3438,Robert Spears,robert.spears19@gmail.com,(304) 450-7296,44,33167,Male,Graphic Designer,No Condition,78147
3439,Theresa Kline,theresa.kline59@hotmail.com,(601) 079-3226,46,94131,Female,Nurse,No Condition,70304
3440,Brittany Black,brittany.black57@yahoo.com,(746) 305-9415,49,94131,Female,Graphic Designer,No Condition,69581
3441,Kathryn Jones,kathryn.jones61@yahoo.com,(253) 987-2458,41,10053,Female,Lawyer,No Condition,165528
3442,Michelle Garza,michelle.garza24@hotmail.com,(470) 884-0755,25,60684,Female,Software Engineer,No Condition,98989
3443,Melissa Drake,melissa.drake94@yahoo.com,(636) 597-2683,34,75247,Female,Chef,No Condition,48100
3444,Amanda Chavez,amanda.chavez48@hotmail.com,(305) 130-6967,18,60666,Female,Lawyer,No Condition,107358
3445,Austin Anderson,austin.anderson30@gmail.com,(956) 838-7027,34,60677,Male,Chef,No Condition,50116
3446,Taylor Walker,taylor.walker23@hotmail.com,(882) 149-2413,34,75262,Female,Accountant,Asthma,46437
3447,Ashley Allen,ashley.allen23@yahoo.com,(939) 085-8306,58,75241,Female,Nurse,Hypertension,108551
3448,Dean Morse,dean.morse96@gmail.com,(768) 167-2386,40,94140,Male,Cashier,No Condition,42521
3449,Gabriella Gutierrez,gabriella.gutierrez15@yahoo.com,(577) 559-5735,42,98158,Female,Software Engineer,Asthma,103504
3450,Brian Smith,brian.smith19@hotmail.com,(977) 250-4025,42,75215,Male,Electrician,Cancer,68824
3451,Matthew Mclaughlin,matthew.mclaughlin10@hotmail.com,(610) 855-8723,55,10082,Male,Graphic Designer,Hypertension,57740
3452,John Carter,john.carter47@yahoo.com,(572) 080-2410,21,75241,Male,Teacher,No Condition,48777
3453,Bradley Brown,bradley.brown49@yahoo.com,(749) 316-6081,39,60627,Male,Accountant,Asthma,73142
3454,Pamela Short,pamela.short92@gmail.com,(855) 661-3404,45,98118,Female,Accountant,Hypertension,67019
3455,Mary Kelly,mary.kelly4@gmail.com,(304) 584-0892,56,75241,Female,Accountant,Hypertension,75451
3456,Lori Johnson,lori.johnson49@hotmail.com,(790) 649-4935,36,10006,Female,Accountant,Depression,75105
3457,Mariah Stevenson,mariah.stevenson2@hotmail.com,(880) 363-8364,47,98118,Female,Data Analyst,Hypertension,80215
3458,Charles Martin,charles.martin5@yahoo.com,(258) 170-8335,41,75241,Male,Cashier,Asthma,35396
3459,Rachel Mejia,rachel.mejia97@hotmail.com,(124) 496-6390,34,33143,Female,Teacher,No Condition,44131
3460,Nicholas Green,nicholas.green66@gmail.com,(698) 048-8672,26,94139,Male,Software Engineer,Asthma,120193
3461,Brian Smith,brian.smith18@hotmail.com,(261) 709-9873,52,75262,Male,Software Engineer,Diabetes,104558
3462,Kathleen Smith,kathleen.smith93@hotmail.com,(481) 668-8130,43,75241,Female,Cashier,Diabetes,36711
3463,Shannon Gardner,shannon.gardner55@yahoo.com,(591) 281-5016,20,75262,Female,Software Engineer,Arthritis,93784
3464,Gabriel Pennington,gabriel.pennington80@yahoo.com,(225) 731-2536,60,98101,Male,Teacher,No Condition,53308
3465,Bethany Powell,bethany.powell71@hotmail.com,(876) 229-5794,30,75262,Female,Teacher,No Condition,68265
3466,Diana Johnson,diana.johnson20@gmail.com,(698) 971-7331,43,94179,Female,Teacher,No Condition,68636
3467,Raymond Davis,raymond.davis41@yahoo.com,(704) 261-4471,40,60666,Male,Data Analyst,No Condition,81374
3468,Felicia Charles,felicia.charles49@yahoo.com,(715) 264-4582,60,94138,Female,Nurse,Diabetes,92777
3469,Parker Mitchell,parker.mitchell32@yahoo.com,(941) 913-7804,39,75215,Male,Software Engineer,No Condition,119470
3470,John Patterson,john.patterson14@gmail.com,(393) 837-3965,45,98193,Male,Nurse,Asthma,91707
3471,Emily Thompson,emily.thompson24@yahoo.com,(160) 741-4644,31,75290,Female,Teacher,No Condition,58967
3472,Rebecca Graham,rebecca.graham36@gmail.com,(235) 342-5556,50,33111,Female,Accountant,Hypertension,89999
3473,Justin Thomas,justin.thomas89@yahoo.com,(121) 384-1551,30,10086,Male,Software Engineer,Diabetes,120026
3474,Laura Bell,laura.bell68@gmail.com,(152) 750-5688,50,94138,Female,Electrician,Cancer,62732
3475,Kayla Hill,kayla.hill5@hotmail.com,(420) 727-1263,62,98186,Female,Electrician,Heart Disease,64623
3476,Eric Schwartz,eric.schwartz81@gmail.com,(393) 781-3267,23,98118,Male,Accountant,No Condition,59914
3477,Jerry Sanchez,jerry.sanchez72@yahoo.com,(927) 767-4695,33,94145,Male,Accountant,No Condition,71016
3478,Ricky Heath,ricky.heath35@hotmail.com,(546) 877-4929,36,75241,Male,Data Analyst,Asthma,80667
3479,Derrick Bishop,derrick.bishop86@gmail.com,(536) 757-2668,29,10086,Male,Chef,Asthma,46366
3480,Michelle Munoz,michelle.munoz39@gmail.com,(453) 667-8320,47,98118,Female,Software Engineer,No Condition,131757
3481,Bill Martinez,bill.martinez98@hotmail.com,(131) 779-0534,44,75262,Male,Software Engineer,No Condition,112390
3482,Suzanne Spencer,suzanne.spencer52@hotmail.com,(733) 315-1801,23,75215,Female,Chef,No Condition,47751
3483,James Fernandez,james.fernandez57@gmail.com,(923) 628-0193,34,75262,Male,Teacher,Cancer,49474
3484,Joseph Steele,joseph.steele10@hotmail.com,(953) 115-4397,48,75262,Male,Cashier,Hypertension,35935
3485,Terry Ward,terry.ward66@gmail.com,(941) 591-0660,35,60684,Male,Cashier,Asthma,37935
3486,Jennifer White,jennifer.white60@hotmail.com,(365) 046-0262,18,60627,Female,Data Analyst,Diabetes,57856
3487,Eric Crane,eric.crane18@hotmail.com,(492) 251-8261,53,10041,Male,Data Analyst,No Condition,90873
3488,Gail Moses,gail.moses95@gmail.com,(810) 840-1579,40,10049,Female,Teacher,Hypertension,69805
3489,Thomas Smith,thomas.smith68@gmail.com,(798) 109-9752,56,98118,Male,Data Analyst,Heart Disease,82745
3490,Joseph Barnes,joseph.barnes82@yahoo.com,(208) 368-1682,41,98158,Male,Cashier,No Condition,20000
3491,Donna Ramos,donna.ramos61@gmail.com,(173) 087-1439,32,10041,Female,Lawyer,Diabetes,135058
3492,Chloe Smith,chloe.smith45@gmail.com,(300) 562-6070,38,60613,Female,Marketing Manager,No Condition,68878
3493,William Walls,william.walls26@yahoo.com,(348) 579-8889,50,98101,Male,Teacher,No Condition,59397
3494,Bryan Jackson,bryan.jackson62@gmail.com,(881) 522-9322,21,98101,Non-binary,Accountant,No Condition,51407
3495,Michael Thompson,michael.thompson76@yahoo.com,(640) 149-3847,51,10006,Male,Teacher,Heart Disease,59330
3496,Dorothy Davidson,dorothy.davidson35@hotmail.com,(186) 459-4780,35,75215,Female,Teacher,No Condition,48013
3497,John Soto,john.soto89@hotmail.com,(824) 636-6983,58,60684,Male,Marketing Manager,No Condition,84114
3498,Sarah Ward,sarah.ward84@hotmail.com,(150) 458-3875,40,75256,Female,Data Analyst,No Condition,79556
3499,Adam Harmon,adam.harmon79@hotmail.com,(270) 990-3172,53,60681,Male,Teacher,Hypertension,71866
3500,Mark Miller,mark.miller8@gmail.com,(659) 804-3331,48,98186,Male,Data Analyst,No Condition,93263
3501,Megan Carpenter,megan.carpenter20@yahoo.com,(401) 014-6019,18,75215,Female,Cashier,No Condition,22447
3502,William Sellers,william.sellers35@yahoo.com,(220) 622-6093,43,60684,Male,Physician,Asthma,224806
3503,Wanda Paul,wanda.paul57@gmail.com,(966) 331-6140,57,75215,Female,Software Engineer,No Condition,115810
3504,Tiffany Lee,tiffany.lee52@gmail.com,(817) 171-9945,65,94131,Female,Accountant,No Condition,89069
3505,Thomas Wright,thomas.wright15@yahoo.com,(119) 950-8190,40,94138,Male,Nurse,No Condition,77635
3506,Sarah Sherman,sarah.sherman75@yahoo.com,(667) 352-6359,49,75253,Female,Software Engineer,No Condition,133797
3507,Brandon Marsh,brandon.marsh52@gmail.com,(752) 413-0228,38,94138,Male,Marketing Manager,No Condition,77166
3508,John Davis,john.davis27@yahoo.com,(665) 602-4923,39,10086,Male,Cashier,Diabetes,38362
3509,Sophia Alexander,sophia.alexander62@yahoo.com,(414) 905-7175,38,98118,Female,Software Engineer,Arthritis,147494
3510,Brittany Reeves,brittany.reeves51@hotmail.com,(899) 752-6158,18,60683,Female,Teacher,Asthma,42623
3511,Tony Mills,tony.mills30@hotmail.com,(689) 168-3171,48,33143,Male,Graphic Designer,No Condition,61391
3512,Sean Wilson,sean.wilson13@gmail.com,(542) 412-4845,79,60622,Male,Software Engineer,Hypertension,103090
3513,Tracy Gonzales,tracy.gonzales94@gmail.com,(737) 174-1906,22,75241,Female,Data Analyst,Depression,62346
3514,Linda Collins,linda.collins24@yahoo.com,(208) 570-3401,35,75262,Female,Graphic Designer,No Condition,42545
3515,Taylor Powell,taylor.powell85@gmail.com,(870) 613-0112,52,94138,Female,Lawyer,Cancer,165826
3516,Jason Walker,jason.walker52@gmail.com,(781) 720-3579,40,10041,Non-binary,Graphic Designer,Depression,56889
3517,Hunter Roberson,hunter.roberson1@yahoo.com,(100) 191-5426,43,60627,Male,Chef,No Condition,43718
3518,Michelle Marks,michelle.marks24@hotmail.com,(524) 116-4342,33,94192,Female,Cashier,Depression,28917
3519,Toni Zimmerman,toni.zimmerman79@gmail.com,(914) 754-6624,45,98101,Female,Teacher,Asthma,45473
3520,Charles Perez,charles.perez88@gmail.com,(164) 211-6846,51,75256,Male,Lawyer,Cancer,66618
3521,Danny Roman,danny.roman97@hotmail.com,(651) 592-3466,46,33167,Male,Software Engineer,No Condition,142295
3522,Bridget Bruce,bridget.bruce95@yahoo.com,(646) 453-3164,68,60677,Female,Physician,Diabetes,234139
3523,Adam Johnson,adam.johnson84@yahoo.com,(441) 137-1346,26,33130,Male,Electrician,Cancer,71679
3524,Mark Sherman,mark.sherman21@gmail.com,(878) 907-8695,55,75262,Male,Cashier,No Condition,36421
3525,Nicole Brown,nicole.brown13@hotmail.com,(583) 041-5447,18,60636,Female,Electrician,Diabetes,62887
3526,Sara Allen,sara.allen73@yahoo.com,(235) 973-6970,39,60613,Female,Software Engineer,No Condition,104949
3527,Maurice Shaw,maurice.shaw79@yahoo.com,(425) 317-5040,34,75262,Male,Teacher,Depression,64123
3528,John Miller,john.miller35@hotmail.com,(118) 596-8974,42,94131,Male,Graphic Designer,Arthritis,78739
3529,Oscar Howard,oscar.howard54@hotmail.com,(905) 509-5792,37,75256,Male,Electrician,Arthritis,73302
3530,Andrea Adams,andrea.adams11@hotmail.com,(326) 680-6399,51,75215,Female,Data Analyst,Cancer,90109
3531,Dwayne Simmons,dwayne.simmons98@hotmail.com,(911) 954-0627,53,10041,Male,Nurse,Hypertension,89318
3532,Matthew Stafford,matthew.stafford31@gmail.com,(288) 068-3112,19,94138,Male,Teacher,No Condition,40447
3533,Joe Aguilar,joe.aguilar82@hotmail.com,(728) 223-3125,42,98118,Male,Marketing Manager,No Condition,85192
3534,John Taylor,john.taylor86@gmail.com,(538) 561-6271,18,10082,Male,Cashier,Asthma,30468
3535,Brandon Ramirez,brandon.ramirez18@gmail.com,(577) 323-5737,24,10086,Male,Chef,Arthritis,43750
3536,Christopher Mueller,christopher.mueller73@hotmail.com,(442) 094-2079,64,75241,Male,Data Analyst,No Condition,95230
3537,Stephanie Green,stephanie.green39@yahoo.com,(687) 199-4250,40,33143,Female,Accountant,No Condition,72113
3538,Whitney Taylor,whitney.taylor4@yahoo.com,(430) 955-8779,32,98197,Female,Cashier,Arthritis,33505
3539,James Powers,james.powers21@gmail.com,(273) 795-7238,51,10053,Male,Accountant,Diabetes,64634
3540,Jennifer Becker,jennifer.becker89@gmail.com,(429) 213-5111,39,98186,Female,Teacher,Asthma,55054
3541,Mary Williams,mary.williams7@gmail.com,(575) 350-2469,33,10086,Female,Graphic Designer,Asthma,62031
3542,Troy Collier,troy.collier82@yahoo.com,(912) 322-2320,31,75262,Male,Teacher,Depression,56642
3543,John Wright,john.wright45@yahoo.com,(170) 943-9137,46,94138,Male,Marketing Manager,No Condition,92275
3544,William Proctor,william.proctor27@hotmail.com,(778) 379-2131,36,10086,Male,Chef,No Condition,57824
3545,Robyn Yang,robyn.yang62@gmail.com,(226) 080-9937,77,98118,Female,Lawyer,Heart Disease,146499
3546,Jaime Weber,jaime.weber39@gmail.com,(178) 449-8838,41,60613,Male,Software Engineer,No Condition,107715
3547,Christina Little,christina.little16@hotmail.com,(573) 811-3370,44,75241,Female,Accountant,No Condition,59919
3548,Kenneth Foster,kenneth.foster10@yahoo.com,(455) 407-7005,45,94179,Male,Software Engineer,No Condition,122189
3549,Tamara Morris,tamara.morris24@hotmail.com,(982) 348-1180,38,10041,Female,Software Engineer,Hypertension,93530
3550,Roberta Cunningham,roberta.cunningham54@hotmail.com,(938) 502-8477,51,60684,Female,Graphic Designer,No Condition,59717
3551,Phillip Nixon,phillip.nixon45@hotmail.com,(675) 371-5641,50,33167,Male,Marketing Manager,No Condition,70654
3552,Stephen Roman,stephen.roman30@gmail.com,(730) 706-6670,50,60666,Male,Nurse,Heart Disease,74915
3553,Daniel Whitehead,daniel.whitehead93@gmail.com,(419) 161-1955,25,98158,Male,Nurse,No Condition,61171
3554,Allison Sanchez,allison.sanchez89@gmail.com,(813) 403-7791,60,98186,Female,Cashier,Hypertension,31136
3555,Adam Gould,adam.gould66@yahoo.com,(193) 061-8920,35,10041,Male,Data Analyst,No Condition,85627
3556,Dustin Calhoun,dustin.calhoun98@hotmail.com,(520) 721-6247,25,10053,Male,Chef,No Condition,34041
3557,Cameron Reynolds,cameron.reynolds55@yahoo.com,(173) 255-0652,49,75215,Male,Electrician,Cancer,54961
3558,George Vance,george.vance52@yahoo.com,(679) 120-7209,47,98158,Male,Software Engineer,No Condition,121451
3559,John Hess,john.hess4@hotmail.com,(703) 550-8199,20,60677,Male,Electrician,No Condition,59004
3560,Kimberly Owen,kimberly.owen43@hotmail.com,(544) 565-7817,45,75215,Female,Nurse,Heart Disease,106444
3561,Elizabeth Lopez,elizabeth.lopez21@yahoo.com,(140) 515-5674,33,10006,Female,Software Engineer,No Condition,106943
3562,Justin Thompson,justin.thompson70@gmail.com,(467) 599-3001,26,33143,Male,Electrician,No Condition,65022
3563,Stacey Shields,stacey.shields58@gmail.com,(240) 580-6709,36,98186,Female,Teacher,Hypertension,77715
3564,Sarah Logan,sarah.logan97@yahoo.com,(565) 484-0000,46,94179,Female,Cashier,Depression,32483
3565,Andrew Carter,andrew.carter65@yahoo.com,(945) 497-6834,41,75215,Male,Graphic Designer,Depression,67184
3566,Rhonda Bell,rhonda.bell1@yahoo.com,(760) 489-9246,27,75241,Female,Data Analyst,Hypertension,78156
3567,Chad Ramos,chad.ramos50@gmail.com,(913) 807-9511,40,10041,Male,Teacher,Arthritis,47604
3568,Ashley Contreras,ashley.contreras21@gmail.com,(665) 250-8159,32,10082,Female,Nurse,Depression,81047
3569,Kyle Parker,kyle.parker9@gmail.com,(850) 717-4164,49,10086,Male,Software Engineer,No Condition,164510
3570,Travis Washington,travis.washington10@hotmail.com,(863) 103-2319,80,75262,Male,Cashier,No Condition,32003
3571,Jennifer Brown,jennifer.brown23@yahoo.com,(746) 168-4446,24,60627,Female,Accountant,No Condition,66960
3572,Douglas Juarez,douglas.juarez47@hotmail.com,(989) 244-1832,58,10086,Male,Electrician,Asthma,80731
3573,Steven Jones,steven.jones9@gmail.com,(837) 244-7929,59,75241,Male,Software Engineer,Heart Disease,114956
3574,Paul Nguyen,paul.nguyen40@hotmail.com,(514) 489-4009,38,94179,Male,Lawyer,Arthritis,168639
3575,Janice Rosales,janice.rosales35@hotmail.com,(946) 392-4887,34,33143,Female,Data Analyst,No Condition,85716
3576,Alicia Rosario,alicia.rosario56@gmail.com,(976) 764-9737,38,98193,Female,Nurse,Heart Disease,80756
3577,Amber Wright,amber.wright76@gmail.com,(951) 918-7162,45,98186,Female,Electrician,No Condition,80135
3578,Kenneth Parker,kenneth.parker73@yahoo.com,(476) 660-9191,34,33130,Male,Teacher,No Condition,53640
3579,Steven Martin,steven.martin76@yahoo.com,(825) 993-1769,46,94138,Male,Cashier,No Condition,40808
3580,Ryan Bradford,ryan.bradford32@hotmail.com,(456) 759-1056,43,60684,Male,Cashier,Heart Disease,36817
3581,Robert Gross,robert.gross39@hotmail.com,(567) 044-7771,56,10086,Male,Accountant,Hypertension,81584
3582,Amanda Ballard,amanda.ballard97@yahoo.com,(502) 501-5544,31,60684,Female,Software Engineer,Heart Disease,124472
3583,Amanda Rivas,amanda.rivas48@hotmail.com,(898) 575-2563,29,75290,Female,Teacher,No Condition,39985
3584,Deanna Knox,deanna.knox64@hotmail.com,(484) 555-7663,68,75241,Female,Teacher,Diabetes,67856
3585,Samantha Vaughn,samantha.vaughn1@gmail.com,(805) 095-3072,27,60627,Female,Nurse,Asthma,64271
3586,Tanya Harrison,tanya.harrison70@hotmail.com,(927) 695-8870,36,75241,Female,Cashier,No Condition,33387
3587,Kevin Nelson,kevin.nelson63@gmail.com,(366) 036-6980,42,94139,Male,Marketing Manager,Arthritis,86440
3588,Richard Graham,richard.graham92@yahoo.com,(848) 294-3500,51,33143,Male,Teacher,Asthma,75981
3589,Larry Sanders,larry.sanders94@gmail.com,(565) 377-7842,65,33143,Male,Cashier,Hypertension,37110
3590,John Fisher,john.fisher70@yahoo.com,(191) 916-3695,41,33143,Male,Nurse,Depression,100780
3591,Scott Parks,scott.parks82@gmail.com,(659) 250-1691,51,75241,Male,Cashier,Depression,36592
3592,Jessica Alvarez,jessica.alvarez17@gmail.com,(979) 823-0700,46,10006,Female,Data Analyst,No Condition,80733
3593,Amy Lewis,amy.lewis27@hotmail.com,(749) 023-7432,36,60627,Female,Accountant,No Condition,75478
3594,Laura Moran,laura.moran53@yahoo.com,(294) 180-1695,37,60684,Female,Software Engineer,No Condition,88753
3595,Bailey Benson,bailey.benson7@hotmail.com,(946) 403-1182,46,75241,Female,Graphic Designer,No Condition,54399
3596,Joel Greene,joel.greene46@gmail.com,(446) 595-1120,61,75262,Male,Accountant,Diabetes,83421
3597,Samantha Hart,samantha.hart63@hotmail.com,(405) 966-6942,56,60622,Female,Cashier,No Condition,30992
3598,Laura Ho,laura.ho33@gmail.com,(783) 754-2884,28,75241,Female,Lawyer,No Condition,112041
3599,David Ball,david.ball2@gmail.com,(348) 503-0277,47,60681,Male,Electrician,No Condition,66780
3600,Melinda Miller,melinda.miller79@yahoo.com,(493) 162-5055,37,60684,Female,Teacher,No Condition,60216
3601,Christopher Ramos,christopher.ramos90@hotmail.com,(824) 483-7268,36,10006,Male,Software Engineer,Asthma,106856
3602,Philip Freeman,philip.freeman35@gmail.com,(888) 949-1286,42,75225,Male,Software Engineer,Arthritis,132123
3603,Carol Freeman,carol.freeman48@yahoo.com,(778) 691-0407,37,98101,Female,Data Analyst,Depression,77195
3604,Michael Vincent,michael.vincent65@gmail.com,(896) 965-2415,52,10086,Male,Teacher,Diabetes,59960
3605,Connie Wade,connie.wade38@gmail.com,(220) 404-1071,48,75290,Female,Software Engineer,Hypertension,137700
3606,Chad Rowe,chad.rowe16@yahoo.com,(233) 702-6578,49,75262,Male,Teacher,Arthritis,68362
3607,Eddie Foster,eddie.foster22@yahoo.com,(150) 193-5311,46,60677,Male,Accountant,Depression,68505
3608,Stephen Ball,stephen.ball79@hotmail.com,(145) 673-1370,49,75262,Male,Electrician,No Condition,79645
3609,Nathaniel Baldwin,nathaniel.baldwin44@hotmail.com,(874) 931-7560,47,33167,Male,Teacher,No Condition,75360
3610,Zachary Smith,zachary.smith90@gmail.com,(173) 733-9701,48,60636,Male,Software Engineer,Hypertension,135253
3611,Brent Ibarra,brent.ibarra28@yahoo.com,(592) 621-8922,32,10086,Male,Cashier,Hypertension,27238
3612,Alexis Smith,alexis.smith77@gmail.com,(338) 654-9660,51,33143,Female,Nurse,Diabetes,91587
3613,Thomas Edwards,thomas.edwards92@gmail.com,(943) 580-4711,18,60627,Male,Teacher,No Condition,50350
3614,Michael Johnson,michael.johnson1@gmail.com,(645) 015-3119,67,75215,Male,Graphic Designer,Hypertension,71697
3615,Lisa Pruitt,lisa.pruitt63@hotmail.com,(860) 276-9347,50,75290,Female,Cashier,Hypertension,30379
3616,Lisa Butler,lisa.butler62@yahoo.com,(548) 562-5750,37,75247,Female,Graphic Designer,No Condition,50872
3617,Caroline Collins,caroline.collins28@yahoo.com,(506) 948-6175,47,33167,Female,Graphic Designer,No Condition,41910
3618,Shawn Rodgers,shawn.rodgers83@gmail.com,(177) 114-8816,34,75262,Male,Accountant,No Condition,52145
3619,Jackie Hawkins,jackie.hawkins61@gmail.com,(897) 557-0826,40,60613,Female,Accountant,Diabetes,76979
3620,Nancy James,nancy.james16@yahoo.com,(504) 441-4429,51,98118,Female,Nurse,No Condition,79737
3621,Ralph Goodman,ralph.goodman13@yahoo.com,(408) 805-0151,43,98193,Male,Nurse,Heart Disease,84801
3622,Jeffrey Hunt,jeffrey.hunt22@yahoo.com,(526) 849-7042,27,98158,Male,Graphic Designer,No Condition,79086
3623,Arthur Swanson,arthur.swanson66@hotmail.com,(881) 420-7681,45,94138,Male,Nurse,No Condition,104206
3624,Martha Williams,martha.williams98@hotmail.com,(814) 365-9723,42,94138,Female,Teacher,Depression,45396
3625,Jenna Mclaughlin,jenna.mclaughlin69@hotmail.com,(805) 417-1500,47,75262,Female,Accountant,Asthma,75593
3626,Jeffrey Miller,jeffrey.miller83@yahoo.com,(351) 800-7784,18,75241,Male,Nurse,No Condition,63775
3627,Katie Dickson,katie.dickson78@yahoo.com,(776) 186-7706,38,60636,Female,Electrician,No Condition,72640
3628,Katherine Watts,katherine.watts83@hotmail.com,(122) 834-9143,44,33143,Female,Software Engineer,No Condition,163537
3629,Tiffany Vargas,tiffany.vargas75@gmail.com,(415) 272-5978,48,94138,Female,Electrician,No Condition,60070
3630,Craig Mckay,craig.mckay54@yahoo.com,(540) 891-2059,18,75241,Male,Physician,Asthma,145594
3631,Robert Watts,robert.watts23@hotmail.com,(769) 880-1225,39,60636,Male,Chef,Diabetes,33566
3632,Rebecca Brown,rebecca.brown56@gmail.com,(161) 088-0257,23,10053,Female,Chef,No Condition,42851
3633,Rebecca Horn,rebecca.horn70@hotmail.com,(620) 637-0355,25,94131,Female,Chef,No Condition,47161
3634,Stacey Dean,stacey.dean26@yahoo.com,(716) 761-6629,36,33167,Female,Cashier,Asthma,26972
3635,Sherri Donaldson,sherri.donaldson95@hotmail.com,(863) 602-5368,51,10041,Female,Teacher,Hypertension,64618
3636,Cole Thomas,cole.thomas55@gmail.com,(792) 254-5080,39,33141,Male,Data Analyst,No Condition,80688
3637,Lucas Smith,lucas.smith61@yahoo.com,(287) 387-1834,57,60684,Male,Physician,Hypertension,301681
3638,Nicole Hendrix,nicole.hendrix14@hotmail.com,(406) 658-4843,29,75241,Female,Graphic Designer,No Condition,51046
3639,Troy Avila,troy.avila12@yahoo.com,(160) 356-0897,30,60684,Male,Accountant,No Condition,53348
3640,James Cunningham,james.cunningham26@hotmail.com,(137) 590-4479,53,33143,Male,Teacher,Diabetes,70389
3641,Mark Valentine,mark.valentine65@hotmail.com,(183) 047-0278,41,94145,Male,Data Analyst,Depression,82804
3642,Caitlin Gibson,caitlin.gibson74@yahoo.com,(951) 300-5019,50,60677,Female,Teacher,No Condition,59941
3643,Tanya Murphy,tanya.murphy97@yahoo.com,(354) 738-8084,70,10049,Female,Nurse,Hypertension,92106
3644,Todd Johnson,todd.johnson7@gmail.com,(482) 850-7255,54,10041,Non-binary,Graphic Designer,No Condition,77949
3645,Clinton Wood,clinton.wood53@gmail.com,(385) 155-0135,53,10086,Male,Cashier,Hypertension,33321
3646,Dawn Miller,dawn.miller46@yahoo.com,(288) 750-5139,25,33143,Female,Data Analyst,Asthma,68130
3647,Sherry Reid,sherry.reid66@gmail.com,(880) 514-1200,21,75247,Female,Software Engineer,Asthma,101120
3648,David Buckley,david.buckley42@yahoo.com,(851) 569-9332,18,33130,Male,Electrician,No Condition,54653
3649,Jason Weber,jason.weber73@yahoo.com,(489) 947-3879,41,60681,Male,Cashier,No Condition,26815
3650,Andrew Walls,andrew.walls34@hotmail.com,(452) 390-6056,41,75241,Male,Accountant,Cancer,78036
3651,Jennifer Williams,jennifer.williams79@gmail.com,(224) 137-3949,42,98118,Female,Nurse,Hypertension,79635
3652,Chad Edwards,chad.edwards40@gmail.com,(493) 669-4364,44,33141,Male,Data Analyst,Asthma,110197
3653,Walter Bell,walter.bell2@hotmail.com,(231) 459-4568,38,75262,Male,Software Engineer,Depression,123763
3654,Jacob Webster,jacob.webster34@hotmail.com,(951) 463-1879,52,94139,Male,Lawyer,No Condition,129893
3655,Kent Rich,kent.rich95@gmail.com,(430) 230-4233,66,60684,Male,Data Analyst,Hypertension,87600
3656,Michael Warren,michael.warren92@gmail.com,(819) 602-5092,42,10086,Male,Chef,Depression,42436
3657,Alan Smith,alan.smith15@yahoo.com,(838) 666-8470,34,60684,Male,Chef,Arthritis,46139
3658,Marissa Price,marissa.price8@hotmail.com,(727) 578-9663,71,94138,Female,Cashier,Diabetes,33482
3659,Jonathan Kelly,jonathan.kelly22@yahoo.com,(838) 088-2330,18,10082,Male,Graphic Designer,No Condition,44310
3660,Allen Franklin,allen.franklin65@hotmail.com,(982) 477-0751,18,60666,Male,Marketing Manager,No Condition,76963
3661,Michael Foster,michael.foster75@gmail.com,(909) 863-6782,58,33143,Male,Data Analyst,Heart Disease,89049
3662,Matthew Jones,matthew.jones7@yahoo.com,(289) 600-6688,46,94192,Male,Teacher,No Condition,63559
3663,Shaun Moore,shaun.moore39@hotmail.com,(904) 252-8465,35,75241,Male,Graphic Designer,Arthritis,58389
3664,Tanya Henderson,tanya.henderson15@gmail.com,(879) 224-1997,44,98186,Female,Software Engineer,Arthritis,69035
3665,Alejandra Martinez,alejandra.martinez87@hotmail.com,(508) 348-0985,43,75256,Female,Nurse,Cancer,73170
3666,David Schmidt,david.schmidt92@yahoo.com,(689) 048-3346,46,98118,Male,Chef,No Condition,49986
3667,Kimberly Hardin,kimberly.hardin20@yahoo.com,(726) 021-3180,45,10086,Female,Graphic Designer,Depression,74722
3668,Michael Adkins,michael.adkins56@yahoo.com,(940) 599-7430,33,33143,Male,Chef,No Condition,42819
3669,Kathleen Peters,kathleen.peters40@hotmail.com,(737) 825-3712,41,33143,Female,Software Engineer,No Condition,114391
3670,Nancy Baxter,nancy.baxter4@hotmail.com,(470) 415-5781,54,75262,Female,Marketing Manager,Hypertension,122724
3671,Mark Gonzales,mark.gonzales85@hotmail.com,(814) 217-5624,30,10086,Male,Teacher,Asthma,54850
3672,Kristopher Hill,kristopher.hill9@hotmail.com,(143) 317-8273,31,33143,Male,Chef,No Condition,51718
3673,Heather Shields,heather.shields56@yahoo.com,(566) 208-4078,43,10053,Female,Accountant,Hypertension,69468
3674,Michelle Morales,michelle.morales6@gmail.com,(815) 774-6621,21,60636,Female,Electrician,No Condition,74404
3675,Jorge Stewart,jorge.stewart25@yahoo.com,(752) 554-2458,56,60627,Male,Lawyer,No Condition,86360
3676,Jennifer Thompson,jennifer.thompson52@gmail.com,(599) 072-2679,23,75241,Female,Accountant,No Condition,86269
3677,Andrew Wade,andrew.wade73@gmail.com,(754) 138-2738,54,33143,Male,Graphic Designer,No Condition,56155
3678,Michael Fox,michael.fox58@gmail.com,(692) 389-8622,43,75290,Male,Graphic Designer,Arthritis,44954
3679,Matthew King,matthew.king34@hotmail.com,(686) 296-6103,45,75256,Male,Data Analyst,No Condition,88972
3680,James Crawford,james.crawford21@hotmail.com,(380) 843-7149,37,98118,Male,Data Analyst,No Condition,64710
3681,Jason Castillo,jason.castillo90@hotmail.com,(550) 600-1266,47,33143,Male,Marketing Manager,No Condition,103742
3682,Savannah Fields,savannah.fields31@gmail.com,(196) 149-0910,49,10084,Female,Teacher,No Condition,64703
3683,Kyle Jordan,kyle.jordan37@yahoo.com,(895) 454-3001,45,98118,Male,Electrician,Arthritis,60025
3684,Stephen Booth,stephen.booth24@yahoo.com,(927) 420-5225,43,75241,Male,Chef,No Condition,52279
3685,Laura Peck,laura.peck15@yahoo.com,(730) 732-1665,41,33143,Female,Cashier,No Condition,30025
3686,Laura Rodriguez,laura.rodriguez25@hotmail.com,(570) 861-1713,45,75262,Female,Accountant,No Condition,95481
3687,April Thomas,april.thomas17@gmail.com,(506) 422-7643,55,75241,Female,Physician,Asthma,270279
3688,Sandra Lucas,sandra.lucas89@hotmail.com,(865) 265-0534,40,98197,Female,Software Engineer,Arthritis,120689
3689,Stephen Powers,stephen.powers63@yahoo.com,(411) 602-8595,74,98118,Male,Data Analyst,Heart Disease,95938
3690,Mitchell Haas,mitchell.haas43@hotmail.com,(387) 559-8759,70,33143,Male,Graphic Designer,Arthritis,71169
3691,Amy Cummings,amy.cummings94@hotmail.com,(555) 282-3016,18,75241,Female,Lawyer,No Condition,113025
3692,Nicholas Smith,nicholas.smith89@hotmail.com,(432) 977-4443,61,10041,Male,Cashier,Depression,38123
3693,Reginald Hester,reginald.hester35@hotmail.com,(845) 786-7404,41,10041,Male,Lawyer,No Condition,155014
3694,Terri Anderson,terri.anderson24@hotmail.com,(164) 972-8341,42,94138,Female,Accountant,Diabetes,79383
3695,Jason Burton,jason.burton25@hotmail.com,(310) 099-7844,63,60677,Male,Marketing Manager,No Condition,93566
3696,Louis Martin,louis.martin66@hotmail.com,(731) 642-1282,88,10082,Male,Graphic Designer,Diabetes,84786
3697,Henry Bailey,henry.bailey64@hotmail.com,(670) 248-9105,42,75215,Male,Graphic Designer,No Condition,60566
3698,Julie Berry,julie.berry1@gmail.com,(358) 434-5651,54,10049,Female,Nurse,Cancer,99533
3699,Wendy Walker,wendy.walker9@gmail.com,(244) 070-8063,43,75256,Female,Marketing Manager,Hypertension,85813
3700,Teresa Allen,teresa.allen63@yahoo.com,(194) 357-8459,33,33143,Female,Physician,Arthritis,223382
3701,Patrick Clark,patrick.clark48@hotmail.com,(512) 821-1126,49,75241,Male,Data Analyst,Arthritis,68022
3702,Marcia Davis,marcia.davis69@hotmail.com,(481) 544-7889,53,10041,Female,Teacher,No Condition,60578
3703,Pamela Reid,pamela.reid63@yahoo.com,(107) 050-7095,28,75215,Female,Software Engineer,No Condition,109194
3704,Mark Cantu,mark.cantu49@yahoo.com,(632) 762-4326,31,75215,Male,Accountant,Cancer,56955
3705,Jody Smith,jody.smith73@yahoo.com,(498) 047-0789,50,75262,Female,Nurse,Heart Disease,94136
3706,Jessica Middleton,jessica.middleton94@yahoo.com,(775) 239-9963,27,75241,Female,Lawyer,Asthma,172609
3707,Keith Rodriguez,keith.rodriguez15@hotmail.com,(645) 441-9838,33,10053,Male,Electrician,Cancer,55890
3708,Jesse Higgins,jesse.higgins46@hotmail.com,(628) 262-9016,55,10041,Male,Lawyer,Asthma,198013
3709,Ashley Morrison,ashley.morrison27@hotmail.com,(652) 747-8715,28,75215,Female,Physician,Depression,234953
3710,Nicholas Lee,nicholas.lee53@gmail.com,(717) 931-3475,38,60627,Male,Teacher,Heart Disease,70209
3711,Sheryl Jensen,sheryl.jensen54@yahoo.com,(117) 650-2100,55,33167,Female,Software Engineer,Hypertension,87296
3712,Carolyn Rice,carolyn.rice95@yahoo.com,(399) 587-0051,63,60636,Female,Data Analyst,Hypertension,83525
3713,Terri Perez,terri.perez93@hotmail.com,(706) 319-0537,24,98158,Female,Teacher,Asthma,52225
3714,William Clark,william.clark51@hotmail.com,(787) 927-4622,31,94131,Male,Cashier,Cancer,25747
3715,Susan Rhodes,susan.rhodes71@yahoo.com,(853) 115-2438,30,98158,Female,Marketing Manager,Heart Disease,82571
3716,Cesar Douglas,cesar.douglas81@yahoo.com,(557) 931-4449,52,75262,Male,Chef,Diabetes,49999
3717,Robert Lloyd,robert.lloyd73@hotmail.com,(996) 459-6243,37,98118,Male,Electrician,Hypertension,62126
3718,Diana Church,diana.church52@hotmail.com,(627) 715-7368,26,60666,Female,Accountant,No Condition,76742
3719,Abigail Wallace,abigail.wallace82@yahoo.com,(918) 251-1031,21,94179,Female,Accountant,Asthma,76398
3720,Jeffrey Anderson,jeffrey.anderson27@gmail.com,(275) 914-4566,46,75256,Male,Chef,No Condition,51705
3721,Lisa Shaffer,lisa.shaffer97@hotmail.com,(176) 015-0434,18,75262,Female,Data Analyst,Arthritis,61802
3722,Randy Smith,randy.smith15@gmail.com,(765) 576-4756,36,60636,Male,Electrician,Asthma,46518
3723,Jack Ellis,jack.ellis82@gmail.com,(729) 774-1050,35,60613,Male,Cashier,No Condition,31122
3724,Kelly Mendez,kelly.mendez59@hotmail.com,(523) 309-4621,24,60636,Female,Software Engineer,No Condition,134404
3725,Michael Fields,michael.fields14@yahoo.com,(516) 537-3053,39,10041,Male,Cashier,Hypertension,24221
3726,Frederick Carlson,frederick.carlson78@yahoo.com,(281) 629-3096,37,10082,Non-binary,Software Engineer,Hypertension,90515
3727,Guy Brown,guy.brown53@gmail.com,(806) 616-9036,37,75262,Male,Marketing Manager,Depression,92884
3728,Amy Johnston,amy.johnston56@yahoo.com,(211) 797-7963,37,60627,Female,Software Engineer,Hypertension,90890
3729,Kristopher Irwin,kristopher.irwin56@yahoo.com,(770) 996-0874,49,60684,Male,Teacher,No Condition,58570
3730,Samantha Roy,samantha.roy27@gmail.com,(898) 308-7884,47,60684,Female,Graphic Designer,Diabetes,80732
3731,Jodi Hart,jodi.hart10@hotmail.com,(782) 437-5968,59,94138,Female,Nurse,Asthma,68201
3732,Joshua Jordan,joshua.jordan20@gmail.com,(274) 823-0097,42,33143,Male,Accountant,No Condition,61312
3733,Stephanie Scott,stephanie.scott89@yahoo.com,(295) 013-3672,36,75262,Female,Teacher,No Condition,62088
3734,Austin Murphy,austin.murphy84@yahoo.com,(781) 408-2824,29,60681,Male,Nurse,No Condition,74740
3735,Elizabeth Lynch,elizabeth.lynch76@gmail.com,(437) 165-0942,60,60613,Female,Cashier,Arthritis,31842
3736,Donna Brooks,donna.brooks33@hotmail.com,(663) 781-3191,54,10053,Non-binary,Accountant,Depression,61522
3737,Ashley Acosta,ashley.acosta45@hotmail.com,(536) 900-4790,48,60613,Female,Nurse,Hypertension,80160
3738,Jeffrey Torres,jeffrey.torres79@hotmail.com,(540) 581-5193,19,10082,Male,Teacher,No Condition,59871
3739,Terry Simpson,terry.simpson97@hotmail.com,(911) 926-8900,23,75241,Male,Graphic Designer,No Condition,57187
3740,Ryan Simmons,ryan.simmons74@hotmail.com,(706) 814-4166,31,60613,Male,Chef,Depression,60965
3741,Brendan Woods,brendan.woods92@yahoo.com,(129) 420-6708,47,33141,Male,Cashier,Cancer,35920
3742,Gloria Stone,gloria.stone73@yahoo.com,(682) 404-9779,18,60636,Female,Software Engineer,Diabetes,101353
3743,Michael Thompson,michael.thompson87@gmail.com,(203) 031-5186,46,10086,Male,Cashier,No Condition,33529
3744,Jermaine Lawrence,jermaine.lawrence98@hotmail.com,(262) 249-4764,56,98118,Male,Software Engineer,Diabetes,127051
3745,Lisa Lawrence,lisa.lawrence22@yahoo.com,(183) 251-9901,33,98193,Female,Teacher,Asthma,43746
3746,Brandy Callahan,brandy.callahan9@yahoo.com,(133) 492-2777,48,94131,Female,Electrician,Asthma,63792
3747,Joseph Ray,joseph.ray16@hotmail.com,(426) 823-9554,82,94139,Male,Nurse,Cancer,85045
3748,Melissa Scott,melissa.scott24@gmail.com,(713) 801-1557,41,75262,Female,Lawyer,Diabetes,94040
3749,Lance Osborne,lance.osborne33@hotmail.com,(451) 398-5532,22,10086,Male,Accountant,No Condition,66682
3750,John Smith,john.smith54@gmail.com,(497) 317-5252,31,33141,Male,Data Analyst,No Condition,65913
3751,Bridget Young,bridget.young69@hotmail.com,(721) 395-7965,46,60684,Female,Software Engineer,Asthma,93674
3752,Christopher Smith,christopher.smith50@gmail.com,(135) 006-4558,18,98186,Male,Data Analyst,Asthma,69069
3753,Zachary Torres,zachary.torres83@hotmail.com,(329) 407-8286,40,75262,Male,Teacher,No Condition,61502
3754,Holly Reed,holly.reed93@yahoo.com,(829) 370-6258,37,10082,Female,Graphic Designer,No Condition,59071
3755,Nathaniel James,nathaniel.james28@hotmail.com,(205) 582-2623,45,60613,Male,Graphic Designer,No Condition,58671
3756,Valerie Chaney,valerie.chaney81@yahoo.com,(501) 153-2703,27,94131,Female,Teacher,Asthma,32106
3757,Randall Calderon,randall.calderon18@yahoo.com,(277) 568-8637,36,75215,Male,Physician,Arthritis,248343
3758,Cynthia Gonzales,cynthia.gonzales15@hotmail.com,(398) 708-0538,64,33167,Female,Nurse,No Condition,121895
3759,Joshua Aguilar,joshua.aguilar71@hotmail.com,(412) 239-6575,57,75290,Male,Teacher,Cancer,63615
3760,Olivia Tucker,olivia.tucker30@yahoo.com,(344) 512-5622,18,60684,Female,Data Analyst,No Condition,74536
3761,Alexandria Oconnell,alexandria.oconnell61@hotmail.com,(234) 644-2996,47,10086,Female,Accountant,No Condition,92200
3762,Jason Brown,jason.brown26@gmail.com,(586) 069-9399,66,60684,Non-binary,Cashier,Arthritis,35146
3763,Gerald Johnson,gerald.johnson42@yahoo.com,(983) 829-2162,48,10041,Male,Chef,No Condition,43795
3764,Zoe Gray,zoe.gray19@yahoo.com,(427) 857-1036,29,10053,Female,Marketing Manager,Depression,86632
3765,Madison Ward,madison.ward73@hotmail.com,(256) 250-9694,26,60684,Female,Electrician,Asthma,72793
3766,Charles Flores,charles.flores25@hotmail.com,(188) 990-8886,32,10006,Male,Chef,Heart Disease,39002
3767,Kelly Davis,kelly.davis91@gmail.com,(771) 492-3603,58,98118,Female,Lawyer,Hypertension,228758
3768,Kayla Romero,kayla.romero11@yahoo.com,(488) 444-3721,75,75241,Female,Nurse,Heart Disease,101064
3769,Christopher Trevino,christopher.trevino25@hotmail.com,(977) 638-3191,66,10041,Male,Nurse,Hypertension,94668
3770,Amy Torres,amy.torres65@hotmail.com,(943) 097-9756,30,94131,Female,Graphic Designer,No Condition,59166
3771,Mike Green,mike.green31@gmail.com,(381) 801-8747,58,94139,Male,Graphic Designer,Cancer,65117
3772,Linda Reeves,linda.reeves90@hotmail.com,(731) 126-5974,38,75241,Female,Physician,No Condition,283244
3773,Adam Brown,adam.brown1@hotmail.com,(531) 217-8170,33,98118,Male,Nurse,No Condition,64582
3774,Cassandra Sanchez,cassandra.sanchez73@gmail.com,(375) 888-1185,48,75215,Female,Nurse,No Condition,70716
3775,Allison Robinson,allison.robinson6@yahoo.com,(216) 527-2618,57,60684,Female,Electrician,No Condition,70256
3776,Alexandra Cooper,alexandra.cooper15@gmail.com,(700) 179-2513,53,94138,Female,Electrician,Asthma,62308
3777,Sharon Jackson,sharon.jackson77@gmail.com,(980) 137-0209,25,10040,Female,Software Engineer,No Condition,93175
3778,Stephen Davis,stephen.davis9@hotmail.com,(740) 146-9613,73,75215,Male,Software Engineer,No Condition,154758
3779,Andrew Marshall,andrew.marshall98@gmail.com,(772) 045-0980,35,10086,Male,Lawyer,Hypertension,160839
3780,Nancy Kemp,nancy.kemp97@hotmail.com,(753) 335-0162,48,75215,Female,Accountant,Hypertension,66129
3781,Carlos Mccann,carlos.mccann26@gmail.com,(249) 461-7305,26,10040,Male,Software Engineer,Heart Disease,119004
3782,Robert Meza,robert.meza1@gmail.com,(333) 209-6730,47,75262,Male,Teacher,Hypertension,61264
3783,Elaine Smith,elaine.smith25@yahoo.com,(113) 596-6533,47,33167,Female,Software Engineer,No Condition,101378
3784,Courtney Reyes,courtney.reyes16@hotmail.com,(685) 743-3919,39,75215,Female,Cashier,Cancer,36159
3785,Shelley Smith,shelley.smith54@gmail.com,(108) 416-2675,18,60627,Female,Chef,No Condition,41062
3786,Anna Collins,anna.collins27@hotmail.com,(531) 465-0039,70,10041,Female,Marketing Manager,Hypertension,90238
3787,Patricia Mckee,patricia.mckee78@yahoo.com,(258) 464-2018,40,98158,Female,Accountant,Depression,71134
3788,Phillip Melendez,phillip.melendez62@gmail.com,(923) 201-6519,49,98158,Male,Cashier,No Condition,34030
3789,Joshua Munoz,joshua.munoz77@yahoo.com,(309) 175-0751,44,33143,Male,Data Analyst,Arthritis,80647
3790,Peter Berger,peter.berger1@yahoo.com,(550) 461-6228,32,94179,Non-binary,Electrician,No Condition,62529
3791,Wendy Quinn,wendy.quinn4@hotmail.com,(165) 688-7202,40,60666,Female,Data Analyst,No Condition,60325
3792,David Booker,david.booker67@hotmail.com,(771) 036-5347,41,75241,Male,Software Engineer,Depression,89247
3793,Nicole Davis,nicole.davis59@yahoo.com,(527) 197-4531,46,60622,Female,Cashier,Heart Disease,29412
3794,Heidi Richardson,heidi.richardson47@gmail.com,(580) 029-0695,34,10041,Female,Physician,Asthma,238751
3795,John Dickson,john.dickson8@yahoo.com,(142) 729-4361,30,94131,Male,Lawyer,No Condition,158033
3796,Troy Bishop,troy.bishop8@hotmail.com,(582) 450-8146,37,75241,Male,Teacher,Arthritis,69552
3797,Jeremy Hernandez,jeremy.hernandez47@gmail.com,(360) 741-7060,41,75241,Male,Nurse,Hypertension,65720
3798,Christopher Jackson,christopher.jackson35@yahoo.com,(931) 341-7622,43,98101,Male,Nurse,No Condition,94682
3799,Alfred Johnston,alfred.johnston64@yahoo.com,(117) 540-1637,29,10082,Male,Data Analyst,No Condition,95715
3800,Gregory Dunn,gregory.dunn84@hotmail.com,(728) 173-9339,49,98101,Male,Data Analyst,No Condition,76899
3801,Luke Mckee,luke.mckee55@gmail.com,(782) 965-6120,61,33143,Male,Teacher,Cancer,44927
3802,Dominique Ramirez,dominique.ramirez53@yahoo.com,(176) 478-5625,55,10086,Female,Electrician,Depression,70159
3803,Kristen Dorsey,kristen.dorsey21@gmail.com,(114) 399-9257,65,60666,Female,Nurse,No Condition,94019
3804,Spencer Riley,spencer.riley16@gmail.com,(586) 102-8551,34,75215,Male,Cashier,No Condition,42909
3805,David Lowe,david.lowe65@gmail.com,(255) 203-2865,43,94131,Male,Software Engineer,No Condition,77166
3806,Kimberly Oconnell,kimberly.oconnell82@hotmail.com,(480) 528-3905,46,98158,Female,Teacher,Depression,48436
3807,Adrian Hamilton,adrian.hamilton87@gmail.com,(208) 303-8840,23,60636,Male,Nurse,No Condition,92680
3808,Oscar Walsh,oscar.walsh53@yahoo.com,(869) 219-1050,28,10041,Male,Physician,Depression,198154
3809,Sierra Lane,sierra.lane63@gmail.com,(295) 744-5406,23,94145,Female,Accountant,No Condition,80825
3810,Stacy Wright,stacy.wright14@yahoo.com,(767) 384-3155,32,33143,Female,Lawyer,Depression,127314
3811,Kathleen Franklin,kathleen.franklin89@hotmail.com,(879) 296-2632,26,94192,Female,Teacher,No Condition,45424
3812,Colleen Richmond,colleen.richmond78@gmail.com,(770) 391-9056,39,60613,Female,Accountant,No Condition,53716
3813,Phillip Vega,phillip.vega42@gmail.com,(441) 343-0768,18,60684,Male,Cashier,No Condition,28925
3814,Chris Ray,chris.ray13@hotmail.com,(276) 816-0519,36,75262,Male,Chef,Heart Disease,47659
3815,John Smith,john.smith9@hotmail.com,(442) 363-7437,51,75256,Male,Marketing Manager,Hypertension,85473
3816,Joseph Jones,joseph.jones89@gmail.com,(784) 341-3571,44,94131,Male,Graphic Designer,Diabetes,71293
3817,Nicole Thomas,nicole.thomas58@gmail.com,(511) 476-2073,64,94138,Female,Accountant,No Condition,60726
3818,Joel Olson,joel.olson3@gmail.com,(454) 145-5647,23,75262,Male,Data Analyst,Depression,65343
3819,Austin Davis,austin.davis95@yahoo.com,(188) 592-6637,39,60613,Male,Physician,Hypertension,242694
3820,Adam Oneill,adam.oneill13@hotmail.com,(694) 383-0148,51,60613,Male,Data Analyst,Cancer,87072
3821,Kara Fitzgerald,kara.fitzgerald57@gmail.com,(965) 608-8041,64,10041,Female,Teacher,Cancer,60132
3822,Melinda Johnson,melinda.johnson62@hotmail.com,(224) 462-8826,60,98158,Female,Teacher,No Condition,60092
3823,John Baker,john.baker13@yahoo.com,(408) 736-3149,18,60636,Male,Data Analyst,No Condition,73102
3824,Michael Black,michael.black60@gmail.com,(172) 293-8045,68,75262,Male,Graphic Designer,Heart Disease,84032
3825,Marie Smith,marie.smith65@hotmail.com,(783) 491-1647,29,94145,Female,Electrician,No Condition,52370
3826,Dawn Lopez,dawn.lopez3@yahoo.com,(338) 681-3372,18,10053,Female,Electrician,Depression,46772
3827,Madison Pacheco,madison.pacheco38@hotmail.com,(918) 155-3925,48,10041,Female,Lawyer,Cancer,159865
3828,Joseph Johnson,joseph.johnson20@gmail.com,(913) 671-6033,49,98101,Male,Marketing Manager,No Condition,95873
3829,Eric Sloan,eric.sloan8@yahoo.com,(187) 602-8749,44,10082,Male,Cashier,No Condition,35478
3830,John Gutierrez,john.gutierrez16@hotmail.com,(248) 810-5039,51,98124,Male,Teacher,Arthritis,60272
3831,Jennifer Herrera,jennifer.herrera96@gmail.com,(488) 379-3985,50,98158,Female,Nurse,Diabetes,90272
3832,Todd Cowan,todd.cowan71@hotmail.com,(422) 781-4695,74,75262,Male,Lawyer,Heart Disease,141937
3833,Linda Sanchez,linda.sanchez29@yahoo.com,(998) 232-0724,56,10006,Female,Teacher,Depression,74923
3834,Jennifer Heath,jennifer.heath92@gmail.com,(256) 230-6780,44,75262,Female,Electrician,No Condition,62414
3835,Meghan Ramirez,meghan.ramirez78@yahoo.com,(801) 412-8044,37,10041,Female,Software Engineer,Hypertension,137749
3836,Ashley Rollins,ashley.rollins76@gmail.com,(908) 362-4874,28,75290,Female,Software Engineer,Asthma,106895
3837,Erin Lopez,erin.lopez57@yahoo.com,(788) 617-3277,21,98101,Female,Graphic Designer,No Condition,52778
3838,Alexander Perry,alexander.perry69@gmail.com,(795) 136-8990,43,94138,Male,Data Analyst,Arthritis,82207
3839,Ian Wells,ian.wells80@gmail.com,(869) 843-6633,46,75241,Male,Software Engineer,Asthma,156989
3840,Patrick Wall,patrick.wall78@yahoo.com,(818) 453-5777,41,10041,Male,Cashier,Hypertension,33894
3841,Stacy Cox,stacy.cox33@gmail.com,(494) 583-6188,18,75256,Female,Software Engineer,Depression,109587
3842,Jeremiah Collins,jeremiah.collins43@hotmail.com,(623) 960-4244,35,60666,Male,Software Engineer,Hypertension,72579
3843,Aaron Bell,aaron.bell61@yahoo.com,(970) 217-8295,50,94131,Male,Lawyer,No Condition,86416
3844,Kimberly Jones,kimberly.jones16@yahoo.com,(110) 376-3294,63,94131,Female,Graphic Designer,Diabetes,58863
3845,Courtney Sparks,courtney.sparks32@hotmail.com,(904) 374-1269,53,94131,Female,Data Analyst,Diabetes,72092
3846,Teresa Hunt,teresa.hunt9@yahoo.com,(855) 108-6199,32,75247,Female,Teacher,Depression,66987
3847,Thomas Smith,thomas.smith93@yahoo.com,(183) 931-3294,68,10040,Male,Accountant,Arthritis,68894
3848,Christopher Ruiz,christopher.ruiz12@yahoo.com,(694) 250-1657,59,98158,Male,Accountant,No Condition,73924
3849,Holly Wells,holly.wells56@hotmail.com,(763) 281-0705,18,75262,Female,Cashier,Asthma,38912
3850,Amy Small,amy.small49@yahoo.com,(173) 841-0960,43,94131,Female,Teacher,No Condition,64016
3851,Nicole Reilly,nicole.reilly82@gmail.com,(361) 531-7660,46,94192,Female,Chef,Depression,56918
3852,Elaine Steele,elaine.steele39@yahoo.com,(797) 918-1433,39,75262,Female,Chef,Arthritis,48921
3853,Sean Hester,sean.hester35@yahoo.com,(575) 546-0683,42,75247,Male,Lawyer,Hypertension,92148
3854,Patricia White,patricia.white90@gmail.com,(753) 388-2499,49,75241,Female,Nurse,Hypertension,101099
3855,Kevin Bennett,kevin.bennett74@gmail.com,(281) 875-8804,40,75241,Male,Teacher,No Condition,65622
3856,Dylan Smith,dylan.smith15@yahoo.com,(234) 874-5126,29,60684,Male,Cashier,Cancer,38437
3857,Terry Hobbs,terry.hobbs11@yahoo.com,(590) 229-3094,54,33143,Male,Software Engineer,Asthma,136576
3858,Daniel Ayers,daniel.ayers31@hotmail.com,(121) 345-5799,46,75241,Male,Lawyer,No Condition,136882
3859,Tamara Alvarez,tamara.alvarez60@yahoo.com,(766) 872-3063,32,94131,Female,Nurse,Asthma,79101
3860,Hannah Boyer,hannah.boyer7@gmail.com,(871) 510-4136,46,33143,Female,Graphic Designer,Depression,61688
3861,Jesus Best,jesus.best72@yahoo.com,(895) 932-2496,41,60627,Male,Graphic Designer,No Condition,69630
3862,Colleen Miller,colleen.miller92@yahoo.com,(575) 579-1209,48,94131,Female,Data Analyst,Arthritis,78178
3863,George Santiago,george.santiago11@gmail.com,(889) 443-8826,36,10053,Male,Accountant,No Condition,72612
3864,Jamie Ramirez,jamie.ramirez31@gmail.com,(736) 674-8868,34,10086,Male,Data Analyst,No Condition,49768
3865,Lance Smith,lance.smith28@yahoo.com,(686) 391-4183,18,75241,Male,Graphic Designer,No Condition,51995
3866,Kevin Reese,kevin.reese56@hotmail.com,(849) 044-4742,49,98158,Male,Electrician,Arthritis,74942
3867,Amy Taylor,amy.taylor32@yahoo.com,(645) 278-6109,42,94138,Female,Software Engineer,Cancer,117540
3868,Dawn Wilcox,dawn.wilcox40@gmail.com,(287) 407-5193,39,75262,Female,Accountant,No Condition,83583
3869,Timothy Reyes,timothy.reyes52@gmail.com,(937) 828-0356,42,98158,Male,Nurse,No Condition,91165
3870,Tiffany Lynch,tiffany.lynch31@gmail.com,(608) 587-7707,36,33143,Female,Software Engineer,Cancer,91216
3871,Alyssa Lee,alyssa.lee95@hotmail.com,(593) 925-6797,31,60636,Female,Software Engineer,Asthma,94208
3872,Raymond Patrick,raymond.patrick22@gmail.com,(817) 718-6266,39,33141,Male,Nurse,Heart Disease,89616
3873,Nicholas Rosales,nicholas.rosales70@yahoo.com,(416) 338-6381,44,60613,Male,Software Engineer,No Condition,104316
3874,Alexandra Gonzalez,alexandra.gonzalez78@hotmail.com,(562) 498-6409,42,33143,Female,Software Engineer,Diabetes,140006
3875,James Diaz,james.diaz75@yahoo.com,(497) 705-3644,53,75215,Male,Cashier,No Condition,35414
3876,Robert Church,robert.church37@hotmail.com,(954) 121-7620,21,60627,Male,Teacher,No Condition,53334
3877,Matthew Abbott,matthew.abbott44@hotmail.com,(128) 934-8280,39,60636,Male,Physician,No Condition,222197
3878,Rachel Lawrence,rachel.lawrence30@gmail.com,(753) 650-4568,43,60613,Female,Cashier,Arthritis,31134
3879,Lisa George,lisa.george66@gmail.com,(119) 233-1524,48,94131,Female,Software Engineer,Cancer,94281
3880,Travis Stafford,travis.stafford69@gmail.com,(757) 584-2768,41,33141,Male,Data Analyst,Hypertension,65764
3881,William Davis,william.davis88@gmail.com,(577) 933-3356,40,10053,Male,Marketing Manager,Asthma,91697
3882,Summer Smith,summer.smith49@hotmail.com,(644) 576-6162,24,10086,Female,Cashier,No Condition,29965
3883,Anthony Perry,anthony.perry4@gmail.com,(703) 184-1732,32,98158,Male,Accountant,Hypertension,72363
3884,Isabella Taylor,isabella.taylor74@yahoo.com,(965) 546-1203,35,98192,Female,Graphic Designer,Arthritis,70387
3885,Diana Irwin,diana.irwin61@yahoo.com,(326) 440-1989,41,75241,Female,Nurse,Diabetes,73883
3886,Michael Dixon,michael.dixon24@hotmail.com,(714) 353-5425,45,75262,Male,Software Engineer,No Condition,91553
3887,Beth Duke,beth.duke60@hotmail.com,(660) 781-3847,30,75215,Female,Chef,Hypertension,43186
3888,Ryan Sanchez,ryan.sanchez39@yahoo.com,(907) 491-8505,36,33119,Male,Marketing Manager,Hypertension,87071
3889,Stephen Taylor,stephen.taylor60@yahoo.com,(705) 546-5120,34,60677,Male,Accountant,Depression,71635
3890,Lisa Stanley,lisa.stanley59@hotmail.com,(361) 195-9737,33,60684,Female,Cashier,No Condition,31963
3891,Garrett Gibbs,garrett.gibbs74@gmail.com,(515) 846-4394,41,10041,Male,Cashier,Heart Disease,28374
3892,Patricia Blake,patricia.blake31@hotmail.com,(605) 400-9231,31,75241,Non-binary,Cashier,Hypertension,22821
3893,Timothy Williams,timothy.williams3@yahoo.com,(487) 305-3900,26,98101,Male,Nurse,Cancer,52168
3894,Olivia Walters,olivia.walters96@hotmail.com,(632) 926-2055,58,60681,Female,Nurse,Asthma,90033
3895,Michael Ayers,michael.ayers35@hotmail.com,(862) 849-7565,39,98101,Male,Lawyer,Arthritis,121330
3896,Joshua Robinson,joshua.robinson22@gmail.com,(693) 994-3109,62,94172,Male,Chef,Hypertension,54752
3897,Angela Ryan,angela.ryan33@hotmail.com,(657) 878-2809,43,75215,Female,Cashier,Depression,29928
3898,John Barber,john.barber72@hotmail.com,(939) 783-0189,40,98158,Male,Software Engineer,No Condition,106927
3899,Jessica Ward,jessica.ward43@hotmail.com,(398) 460-7456,18,94192,Female,Cashier,No Condition,28594
3900,Michael Shelton,michael.shelton96@yahoo.com,(670) 327-1887,57,10082,Male,Cashier,Heart Disease,37018
3901,Kelly Carson,kelly.carson48@gmail.com,(598) 020-7520,36,10006,Female,Nurse,Depression,77897
3902,Jennifer Shannon,jennifer.shannon64@gmail.com,(874) 390-6484,43,75262,Female,Nurse,No Condition,97382
3903,Whitney Lee,whitney.lee26@gmail.com,(802) 444-0731,18,75215,Female,Software Engineer,No Condition,61422
3904,Bobby Weaver,bobby.weaver54@hotmail.com,(201) 120-3672,33,60684,Male,Physician,Arthritis,153261
3905,Nicholas Montgomery,nicholas.montgomery20@hotmail.com,(242) 616-6647,36,60636,Male,Marketing Manager,Asthma,77238
3906,Wendy Burns,wendy.burns50@hotmail.com,(935) 275-6520,26,98124,Female,Software Engineer,Diabetes,112162
3907,David Mckay,david.mckay82@gmail.com,(600) 161-8321,40,75262,Male,Nurse,No Condition,73401
3908,Eric Carroll,eric.carroll39@gmail.com,(907) 416-6430,37,75241,Non-binary,Physician,No Condition,295883
3909,Jamie Pratt,jamie.pratt56@gmail.com,(783) 167-2324,35,60684,Female,Chef,Depression,51587
3910,Russell King,russell.king67@yahoo.com,(471) 060-6067,49,98158,Male,Cashier,Cancer,33523
3911,John Chavez,john.chavez76@hotmail.com,(892) 141-8100,33,75262,Male,Cashier,No Condition,20135
3912,Candace Franklin,candace.franklin75@hotmail.com,(647) 980-1170,39,60677,Female,Graphic Designer,No Condition,53052
3913,Pamela Nelson,pamela.nelson7@hotmail.com,(465) 857-5790,42,98118,Female,Electrician,Heart Disease,67812
3914,Renee Walker,renee.walker66@hotmail.com,(475) 947-9109,49,33141,Female,Software Engineer,Diabetes,105301
3915,Natalie David,natalie.david94@hotmail.com,(548) 652-3080,34,94138,Female,Cashier,Diabetes,21160
3916,Emily Lewis,emily.lewis45@yahoo.com,(130) 498-2070,33,33143,Female,Chef,No Condition,56988
3917,Alexander Long,alexander.long26@yahoo.com,(255) 475-3964,36,75241,Male,Graphic Designer,No Condition,73618
3918,Travis Clark,travis.clark72@gmail.com,(951) 172-3035,35,75241,Male,Accountant,No Condition,62743
3919,Christopher Wells,christopher.wells71@gmail.com,(963) 308-0480,56,75262,Male,Nurse,Hypertension,83422
3920,Stephen Robertson,stephen.robertson63@yahoo.com,(111) 258-0443,51,98158,Male,Chef,Hypertension,63964
3921,Jennifer Flores,jennifer.flores74@yahoo.com,(272) 112-7168,42,10086,Female,Accountant,No Condition,67680
3922,April Schmidt,april.schmidt80@gmail.com,(776) 635-2152,39,75290,Female,Marketing Manager,No Condition,80657
3923,Karen Clayton,karen.clayton1@yahoo.com,(711) 070-6868,39,94138,Female,Electrician,No Condition,53998
3924,Donald Gay,donald.gay55@yahoo.com,(614) 735-9468,32,94138,Male,Nurse,No Condition,70866
3925,Cheryl Owens,cheryl.owens36@gmail.com,(852) 577-6899,44,94179,Female,Software Engineer,Depression,167040
3926,Mitchell Shepherd,mitchell.shepherd78@gmail.com,(895) 166-0323,21,33130,Male,Software Engineer,Depression,110286
3927,Patrick Johnson,patrick.johnson16@yahoo.com,(709) 507-1519,53,75215,Male,Graphic Designer,Cancer,76749
3928,Nicholas Welch,nicholas.welch91@gmail.com,(723) 047-7259,49,33143,Male,Data Analyst,Hypertension,103117
3929,Bernard Davis,bernard.davis39@hotmail.com,(195) 338-4162,41,60613,Male,Data Analyst,Depression,72312
3930,Jessica Kelley,jessica.kelley57@hotmail.com,(115) 660-3098,45,75241,Female,Nurse,Diabetes,80855
3931,Gregory Miller,gregory.miller62@hotmail.com,(734) 349-3635,51,33143,Male,Teacher,Arthritis,81165
3932,Joseph Schwartz,joseph.schwartz86@hotmail.com,(277) 934-7244,49,75241,Male,Data Analyst,Asthma,90027
3933,Michael Ford,michael.ford37@gmail.com,(818) 743-0964,30,94131,Male,Chef,No Condition,48887
3934,Elizabeth Morrison,elizabeth.morrison13@gmail.com,(326) 834-8709,57,60677,Female,Marketing Manager,Hypertension,125929
3935,Kevin Rogers,kevin.rogers31@yahoo.com,(328) 908-4548,43,60622,Male,Electrician,No Condition,70500
3936,James Kim,james.kim67@gmail.com,(731) 258-1287,41,75256,Male,Nurse,Arthritis,90392
3937,Victoria Walker,victoria.walker59@gmail.com,(341) 974-4765,32,10053,Female,Nurse,Cancer,85955
3938,Samuel Anderson,samuel.anderson68@yahoo.com,(896) 851-6921,25,98186,Male,Chef,No Condition,54515
3939,Jacqueline Murray,jacqueline.murray28@gmail.com,(152) 845-4705,42,60613,Female,Electrician,Diabetes,55754
3940,Lori Gomez,lori.gomez28@yahoo.com,(845) 807-6648,43,98101,Female,Chef,Diabetes,51788
3941,Kelly Wilson,kelly.wilson23@hotmail.com,(431) 276-0783,55,98193,Female,Accountant,Hypertension,71338
3942,Gregory Mitchell,gregory.mitchell55@gmail.com,(124) 524-8816,45,33167,Male,Teacher,Hypertension,60347
3943,Matthew Hobbs,matthew.hobbs12@gmail.com,(241) 765-4614,55,94131,Male,Data Analyst,Arthritis,77078
3944,Brian Cannon,brian.cannon68@hotmail.com,(910) 147-3912,41,75241,Male,Data Analyst,No Condition,86448
3945,Sabrina Young,sabrina.young89@yahoo.com,(284) 480-1277,45,60622,Female,Lawyer,Hypertension,107042
3946,Brandy Ramos,brandy.ramos78@yahoo.com,(215) 685-3909,73,60677,Female,Accountant,Depression,73522
3947,Michael Campbell,michael.campbell61@yahoo.com,(394) 080-3089,50,10006,Male,Electrician,No Condition,67047
3948,Christopher Reid,christopher.reid1@yahoo.com,(341) 996-5840,37,33143,Male,Nurse,Diabetes,90141
3949,Michael Sanchez,michael.sanchez18@yahoo.com,(145) 265-8728,32,60681,Male,Teacher,No Condition,60696
3950,Timothy Young,timothy.young3@yahoo.com,(956) 260-0805,61,98193,Male,Accountant,No Condition,73323
3951,Allison Melton,allison.melton98@hotmail.com,(888) 003-0053,68,60627,Female,Teacher,No Condition,49366
3952,Kimberly Payne,kimberly.payne59@yahoo.com,(187) 220-3071,37,75256,Female,Data Analyst,Hypertension,69263
3953,William Daniels,william.daniels83@yahoo.com,(292) 239-7662,45,60662,Male,Teacher,No Condition,46870
3954,Holly Jones,holly.jones36@hotmail.com,(319) 807-0272,82,75262,Female,Lawyer,No Condition,181485
3955,Sandra Neal,sandra.neal17@yahoo.com,(328) 635-8349,30,60684,Female,Nurse,No Condition,74431
3956,Michael Myers,michael.myers82@hotmail.com,(198) 749-5591,45,94131,Male,Nurse,No Condition,98804
3957,Leon Wise,leon.wise38@hotmail.com,(933) 558-8572,26,33119,Male,Software Engineer,Depression,80987
3958,Matthew Baker,matthew.baker20@hotmail.com,(638) 916-1905,43,33143,Male,Lawyer,Diabetes,156928
3959,Tyler Peters,tyler.peters53@yahoo.com,(130) 296-1499,75,94179,Male,Nurse,Hypertension,91912
3960,William Hutchinson,william.hutchinson1@hotmail.com,(841) 679-5202,59,60613,Male,Nurse,Arthritis,102791
3961,Linda Hendricks,linda.hendricks71@hotmail.com,(214) 548-1189,56,75262,Female,Nurse,Diabetes,80355
3962,Kara Martin,kara.martin13@yahoo.com,(158) 487-4940,26,98193,Female,Teacher,No Condition,59337
3963,Laura Thompson,laura.thompson12@gmail.com,(188) 658-0720,43,94138,Female,Data Analyst,Depression,87667
3964,Kristin Stanley,kristin.stanley31@yahoo.com,(670) 197-4357,23,60684,Female,Nurse,No Condition,85127
3965,Melissa Sandoval,melissa.sandoval76@hotmail.com,(725) 556-8084,41,10041,Female,Accountant,No Condition,67211
3966,Robert Daniel,robert.daniel19@gmail.com,(315) 812-3624,63,75290,Male,Graphic Designer,Hypertension,57531
3967,Edward Brewer,edward.brewer80@hotmail.com,(747) 002-5190,40,33143,Male,Electrician,No Condition,71252
3968,Steven West,steven.west77@gmail.com,(544) 609-5772,43,94131,Male,Software Engineer,Asthma,115111
3969,Kim Washington,kim.washington64@yahoo.com,(163) 083-5728,38,75262,Female,Cashier,Asthma,20000
3970,Theresa Davis,theresa.davis93@hotmail.com,(100) 634-7418,38,75290,Female,Nurse,No Condition,68025
3971,Sally Preston,sally.preston90@gmail.com,(802) 230-5975,40,60613,Female,Cashier,No Condition,37756
3972,David Riggs,david.riggs67@yahoo.com,(682) 876-5755,18,10041,Male,Teacher,No Condition,49901
3973,Brenda Hicks,brenda.hicks73@hotmail.com,(856) 850-6648,50,75215,Female,Teacher,Hypertension,52617
3974,Kelly Barrett,kelly.barrett49@yahoo.com,(687) 130-0025,29,75262,Female,Data Analyst,No Condition,73408
3975,Debbie Davidson,debbie.davidson70@yahoo.com,(533) 479-8529,51,75241,Female,Accountant,Depression,74923
3976,Mark Daugherty,mark.daugherty24@yahoo.com,(747) 041-4505,35,94138,Male,Electrician,No Condition,53737
3977,Christy Gonzalez,christy.gonzalez48@gmail.com,(269) 511-8196,32,75241,Female,Software Engineer,No Condition,124067
3978,Christina Newman,christina.newman91@yahoo.com,(295) 594-2298,50,98158,Female,Data Analyst,Cancer,87151
3979,Maurice Sanchez,maurice.sanchez46@hotmail.com,(924) 199-7711,36,98158,Male,Nurse,No Condition,75513
3980,Abigail Rodriguez,abigail.rodriguez3@hotmail.com,(167) 743-6048,33,33143,Female,Accountant,Asthma,61145
3981,Sharon Meyer,sharon.meyer24@hotmail.com,(527) 143-6947,46,60622,Female,Accountant,No Condition,88634
3982,Zachary Harris,zachary.harris48@hotmail.com,(247) 688-9386,41,60636,Male,Electrician,No Condition,67061
3983,Jeanne Mclaughlin,jeanne.mclaughlin83@hotmail.com,(587) 764-5808,23,33130,Female,Accountant,No Condition,67724
3984,Colin Clarke,colin.clarke2@yahoo.com,(252) 179-0053,65,98158,Male,Lawyer,Cancer,154885
3985,Chad Barnes,chad.barnes27@yahoo.com,(657) 402-8459,18,60681,Male,Chef,Depression,30021
3986,Kimberly Schmitt,kimberly.schmitt52@yahoo.com,(269) 559-1268,42,75215,Female,Software Engineer,No Condition,86789
3987,Crystal Crawford,crystal.crawford42@gmail.com,(373) 183-5941,34,10041,Female,Accountant,Heart Disease,84204
3988,Norman Hubbard,norman.hubbard69@yahoo.com,(559) 232-5802,48,60684,Male,Data Analyst,Heart Disease,80574
3989,Hannah Copeland,hannah.copeland9@gmail.com,(316) 274-3514,44,60636,Female,Software Engineer,No Condition,81500
3990,Jose Jenkins,jose.jenkins90@gmail.com,(970) 231-7402,60,60613,Male,Electrician,Heart Disease,59864
3991,Patrick Williams,patrick.williams11@yahoo.com,(707) 634-4334,71,10053,Male,Nurse,Diabetes,90946
3992,April Banks,april.banks70@hotmail.com,(963) 356-4162,54,60636,Female,Software Engineer,Arthritis,107416
3993,Matthew Simpson,matthew.simpson34@gmail.com,(852) 151-4351,33,75262,Male,Accountant,Hypertension,54716
3994,Bianca Gonzalez,bianca.gonzalez43@yahoo.com,(185) 044-8526,26,98158,Female,Chef,Heart Disease,41330
3995,Madeline Potter,madeline.potter65@hotmail.com,(635) 472-2405,46,94145,Female,Electrician,Depression,71235
3996,Rebekah Mosley,rebekah.mosley37@gmail.com,(961) 139-0045,31,75241,Female,Marketing Manager,No Condition,89304
3997,Thomas Taylor,thomas.taylor76@yahoo.com,(923) 408-7056,35,10053,Male,Nurse,Heart Disease,90842
3998,Robert Baird,robert.baird20@hotmail.com,(933) 555-6385,21,75215,Male,Nurse,Depression,86713
3999,Arthur Carrillo,arthur.carrillo53@hotmail.com,(943) 997-4869,30,94138,Male,Electrician,Hypertension,52719
4000,Amanda Sawyer,amanda.sawyer47@hotmail.com,(757) 338-0792,47,60613,Female,Electrician,Asthma,68605
4001,Lori Smith,lori.smith20@hotmail.com,(640) 447-5017,55,94179,Female,Marketing Manager,Arthritis,85469
4002,Alexis Gutierrez,alexis.gutierrez74@yahoo.com,(755) 899-0658,63,98197,Female,Marketing Manager,Heart Disease,112527
4003,Sharon Crawford,sharon.crawford18@hotmail.com,(122) 324-2043,26,98118,Female,Lawyer,No Condition,164629
4004,Amy Allen,amy.allen50@gmail.com,(491) 069-7136,32,75256,Female,Cashier,No Condition,30523
4005,Gina Miller,gina.miller77@hotmail.com,(314) 202-8612,39,94131,Female,Lawyer,Hypertension,120343
4006,Cindy Spencer,cindy.spencer86@hotmail.com,(514) 024-5422,30,75241,Female,Nurse,Cancer,83692
4007,Nancy Moore,nancy.moore75@yahoo.com,(430) 232-0001,32,94131,Female,Data Analyst,No Condition,49713
4008,Carl Fox,carl.fox40@hotmail.com,(228) 243-5097,18,33130,Male,Nurse,No Condition,90748
4009,Michelle Hall,michelle.hall6@gmail.com,(529) 561-7629,39,33143,Female,Marketing Manager,No Condition,84947
4010,Stephanie Horton,stephanie.horton35@yahoo.com,(667) 640-8977,53,60662,Female,Software Engineer,Cancer,130525
4011,Daniel Jones,daniel.jones83@yahoo.com,(408) 307-0906,37,75262,Male,Software Engineer,No Condition,64348
4012,Stephanie Young,stephanie.young20@gmail.com,(227) 315-6726,45,94131,Female,Lawyer,Cancer,116746
4013,John Randolph,john.randolph21@gmail.com,(862) 924-5989,31,60613,Male,Lawyer,No Condition,113834
4014,Michelle Hancock,michelle.hancock3@gmail.com,(382) 438-2146,37,94145,Female,Data Analyst,Asthma,64317
4015,Linda Martin,linda.martin16@gmail.com,(383) 381-3852,42,10086,Female,Marketing Manager,Arthritis,66963
4016,Daniel Guzman,daniel.guzman75@gmail.com,(562) 709-4014,75,33143,Male,Accountant,Heart Disease,74109
4017,Angela Collins,angela.collins92@gmail.com,(429) 245-6708,27,33111,Female,Chef,No Condition,39919
4018,Kenneth Perez,kenneth.perez89@hotmail.com,(550) 462-9337,75,75241,Male,Nurse,No Condition,91533
4019,Brian Leblanc,brian.leblanc57@yahoo.com,(283) 387-8959,47,98101,Male,Cashier,Arthritis,40895
4020,Monique Drake,monique.drake19@hotmail.com,(605) 309-4587,52,75262,Female,Electrician,No Condition,76457
4021,Laura Brown,laura.brown18@hotmail.com,(825) 723-2300,35,94138,Female,Marketing Manager,Depression,69335
4022,April Fisher,april.fisher88@gmail.com,(886) 948-4674,18,94138,Female,Chef,Depression,39253
4023,Nathan Mullins,nathan.mullins52@gmail.com,(991) 483-5650,30,75215,Male,Cashier,Depression,32107
4024,Mark James,mark.james97@gmail.com,(227) 025-2541,44,60683,Male,Cashier,No Condition,29776
4025,Nichole Brown,nichole.brown75@yahoo.com,(756) 241-2667,18,94138,Female,Cashier,Depression,28233
4026,Stephanie Romero,stephanie.romero31@hotmail.com,(494) 059-6470,23,60636,Female,Physician,No Condition,295314
4027,Curtis Underwood,curtis.underwood43@gmail.com,(345) 320-6543,46,60627,Male,Cashier,Depression,24046
4028,William Walters,william.walters38@yahoo.com,(434) 037-1524,42,98101,Male,Accountant,Hypertension,82846
4029,Rebecca Williams,rebecca.williams84@gmail.com,(356) 830-9531,61,75290,Female,Graphic Designer,Hypertension,65891
4030,Christopher Cox,christopher.cox77@hotmail.com,(764) 974-7870,54,60636,Male,Software Engineer,Hypertension,154361
4031,Jeffrey Garrett,jeffrey.garrett8@yahoo.com,(844) 286-3070,47,10082,Male,Nurse,Depression,100885
4032,Joseph Navarro,joseph.navarro36@hotmail.com,(710) 124-4805,22,75215,Male,Physician,No Condition,216293
4033,Larry Phillips,larry.phillips81@gmail.com,(511) 874-9004,46,75262,Male,Electrician,No Condition,66426
4034,Lauren Serrano,lauren.serrano4@hotmail.com,(507) 231-4920,39,60613,Female,Chef,Hypertension,44183
4035,Keith Clark,keith.clark10@hotmail.com,(164) 041-2107,68,98158,Male,Physician,Depression,262580
4036,Emily Hill,emily.hill66@gmail.com,(910) 550-3158,42,10086,Non-binary,Physician,Asthma,166309
4037,Joy Stewart,joy.stewart51@yahoo.com,(960) 675-1414,21,75256,Female,Data Analyst,No Condition,62693
4038,Darren Pineda,darren.pineda32@yahoo.com,(160) 951-4277,43,98158,Male,Cashier,No Condition,26720
4039,Gina Brown,gina.brown84@gmail.com,(386) 115-1116,50,60683,Non-binary,Data Analyst,Hypertension,67583
4040,Sean Ruiz,sean.ruiz87@gmail.com,(243) 593-4106,44,60613,Male,Nurse,Arthritis,85877
4041,Matthew Henderson,matthew.henderson40@yahoo.com,(804) 725-5310,33,98158,Male,Marketing Manager,Asthma,106899
4042,Christina Mosley,christina.mosley29@gmail.com,(320) 725-0845,31,94138,Female,Lawyer,No Condition,175775
4043,Elizabeth Smith,elizabeth.smith10@hotmail.com,(760) 969-2533,45,60677,Female,Nurse,No Condition,96009
4044,Amanda Powers,amanda.powers66@hotmail.com,(999) 319-1400,37,98186,Female,Graphic Designer,Heart Disease,53695
4045,Brian Davenport,brian.davenport87@hotmail.com,(271) 922-8874,47,75241,Male,Teacher,No Condition,55756
4046,Gabriela Garza,gabriela.garza27@yahoo.com,(792) 543-4502,60,60662,Female,Electrician,Cancer,70699
4047,Jessica Newman,jessica.newman7@yahoo.com,(238) 696-6481,24,10041,Female,Cashier,Depression,30094
4048,Amanda Jones,amanda.jones78@gmail.com,(892) 724-3067,40,75247,Female,Teacher,No Condition,67152
4049,Kathleen Black,kathleen.black67@hotmail.com,(367) 781-0708,57,75225,Female,Teacher,Depression,64206
4050,Darlene Brown,darlene.brown97@hotmail.com,(335) 133-1579,73,98101,Female,Software Engineer,Hypertension,116434
4051,Amy White,amy.white23@gmail.com,(666) 162-0172,34,75256,Female,Teacher,Arthritis,62025
4052,Nicholas Shelton,nicholas.shelton7@yahoo.com,(960) 869-6110,39,98158,Male,Cashier,Depression,23070
4053,Denise Nunez,denise.nunez12@hotmail.com,(909) 276-7360,30,60666,Female,Physician,Cancer,208755
4054,Jennifer Barron,jennifer.barron78@gmail.com,(739) 950-6667,30,10082,Female,Teacher,No Condition,51598
4055,Adam Baldwin,adam.baldwin24@yahoo.com,(408) 005-0908,53,98101,Male,Nurse,Heart Disease,96947
4056,Andrew Garrett,andrew.garrett59@gmail.com,(550) 980-5564,18,75290,Male,Cashier,Depression,22185
4057,Lauren Richards,lauren.richards64@hotmail.com,(641) 243-6160,27,75262,Non-binary,Software Engineer,Diabetes,113958
4058,Adam White,adam.white6@hotmail.com,(299) 076-1918,46,75262,Male,Software Engineer,Depression,116205
4059,Natalie Mccullough,natalie.mccullough68@hotmail.com,(383) 678-4903,35,10053,Female,Physician,Cancer,264372
4060,Sara Davis,sara.davis58@yahoo.com,(149) 117-6755,18,75241,Female,Chef,Hypertension,42169
4061,Wayne Shea,wayne.shea53@gmail.com,(343) 753-1575,51,33143,Male,Nurse,Diabetes,92212
4062,Steven Oliver,steven.oliver67@gmail.com,(783) 860-3903,43,60684,Male,Accountant,Hypertension,90799
4063,Jon Peters,jon.peters80@yahoo.com,(556) 753-5153,55,60677,Male,Teacher,Heart Disease,67293
4064,Matthew Pollard,matthew.pollard27@yahoo.com,(143) 927-0812,47,10086,Male,Teacher,Hypertension,53371
4065,Judy Williams,judy.williams7@hotmail.com,(303) 781-0103,52,94139,Female,Nurse,No Condition,72076
4066,Robert Smith,robert.smith79@gmail.com,(834) 160-9909,41,98158,Male,Chef,No Condition,51439
4067,Hannah Padilla,hannah.padilla36@hotmail.com,(551) 661-9076,44,94131,Female,Teacher,Asthma,49837
4068,Emily Huang,emily.huang30@gmail.com,(343) 946-1622,49,10086,Female,Software Engineer,No Condition,121189
4069,William Norris,william.norris98@yahoo.com,(126) 105-4026,29,94131,Male,Nurse,No Condition,81388
4070,Nichole White,nichole.white11@hotmail.com,(646) 559-2189,55,60684,Female,Physician,No Condition,224552
4071,Janet Hunter,janet.hunter64@yahoo.com,(449) 933-9745,35,10086,Female,Software Engineer,No Condition,91859
4072,Shawn Richmond,shawn.richmond62@hotmail.com,(502) 384-8761,70,60677,Male,Teacher,Diabetes,66961
4073,Elizabeth Walker,elizabeth.walker88@hotmail.com,(837) 360-9085,37,94138,Female,Data Analyst,No Condition,91467
4074,Gerald Strickland,gerald.strickland82@yahoo.com,(394) 763-1834,32,10084,Male,Teacher,No Condition,50651
4075,Michael Smith,michael.smith47@gmail.com,(749) 278-5234,52,98101,Male,Cashier,Cancer,37325
4076,Misty Barrett,misty.barrett22@yahoo.com,(712) 167-6089,53,94145,Female,Cashier,Asthma,38507
4077,Andrew Smith,andrew.smith23@yahoo.com,(758) 978-2425,34,33143,Male,Accountant,Hypertension,73066
4078,Heather Anderson,heather.anderson67@hotmail.com,(438) 540-4450,43,60681,Female,Teacher,No Condition,58102
4079,Stanley Pierce,stanley.pierce33@gmail.com,(583) 466-9081,56,60684,Male,Chef,Heart Disease,51981
4080,Edward Schmidt,edward.schmidt76@gmail.com,(629) 653-2831,66,60677,Male,Software Engineer,Heart Disease,124620
4081,Mary Harris,mary.harris13@yahoo.com,(907) 919-0487,45,10086,Female,Cashier,No Condition,26245
4082,Jessica Johnson,jessica.johnson62@yahoo.com,(908) 334-5129,32,60613,Female,Software Engineer,Depression,153248
4083,Chase Braun,chase.braun97@hotmail.com,(945) 418-3378,68,33143,Male,Graphic Designer,Hypertension,67034
4084,Ashley Curtis,ashley.curtis91@hotmail.com,(142) 507-4382,50,10041,Female,Data Analyst,Arthritis,91792
4085,Robert Larson,robert.larson52@hotmail.com,(100) 786-7755,31,75262,Male,Software Engineer,Diabetes,122653
4086,Andrew Flores,andrew.flores57@hotmail.com,(757) 603-6733,46,98158,Male,Accountant,Heart Disease,85743
4087,Barry White,barry.white46@yahoo.com,(674) 151-6329,56,33143,Male,Cashier,Heart Disease,36995
4088,Jeffrey Fletcher,jeffrey.fletcher9@hotmail.com,(248) 243-6485,31,60636,Male,Teacher,Heart Disease,54807
4089,Jeremy Martin,jeremy.martin34@yahoo.com,(157) 730-6146,49,94131,Male,Graphic Designer,Depression,66597
4090,Bobby Santiago,bobby.santiago60@gmail.com,(796) 400-0925,45,75241,Male,Cashier,Heart Disease,40942
4091,Megan Tyler,megan.tyler34@hotmail.com,(859) 627-8387,50,60677,Female,Marketing Manager,Hypertension,100961
4092,John Murphy,john.murphy61@gmail.com,(823) 471-4513,51,10086,Male,Accountant,Heart Disease,63321
4093,Joseph Humphrey,joseph.humphrey9@gmail.com,(782) 656-5293,18,75241,Non-binary,Lawyer,No Condition,123403
4094,Karen Price,karen.price66@yahoo.com,(454) 540-3498,48,60684,Female,Data Analyst,Cancer,86525
4095,Larry Ward,larry.ward38@yahoo.com,(853) 642-2094,38,98186,Male,Electrician,No Condition,65168
4096,Amanda Scott,amanda.scott7@yahoo.com,(876) 583-9018,72,60613,Female,Chef,Heart Disease,49464
4097,James Vazquez,james.vazquez19@hotmail.com,(927) 043-8852,46,60677,Male,Teacher,No Condition,62906
4098,Jerry York,jerry.york90@yahoo.com,(883) 443-0299,39,94131,Male,Marketing Manager,Diabetes,106584
4099,Steven Allen,steven.allen54@yahoo.com,(144) 240-2948,49,75215,Male,Nurse,Depression,70172
4100,Elizabeth Coleman,elizabeth.coleman43@hotmail.com,(569) 890-8763,32,94138,Female,Chef,Depression,47494
4101,Teresa Thompson,teresa.thompson44@gmail.com,(447) 711-5787,65,60613,Female,Electrician,Heart Disease,89051
4102,Karen Hahn,karen.hahn90@gmail.com,(856) 162-1736,40,98158,Female,Accountant,Asthma,71329
4103,Ryan Young,ryan.young98@hotmail.com,(773) 140-3191,40,98101,Male,Nurse,Asthma,76497
4104,Jeffery Camacho,jeffery.camacho25@hotmail.com,(716) 246-9889,51,75241,Male,Graphic Designer,Asthma,54223
4105,Karen Nielsen,karen.nielsen28@gmail.com,(518) 224-7922,51,60677,Female,Software Engineer,No Condition,111091
4106,Kathleen Pearson,kathleen.pearson21@hotmail.com,(967) 071-6714,33,75262,Female,Cashier,Arthritis,31364
4107,Mary Howard,mary.howard38@hotmail.com,(925) 785-2352,33,75262,Female,Accountant,No Condition,85493
4108,Brian Bright,brian.bright35@hotmail.com,(334) 137-3454,62,75256,Non-binary,Chef,Arthritis,64050
4109,Whitney Mendoza,whitney.mendoza38@gmail.com,(615) 582-2181,53,60681,Female,Teacher,No Condition,51904
4110,Bradley Davis,bradley.davis73@hotmail.com,(207) 067-7693,47,98118,Male,Software Engineer,Diabetes,109489
4111,Christine Leon,christine.leon79@yahoo.com,(645) 383-3642,31,60666,Female,Accountant,Diabetes,70628
4112,Erica Smith,erica.smith60@gmail.com,(553) 321-0125,34,60662,Female,Data Analyst,Depression,74590
4113,Melissa Hayes,melissa.hayes63@hotmail.com,(114) 999-5977,28,33143,Female,Data Analyst,No Condition,78661
4114,Crystal Warner,crystal.warner23@yahoo.com,(105) 682-5832,40,60627,Female,Cashier,No Condition,37176
4115,Austin Baker,austin.baker17@gmail.com,(954) 563-6798,27,75215,Male,Nurse,Asthma,56294
4116,Michael Lucero,michael.lucero81@gmail.com,(968) 636-4449,43,94138,Male,Cashier,Heart Disease,41449
4117,Shawn Johnson,shawn.johnson84@yahoo.com,(132) 673-9206,41,33143,Male,Marketing Manager,No Condition,114380
4118,Donald Dillon,donald.dillon83@hotmail.com,(542) 992-1192,35,33130,Male,Physician,Depression,235790
4119,Jeremy Krueger,jeremy.krueger6@hotmail.com,(450) 697-8209,43,98158,Male,Electrician,Asthma,86080
4120,Jonathan Taylor,jonathan.taylor93@gmail.com,(412) 038-2998,32,94131,Male,Nurse,Heart Disease,56976
4121,Laurie Hoover,laurie.hoover76@hotmail.com,(701) 505-9547,72,94138,Female,Software Engineer,No Condition,115927
4122,Angela Hansen,angela.hansen18@gmail.com,(568) 030-4005,40,10053,Female,Teacher,Diabetes,46705
4123,Seth Meyer,seth.meyer20@gmail.com,(531) 433-6057,23,98186,Male,Data Analyst,No Condition,70414
4124,Craig Garcia,craig.garcia72@gmail.com,(215) 495-9929,39,75215,Male,Teacher,Asthma,58324
4125,Olivia Wells,olivia.wells46@hotmail.com,(519) 690-9136,34,75262,Female,Cashier,No Condition,27892
4126,Austin Schneider,austin.schneider89@yahoo.com,(192) 059-4836,31,75215,Male,Cashier,No Condition,36128
4127,Stephanie Branch,stephanie.branch74@gmail.com,(768) 011-5360,53,98101,Female,Data Analyst,Heart Disease,82287
4128,Edgar Franklin,edgar.franklin47@yahoo.com,(734) 973-2009,22,98118,Male,Software Engineer,No Condition,110165
4129,Amanda Wilson,amanda.wilson36@gmail.com,(553) 053-2562,45,94138,Female,Teacher,Heart Disease,68967
4130,Michael Bright,michael.bright45@hotmail.com,(588) 049-7046,18,75241,Male,Cashier,No Condition,31997
4131,Kristen Haynes,kristen.haynes40@yahoo.com,(851) 693-2405,25,60684,Female,Software Engineer,No Condition,93465
4132,Peter Chambers,peter.chambers61@yahoo.com,(411) 935-3910,36,60684,Male,Graphic Designer,No Condition,61424
4133,Kayla Parsons,kayla.parsons64@gmail.com,(966) 770-9521,38,33143,Female,Nurse,No Condition,101386
4134,Thomas Cook,thomas.cook47@hotmail.com,(168) 043-9429,52,60627,Male,Cashier,Diabetes,40404
4135,Andrew Mcguire,andrew.mcguire47@hotmail.com,(989) 258-5783,47,75262,Male,Electrician,No Condition,81619
4136,Amanda Mendoza,amanda.mendoza68@gmail.com,(777) 312-0588,55,94140,Female,Cashier,Heart Disease,30463
4137,Keith Watts,keith.watts90@hotmail.com,(453) 074-8781,18,33167,Male,Teacher,No Condition,40316
4138,Dawn Johnson,dawn.johnson50@hotmail.com,(451) 405-0181,55,60681,Female,Data Analyst,No Condition,62135
4139,Michelle Mckinney,michelle.mckinney62@gmail.com,(370) 004-8541,31,60666,Female,Nurse,No Condition,73547
4140,Melanie Ortega,melanie.ortega23@hotmail.com,(710) 945-2553,33,60613,Female,Nurse,No Condition,77089
4141,Brianna Wilkinson,brianna.wilkinson79@yahoo.com,(214) 412-9870,51,94192,Female,Teacher,Diabetes,61800
4142,Susan Brown,susan.brown80@gmail.com,(221) 529-4176,30,75241,Female,Software Engineer,Depression,134175
4143,Brian Dyer,brian.dyer60@yahoo.com,(783) 240-9652,28,94131,Male,Software Engineer,No Condition,102519
4144,Robert Anderson,robert.anderson65@yahoo.com,(369) 481-0011,54,10082,Male,Electrician,Cancer,69201
4145,Michelle Robinson,michelle.robinson70@hotmail.com,(801) 679-6556,57,94131,Female,Chef,Hypertension,44530
4146,Susan Lopez,susan.lopez96@hotmail.com,(736) 841-4344,18,75215,Female,Graphic Designer,No Condition,73057
4147,Steven Thompson,steven.thompson67@hotmail.com,(107) 490-5389,37,33143,Male,Teacher,Hypertension,49295
4148,Grace Austin,grace.austin61@gmail.com,(394) 281-6836,24,94192,Female,Electrician,No Condition,51704
4149,Gary Griffin,gary.griffin36@gmail.com,(610) 872-7410,69,94131,Male,Chef,Heart Disease,63333
4150,Lauren Hendricks,lauren.hendricks70@yahoo.com,(579) 815-5518,32,98118,Female,Chef,No Condition,60654
4151,Kevin Robbins,kevin.robbins7@yahoo.com,(829) 643-5221,25,94145,Male,Physician,No Condition,193631
4152,Craig Arnold,craig.arnold47@gmail.com,(348) 729-8020,63,60622,Male,Chef,Asthma,25385
4153,Lisa Schneider,lisa.schneider47@yahoo.com,(626) 513-4204,54,98158,Female,Accountant,Asthma,91010
4154,Sarah Black,sarah.black86@gmail.com,(431) 456-2530,18,10053,Female,Teacher,Depression,67831
4155,Amy Taylor,amy.taylor59@gmail.com,(530) 011-3146,47,75241,Female,Chef,No Condition,57589
4156,Sandra Lopez,sandra.lopez23@yahoo.com,(337) 780-5592,19,98158,Female,Data Analyst,No Condition,63861
4157,Steven Church,steven.church18@gmail.com,(926) 049-7697,31,10084,Male,Lawyer,Diabetes,168558
4158,Sharon Dominguez,sharon.dominguez98@yahoo.com,(869) 641-1350,70,10049,Non-binary,Cashier,No Condition,42672
4159,Melissa Hartman,melissa.hartman19@hotmail.com,(796) 727-6339,53,60627,Female,Chef,Hypertension,57249
4160,Katie Dougherty,katie.dougherty37@yahoo.com,(311) 947-5052,42,98127,Female,Chef,No Condition,39311
4161,Angel Jones,angel.jones96@yahoo.com,(404) 225-9332,18,94131,Male,Teacher,No Condition,57632
4162,Phillip Miller,phillip.miller19@yahoo.com,(533) 161-6697,18,60684,Male,Cashier,No Condition,21956
4163,Megan Pruitt,megan.pruitt95@yahoo.com,(697) 071-1989,43,94192,Female,Cashier,No Condition,37381
4164,Stephanie Conner,stephanie.conner45@gmail.com,(857) 872-3903,75,33143,Female,Electrician,Arthritis,69657
4165,Bruce Holland,bruce.holland17@hotmail.com,(560) 264-2362,59,60666,Male,Software Engineer,Heart Disease,138021
4166,Gina Hicks,gina.hicks88@hotmail.com,(846) 937-1478,48,60613,Female,Physician,No Condition,291978
4167,Hannah Johnson,hannah.johnson37@hotmail.com,(505) 711-7844,39,33143,Female,Software Engineer,Asthma,110550
4168,Amber Moore,amber.moore63@yahoo.com,(448) 942-4437,41,10082,Female,Software Engineer,Asthma,60955
4169,Jared Patterson,jared.patterson16@gmail.com,(244) 867-1188,73,10041,Male,Teacher,No Condition,86887
4170,Jason Fox,jason.fox4@hotmail.com,(877) 347-7496,24,60677,Male,Chef,No Condition,45528
4171,William Yang,william.yang4@yahoo.com,(727) 331-8815,45,75215,Male,Marketing Manager,Arthritis,90022
4172,Kathleen Wyatt,kathleen.wyatt29@gmail.com,(835) 455-7970,79,94138,Female,Teacher,Hypertension,70473
4173,Kyle Ball,kyle.ball41@yahoo.com,(870) 455-3001,26,94179,Male,Accountant,No Condition,71387
4174,Christina Parsons,christina.parsons66@yahoo.com,(912) 725-9212,63,98118,Female,Cashier,Diabetes,38031
4175,Hunter West,hunter.west96@gmail.com,(840) 555-2517,45,98118,Male,Marketing Manager,No Condition,98678
4176,Dylan Schmidt,dylan.schmidt90@yahoo.com,(352) 642-4374,34,98193,Male,Lawyer,No Condition,128924
4177,Jonathan Taylor,jonathan.taylor35@gmail.com,(722) 041-0649,18,75215,Male,Accountant,No Condition,79021
4178,Amanda Martin,amanda.martin53@yahoo.com,(720) 148-7609,44,75225,Female,Software Engineer,No Condition,108834
4179,Jerry Hall,jerry.hall69@gmail.com,(750) 093-2195,41,94138,Male,Software Engineer,No Condition,125294
4180,Michelle Branch,michelle.branch59@gmail.com,(720) 506-5069,36,98158,Female,Accountant,No Condition,59204
4181,Susan Wilson,susan.wilson60@hotmail.com,(558) 844-5236,41,60627,Female,Electrician,No Condition,59519
4182,Kevin Baker,kevin.baker38@gmail.com,(100) 208-9676,53,75241,Male,Teacher,Hypertension,64778
4183,Elizabeth Meza,elizabeth.meza22@yahoo.com,(723) 215-1751,30,94138,Female,Marketing Manager,No Condition,86549
4184,John Sparks,john.sparks91@hotmail.com,(460) 586-5314,32,60684,Male,Nurse,Hypertension,86895
4185,Debra Thompson,debra.thompson24@gmail.com,(370) 431-0772,39,60684,Female,Marketing Manager,Arthritis,66412
4186,Briana Owens,briana.owens87@hotmail.com,(995) 893-6742,41,98158,Female,Cashier,Hypertension,35039
4187,Monica Johnson,monica.johnson49@yahoo.com,(267) 873-8801,58,75215,Female,Marketing Manager,Arthritis,141359
4188,Amy Clark,amy.clark27@hotmail.com,(352) 923-8352,49,98118,Female,Teacher,No Condition,78890
4189,Christine Snyder,christine.snyder27@gmail.com,(944) 806-3244,65,60677,Female,Cashier,Hypertension,36379
4190,Michael Ross,michael.ross96@yahoo.com,(660) 412-6165,45,60677,Male,Nurse,No Condition,84096
4191,Lynn Anderson,lynn.anderson12@hotmail.com,(733) 997-0214,55,75215,Female,Software Engineer,Diabetes,131357
4192,Billy Cruz,billy.cruz44@hotmail.com,(604) 761-0296,44,60627,Male,Data Analyst,No Condition,65956
4193,Deborah Miller,deborah.miller54@hotmail.com,(804) 377-0296,72,60684,Female,Nurse,Asthma,112437
4194,Tammy Johnson,tammy.johnson87@gmail.com,(535) 623-7246,35,60613,Female,Software Engineer,Arthritis,105767
4195,Raymond Hendrix,raymond.hendrix32@yahoo.com,(704) 851-1990,52,94131,Male,Lawyer,Depression,106794
4196,Erica Long,erica.long27@gmail.com,(922) 679-1117,45,33143,Female,Teacher,Asthma,60770
4197,Gabrielle White,gabrielle.white51@hotmail.com,(327) 291-6942,52,60677,Female,Teacher,Cancer,68348
4198,Bianca Charles,bianca.charles81@gmail.com,(753) 841-8757,31,98158,Female,Teacher,Arthritis,49114
4199,Angelica Sullivan,angelica.sullivan81@hotmail.com,(772) 245-8836,32,33167,Female,Nurse,Heart Disease,75649
4200,Adrian Richards,adrian.richards2@gmail.com,(734) 083-3783,47,94138,Male,Lawyer,No Condition,128795
4201,Samuel Rodriguez,samuel.rodriguez70@hotmail.com,(992) 668-6680,48,10041,Male,Lawyer,No Condition,200779
4202,Theresa Olson,theresa.olson52@yahoo.com,(665) 300-0227,18,98118,Female,Accountant,Depression,64475
4203,Adam Harris,adam.harris78@yahoo.com,(404) 709-2803,58,33143,Male,Chef,Hypertension,55874
4204,Jodi Miller,jodi.miller79@gmail.com,(313) 747-2793,63,60684,Female,Marketing Manager,Hypertension,102695
4205,Lynn Jennings,lynn.jennings83@hotmail.com,(389) 495-4276,60,33130,Female,Nurse,Arthritis,99871
4206,Leslie Daniel,leslie.daniel46@gmail.com,(969) 832-4072,54,60684,Male,Cashier,Heart Disease,28709
4207,Bradley Gay,bradley.gay84@yahoo.com,(198) 161-8098,36,75256,Male,Marketing Manager,No Condition,86378
4208,Linda Hoffman,linda.hoffman98@gmail.com,(540) 933-6272,24,94138,Female,Lawyer,Depression,104516
4209,Paula Murphy,paula.murphy48@gmail.com,(327) 594-2673,21,60627,Female,Chef,No Condition,45746
4210,Michael Page,michael.page94@yahoo.com,(122) 215-5325,61,94138,Male,Accountant,Heart Disease,85841
4211,Paula Long,paula.long90@hotmail.com,(632) 974-5116,18,60627,Female,Nurse,Heart Disease,80310
4212,Robin Hinton,robin.hinton43@gmail.com,(460) 862-4951,34,10041,Female,Cashier,No Condition,32694
4213,Christina Coleman,christina.coleman43@hotmail.com,(805) 752-9664,23,75262,Female,Software Engineer,Depression,117402
4214,Ana Frazier,ana.frazier66@hotmail.com,(213) 207-2391,54,60684,Female,Electrician,Hypertension,77338
4215,Kimberly Mcpherson,kimberly.mcpherson71@yahoo.com,(750) 636-9851,42,60636,Female,Data Analyst,Heart Disease,60110
4216,Judith Mclaughlin,judith.mclaughlin78@yahoo.com,(855) 999-1966,62,75262,Female,Data Analyst,No Condition,68268
4217,Jennifer Yang,jennifer.yang17@gmail.com,(436) 449-9514,39,75215,Female,Accountant,No Condition,78094
4218,Joanna Smith,joanna.smith63@yahoo.com,(434) 249-1626,58,10041,Female,Electrician,Cancer,53488
4219,Barbara Mcdonald,barbara.mcdonald98@yahoo.com,(842) 221-2421,42,33143,Female,Cashier,Diabetes,32250
4220,Corey Palmer,corey.palmer61@hotmail.com,(290) 347-3175,57,33143,Male,Cashier,Heart Disease,38991
4221,Andre Thompson,andre.thompson48@yahoo.com,(883) 850-8332,35,60684,Male,Electrician,No Condition,44729
4222,Brian Evans,brian.evans2@gmail.com,(851) 356-3431,40,94192,Male,Teacher,Arthritis,59513
4223,Tonya Jacobs,tonya.jacobs50@hotmail.com,(516) 335-4715,23,98101,Female,Software Engineer,No Condition,106564
4224,Sean Clark,sean.clark14@hotmail.com,(382) 541-7689,40,33143,Male,Chef,No Condition,39456
4225,Michael Thomas,michael.thomas83@yahoo.com,(982) 994-5802,34,75241,Male,Teacher,Depression,56037
4226,Tara Reed,tara.reed87@gmail.com,(686) 919-8162,60,33167,Female,Cashier,Cancer,33245
4227,Todd Carlson,todd.carlson54@gmail.com,(914) 536-5133,18,33141,Male,Software Engineer,No Condition,82896
4228,Tracy Rodriguez,tracy.rodriguez92@gmail.com,(667) 461-6160,30,60613,Female,Cashier,Diabetes,24171
4229,Denise Perez,denise.perez41@hotmail.com,(807) 367-1274,62,60684,Female,Teacher,Arthritis,65548
4230,Aaron Jacobs,aaron.jacobs16@yahoo.com,(731) 217-8940,62,94138,Male,Accountant,Depression,95146
4231,Marc Hayes,marc.hayes5@hotmail.com,(467) 204-1862,45,94138,Male,Teacher,No Condition,64208
4232,Austin Avila,austin.avila50@gmail.com,(567) 875-8647,22,33143,Male,Electrician,No Condition,70713
4233,Adrian Maxwell,adrian.maxwell16@gmail.com,(192) 553-1755,29,94139,Male,Accountant,Diabetes,75751
4234,Debbie Massey,debbie.massey53@yahoo.com,(314) 384-0397,28,33143,Female,Data Analyst,No Condition,58916
4235,Sarah Woods,sarah.woods55@yahoo.com,(357) 690-9414,54,94140,Female,Software Engineer,Hypertension,126571
4236,Henry Keller,henry.keller70@gmail.com,(695) 636-0385,32,33119,Male,Lawyer,Hypertension,165301
4237,Caitlyn Campos,caitlyn.campos30@gmail.com,(431) 329-9678,34,10082,Female,Electrician,No Condition,65747
4238,Stephanie Heath,stephanie.heath38@gmail.com,(758) 599-1977,42,94131,Female,Software Engineer,No Condition,111970
4239,David Cox,david.cox78@yahoo.com,(792) 254-3763,35,75241,Male,Data Analyst,No Condition,63204
4240,Jennifer Shaw,jennifer.shaw82@gmail.com,(617) 165-3595,33,94138,Female,Nurse,Depression,94251
4241,William Jacobs,william.jacobs30@yahoo.com,(506) 989-5829,46,60636,Male,Software Engineer,Asthma,109958
4242,Joshua Young,joshua.young60@gmail.com,(899) 728-5541,42,94138,Male,Nurse,Depression,92691
4243,Kevin Haynes,kevin.haynes55@hotmail.com,(643) 149-1421,39,10053,Male,Data Analyst,No Condition,50941
4244,David Bowen,david.bowen25@gmail.com,(896) 762-4285,26,60677,Male,Software Engineer,No Condition,77649
4245,Dennis Parker,dennis.parker89@yahoo.com,(727) 703-5476,66,60613,Male,Data Analyst,Arthritis,87684
4246,Timothy Marsh,timothy.marsh69@gmail.com,(107) 799-7510,49,33143,Male,Cashier,Arthritis,32904
4247,James Rios,james.rios70@gmail.com,(694) 072-3461,54,75241,Male,Chef,Arthritis,40383
4248,Molly Nelson,molly.nelson86@hotmail.com,(317) 082-9220,33,75215,Female,Accountant,No Condition,67012
4249,Samantha Miller,samantha.miller69@hotmail.com,(239) 002-9501,28,75241,Female,Software Engineer,No Condition,92508
4250,Eric Scott,eric.scott7@hotmail.com,(472) 990-5552,41,75241,Male,Teacher,Heart Disease,69860
4251,Karen Lopez,karen.lopez66@hotmail.com,(904) 975-7456,37,75241,Female,Teacher,Diabetes,61297
4252,Diane Taylor,diane.taylor98@yahoo.com,(233) 338-8465,35,75262,Female,Electrician,No Condition,69262
4253,Laura Williams,laura.williams35@hotmail.com,(148) 308-2413,31,94145,Female,Software Engineer,No Condition,109450
4254,Autumn Norton,autumn.norton78@yahoo.com,(244) 903-5934,55,94145,Female,Chef,No Condition,47131
4255,Traci Vega,traci.vega48@hotmail.com,(233) 430-7182,36,10041,Female,Data Analyst,No Condition,56258
4256,Lori Schmidt,lori.schmidt90@gmail.com,(760) 639-2318,37,98186,Female,Marketing Manager,No Condition,96892
4257,Julia Walters,julia.walters70@hotmail.com,(411) 080-2388,34,10082,Female,Teacher,No Condition,50673
4258,Stephen Osborn,stephen.osborn63@hotmail.com,(770) 257-9535,54,75241,Male,Software Engineer,Asthma,100824
4259,Emily Hopkins,emily.hopkins10@gmail.com,(793) 547-2863,34,94131,Female,Electrician,No Condition,59673
4260,Carla Aguirre,carla.aguirre77@hotmail.com,(823) 849-2031,58,98186,Female,Marketing Manager,Arthritis,83517
4261,Madeline Dean,madeline.dean87@yahoo.com,(850) 909-0395,28,10041,Female,Electrician,Diabetes,58827
4262,Charles Jacobson,charles.jacobson51@hotmail.com,(439) 539-1067,24,60666,Male,Marketing Manager,No Condition,89661
4263,Connie Gillespie,connie.gillespie82@gmail.com,(776) 534-8024,40,60684,Female,Accountant,No Condition,41453
4264,Jeanne Gilbert,jeanne.gilbert84@hotmail.com,(223) 858-5520,18,94138,Female,Teacher,No Condition,36653
4265,Aaron Livingston,aaron.livingston61@hotmail.com,(154) 448-4792,58,98193,Male,Accountant,Arthritis,77249
4266,Jeremy Brown,jeremy.brown28@gmail.com,(687) 032-2177,57,94179,Male,Teacher,Diabetes,72179
4267,Luis Brown,luis.brown19@yahoo.com,(149) 839-1032,39,10086,Male,Electrician,No Condition,66390
4268,Michael Rodriguez,michael.rodriguez69@gmail.com,(337) 281-0297,18,75241,Male,Physician,No Condition,328824
4269,Linda Roth,linda.roth71@yahoo.com,(855) 126-3700,45,94138,Female,Nurse,Diabetes,87782
4270,Phillip Simmons,phillip.simmons52@hotmail.com,(733) 022-5176,66,98118,Male,Lawyer,Hypertension,162798
4271,Jeffrey Patel,jeffrey.patel75@hotmail.com,(421) 274-6213,24,10041,Male,Nurse,No Condition,73027
4272,Eric Ray,eric.ray33@hotmail.com,(258) 295-6562,49,33143,Male,Nurse,Hypertension,89380
4273,Kevin Jackson,kevin.jackson75@hotmail.com,(859) 099-4414,28,10082,Male,Teacher,No Condition,45487
4274,Holly Clark,holly.clark23@yahoo.com,(663) 782-5648,51,10053,Female,Teacher,Arthritis,54842
4275,Kimberly Browning,kimberly.browning42@yahoo.com,(266) 955-7705,70,94131,Female,Teacher,No Condition,71926
4276,Justin Hensley,justin.hensley27@gmail.com,(667) 996-4511,76,94192,Male,Software Engineer,Depression,112851
4277,Laurie Smith,laurie.smith37@hotmail.com,(525) 687-0426,45,75253,Female,Marketing Manager,No Condition,96897
4278,Jamie Bishop,jamie.bishop6@hotmail.com,(450) 804-6606,64,33119,Female,Data Analyst,Heart Disease,74973
4279,Katie Casey,katie.casey40@gmail.com,(185) 041-6275,22,75241,Female,Nurse,No Condition,73870
4280,Scott Soto,scott.soto47@gmail.com,(909) 225-2123,25,94145,Male,Accountant,Diabetes,77228
4281,Adam Carpenter,adam.carpenter98@hotmail.com,(544) 627-6351,35,94138,Male,Chef,Arthritis,54809
4282,Kayla Baker,kayla.baker19@yahoo.com,(415) 129-5458,49,94138,Female,Nurse,No Condition,89645
4283,Monica Payne,monica.payne29@gmail.com,(735) 849-9991,30,75215,Female,Electrician,Asthma,62166
4284,Leslie Walker,leslie.walker87@yahoo.com,(195) 228-7512,45,98118,Female,Data Analyst,No Condition,69368
4285,Laura Williams,laura.williams11@hotmail.com,(517) 497-3111,55,60627,Female,Lawyer,Hypertension,131269
4286,Stephanie Henderson,stephanie.henderson74@gmail.com,(560) 989-1050,68,33143,Female,Data Analyst,Hypertension,61963
4287,Megan Potter,megan.potter97@hotmail.com,(861) 974-0059,41,75241,Female,Physician,Cancer,207407
4288,Jacob Meyer,jacob.meyer25@yahoo.com,(145) 942-1042,63,60613,Male,Nurse,Cancer,74766
4289,Megan Stein,megan.stein26@gmail.com,(982) 865-4907,55,60684,Female,Nurse,Arthritis,104356
4290,Jeremy Nguyen,jeremy.nguyen34@gmail.com,(854) 151-9093,44,33141,Male,Software Engineer,No Condition,131750
4291,Jacqueline West,jacqueline.west74@yahoo.com,(507) 960-6169,41,75241,Female,Nurse,Asthma,93353
4292,Brian Hodges,brian.hodges87@gmail.com,(628) 483-6955,27,98101,Male,Graphic Designer,No Condition,66618
4293,Joshua Moore,joshua.moore67@yahoo.com,(606) 992-2691,49,60627,Male,Teacher,Hypertension,65036
4294,Jasmine Chambers,jasmine.chambers3@yahoo.com,(190) 608-2761,32,10086,Female,Marketing Manager,Hypertension,97867
4295,Alexandra Dawson,alexandra.dawson96@yahoo.com,(212) 094-5969,36,33143,Female,Chef,Diabetes,36140
4296,George Norman,george.norman81@gmail.com,(849) 438-5633,49,33143,Male,Electrician,Asthma,71457
4297,Ian Delacruz,ian.delacruz35@hotmail.com,(249) 138-7870,48,60681,Male,Cashier,Depression,32172
4298,Kristina Davis,kristina.davis45@hotmail.com,(411) 337-9523,44,33141,Female,Nurse,Asthma,72637
4299,Brandon Young,brandon.young8@yahoo.com,(717) 071-2787,39,75256,Male,Marketing Manager,Arthritis,89505
4300,Cynthia Reese,cynthia.reese14@yahoo.com,(390) 813-2208,40,60636,Female,Data Analyst,Cancer,69470
4301,Catherine Brown,catherine.brown95@yahoo.com,(284) 351-9788,37,94139,Female,Cashier,Hypertension,32335
4302,Jennifer Scott,jennifer.scott52@yahoo.com,(171) 042-5990,51,75215,Female,Software Engineer,No Condition,153485
4303,Michael Glenn,michael.glenn74@gmail.com,(984) 224-1701,31,94140,Male,Accountant,Hypertension,64767
4304,Rebecca Valdez,rebecca.valdez62@gmail.com,(113) 774-3403,57,10086,Female,Software Engineer,Cancer,184230
4305,Ryan Rodgers,ryan.rodgers14@yahoo.com,(992) 517-3335,48,60666,Male,Data Analyst,Diabetes,81658
4306,Ashley Ortiz,ashley.ortiz40@gmail.com,(920) 152-9796,32,60613,Female,Cashier,No Condition,34785
4307,Isabel Roberts,isabel.roberts87@gmail.com,(911) 670-0620,62,60681,Female,Marketing Manager,Hypertension,71590
4308,Chad Rodriguez,chad.rodriguez84@gmail.com,(340) 766-4536,64,33167,Male,Cashier,Asthma,33758
4309,Ronald Anderson,ronald.anderson61@hotmail.com,(735) 011-3449,28,75241,Male,Data Analyst,No Condition,76310
4310,Kimberly Barker,kimberly.barker84@hotmail.com,(550) 929-1848,22,33143,Female,Data Analyst,Asthma,58504
4311,Henry Barnett,henry.barnett47@hotmail.com,(194) 972-5472,49,60684,Male,Cashier,Depression,31886
4312,Dylan King,dylan.king30@yahoo.com,(121) 756-3949,47,98158,Male,Cashier,Hypertension,28716
4313,Todd Li,todd.li78@yahoo.com,(914) 444-6574,36,33143,Male,Software Engineer,No Condition,85053
4314,Andrea Carter,andrea.carter6@yahoo.com,(625) 288-8646,42,60636,Female,Data Analyst,Hypertension,80430
4315,Sean Dyer,sean.dyer47@hotmail.com,(230) 431-7842,79,98118,Male,Cashier,Hypertension,41835
4316,Cynthia Carlson,cynthia.carlson94@gmail.com,(469) 975-4839,22,10053,Female,Electrician,No Condition,74555
4317,Katherine Webb,katherine.webb67@gmail.com,(671) 542-2412,35,75215,Female,Teacher,Cancer,61081
4318,Wesley Mcneil,wesley.mcneil12@gmail.com,(338) 341-2472,48,60684,Male,Electrician,No Condition,57236
4319,David Hancock,david.hancock74@yahoo.com,(820) 741-9753,55,60636,Male,Data Analyst,Heart Disease,80293
4320,Anthony Leonard,anthony.leonard63@yahoo.com,(432) 399-8877,21,94131,Male,Data Analyst,Hypertension,72264
4321,Darrell Watson,darrell.watson89@gmail.com,(308) 583-7558,32,94138,Male,Cashier,No Condition,31303
4322,Wayne Raymond,wayne.raymond48@gmail.com,(618) 945-1088,19,10041,Male,Nurse,Heart Disease,54241
4323,Preston Elliott,preston.elliott57@hotmail.com,(398) 181-1994,52,75215,Male,Nurse,Asthma,90350
4324,Justin Crawford,justin.crawford59@hotmail.com,(683) 420-6433,58,60622,Male,Cashier,Heart Disease,35953
4325,Gina Cochran,gina.cochran29@gmail.com,(534) 971-9720,71,10049,Female,Physician,Hypertension,200634
4326,Amber Frost,amber.frost17@hotmail.com,(232) 424-3009,24,33143,Female,Data Analyst,Asthma,70249
4327,Melanie Church,melanie.church75@yahoo.com,(931) 633-2430,25,33143,Female,Nurse,Arthritis,91838
4328,Matthew Ortega,matthew.ortega25@gmail.com,(344) 783-9071,47,94162,Male,Accountant,Asthma,85428
4329,Angela Stein,angela.stein59@yahoo.com,(579) 896-9102,52,98101,Female,Data Analyst,Hypertension,66514
4330,Samuel Carroll,samuel.carroll94@hotmail.com,(827) 244-9520,18,75247,Male,Software Engineer,No Condition,94861
4331,James Aguilar,james.aguilar43@gmail.com,(952) 831-1977,42,33130,Male,Teacher,Heart Disease,51245
4332,Kenneth Rodriguez,kenneth.rodriguez82@yahoo.com,(150) 180-0544,58,60677,Male,Data Analyst,No Condition,112432
4333,Nicole Owens,nicole.owens18@yahoo.com,(601) 231-6257,34,94145,Female,Cashier,Diabetes,25711
4334,Anna Bird,anna.bird64@gmail.com,(836) 685-7439,29,10041,Female,Cashier,No Condition,22996
4335,Xavier Young,xavier.young95@yahoo.com,(171) 845-8163,32,94131,Male,Chef,Hypertension,37501
4336,Tammy Rodriguez,tammy.rodriguez3@hotmail.com,(218) 236-3725,35,94138,Female,Teacher,Cancer,53283
4337,Brandon Larson,brandon.larson64@hotmail.com,(103) 102-6237,57,33143,Male,Software Engineer,Cancer,123799
4338,Jack Reyes,jack.reyes39@yahoo.com,(548) 252-2925,49,33143,Male,Accountant,Cancer,60927
4339,Samuel Solis,samuel.solis67@yahoo.com,(647) 631-6914,64,94138,Male,Cashier,Heart Disease,29862
4340,Hector Larson,hector.larson91@gmail.com,(336) 535-4237,23,33111,Male,Marketing Manager,Asthma,72772
4341,William Scott,william.scott58@yahoo.com,(576) 226-7617,41,94138,Male,Teacher,No Condition,69688
4342,Mathew Chapman,mathew.chapman66@yahoo.com,(755) 224-2059,58,10041,Male,Nurse,Diabetes,67714
4343,Debbie Huerta,debbie.huerta73@yahoo.com,(249) 780-6437,18,75262,Female,Software Engineer,No Condition,135351
4344,Luis Bender,luis.bender94@hotmail.com,(260) 348-9731,64,60613,Male,Software Engineer,No Condition,80792
4345,Jessica Martinez,jessica.martinez93@yahoo.com,(553) 995-2115,47,94138,Female,Software Engineer,No Condition,104480
4346,Robert Scott,robert.scott32@gmail.com,(950) 437-9086,41,33167,Male,Data Analyst,No Condition,89961
4347,Alyssa Ballard,alyssa.ballard91@gmail.com,(558) 558-3645,45,98186,Female,Chef,No Condition,53968
4348,Mark West,mark.west11@hotmail.com,(179) 974-2542,31,75262,Male,Graphic Designer,No Condition,62929
4349,Monique Charles,monique.charles71@gmail.com,(868) 275-6849,33,94138,Female,Nurse,Asthma,78359
4350,Stephen Rice,stephen.rice39@gmail.com,(278) 672-5308,44,10086,Male,Chef,Arthritis,46801
4351,Felicia Smith,felicia.smith1@yahoo.com,(378) 945-1193,47,75215,Female,Electrician,Asthma,63290
4352,Regina Gutierrez,regina.gutierrez66@gmail.com,(299) 927-5237,35,60636,Female,Teacher,No Condition,38976
4353,Alejandro Smith,alejandro.smith45@gmail.com,(695) 963-5187,53,33111,Male,Chef,No Condition,60788
4354,Jodi Diaz,jodi.diaz94@gmail.com,(509) 361-3014,18,94131,Female,Software Engineer,Asthma,120836
4355,Robert Hill,robert.hill30@gmail.com,(897) 294-1036,42,98186,Male,Software Engineer,Asthma,128597
4356,Garrett Benton,garrett.benton66@yahoo.com,(893) 289-4011,25,98158,Male,Cashier,Depression,29040
4357,Billy Lopez,billy.lopez12@gmail.com,(837) 097-1846,41,60613,Male,Cashier,Asthma,30143
4358,Kevin Arnold,kevin.arnold48@yahoo.com,(337) 316-9275,34,94138,Male,Data Analyst,No Condition,73124
4359,John Gutierrez,john.gutierrez77@gmail.com,(110) 069-7740,68,33130,Male,Physician,Hypertension,267765
4360,Linda Murray,linda.murray43@gmail.com,(783) 256-6180,48,94179,Female,Data Analyst,Arthritis,100146
4361,Brandon Rose,brandon.rose69@yahoo.com,(337) 007-0010,29,10086,Male,Teacher,No Condition,53589
4362,Paul Anderson,paul.anderson75@gmail.com,(226) 839-0510,53,94140,Male,Cashier,Diabetes,33958
4363,Tammy Collier,tammy.collier45@hotmail.com,(816) 934-9106,66,10041,Female,Electrician,No Condition,72132
4364,Jeffrey Holmes,jeffrey.holmes39@yahoo.com,(410) 149-4116,39,98101,Male,Teacher,No Condition,55487
4365,Russell Hansen,russell.hansen71@hotmail.com,(925) 196-4295,67,94139,Male,Accountant,Depression,71324
4366,Lynn Martinez,lynn.martinez3@yahoo.com,(721) 170-2544,25,33143,Female,Marketing Manager,Asthma,64761
4367,Emily Johnson,emily.johnson9@gmail.com,(642) 182-5480,35,10053,Female,Software Engineer,Asthma,99938
4368,Michael Meza,michael.meza26@hotmail.com,(450) 242-4263,33,98118,Male,Electrician,No Condition,57538
4369,Vincent White,vincent.white35@gmail.com,(175) 487-7132,45,10086,Male,Cashier,No Condition,26922
4370,Brittney Morales,brittney.morales33@hotmail.com,(739) 203-1867,36,60636,Female,Software Engineer,No Condition,108344
4371,Ronald Floyd,ronald.floyd44@yahoo.com,(844) 822-8780,37,75262,Male,Accountant,Hypertension,80166
4372,Thomas Mendez,thomas.mendez52@gmail.com,(849) 630-9666,31,94131,Male,Graphic Designer,No Condition,73345
4373,Peter Kim,peter.kim51@hotmail.com,(160) 296-4991,39,10086,Male,Chef,Depression,53743
4374,David Espinoza,david.espinoza28@gmail.com,(764) 954-5844,36,10041,Male,Software Engineer,Diabetes,118298
4375,Hailey Murray,hailey.murray25@gmail.com,(437) 153-4278,49,75241,Female,Cashier,No Condition,39258
4376,Mark Thompson,mark.thompson39@yahoo.com,(532) 276-6548,48,98193,Male,Marketing Manager,Arthritis,126827
4377,Carl Callahan,carl.callahan96@hotmail.com,(346) 454-0300,53,98158,Male,Lawyer,No Condition,164908
4378,Maria Atkinson,maria.atkinson35@gmail.com,(366) 594-5388,64,10041,Female,Data Analyst,Arthritis,99996
4379,Victoria Lewis,victoria.lewis30@gmail.com,(345) 335-6682,35,60636,Female,Data Analyst,No Condition,79320
4380,Patricia Warren,patricia.warren35@hotmail.com,(965) 754-9203,26,10086,Female,Graphic Designer,Depression,57677
4381,Aaron Harris,aaron.harris85@hotmail.com,(276) 191-5770,51,94138,Male,Teacher,Asthma,71006
4382,Thomas Mcdowell,thomas.mcdowell28@gmail.com,(415) 816-2315,46,98118,Male,Chef,Arthritis,62270
4383,Leon Martin,leon.martin52@gmail.com,(715) 876-5091,26,10082,Male,Lawyer,Depression,128228
4384,Dakota Greene,dakota.greene32@hotmail.com,(150) 579-2151,43,33143,Male,Accountant,Asthma,66538
4385,Matthew Munoz,matthew.munoz2@gmail.com,(800) 944-3002,18,60622,Male,Lawyer,Asthma,108604
4386,John Taylor,john.taylor10@gmail.com,(965) 694-2763,41,94139,Male,Marketing Manager,No Condition,95414
4387,Adam Chen,adam.chen10@gmail.com,(563) 267-6311,54,94131,Male,Accountant,Hypertension,78086
4388,Danielle Francis,danielle.francis20@yahoo.com,(353) 987-1414,26,33141,Female,Accountant,Asthma,70151
4389,Jeffrey Woodard,jeffrey.woodard87@gmail.com,(993) 064-6143,32,60636,Male,Software Engineer,No Condition,115346
4390,Nicholas Bass,nicholas.bass75@hotmail.com,(581) 674-2895,30,10041,Male,Software Engineer,Depression,75226
4391,Shelby Kelly,shelby.kelly13@yahoo.com,(974) 389-4752,30,94140,Female,Teacher,No Condition,52592
4392,Travis Washington,travis.washington76@gmail.com,(345) 979-8982,56,94131,Male,Software Engineer,Cancer,126691
4393,Tammy Roberts,tammy.roberts49@yahoo.com,(740) 421-0014,51,98118,Female,Electrician,Heart Disease,74546
4394,Bryan Juarez,bryan.juarez14@yahoo.com,(878) 545-3905,48,10086,Male,Software Engineer,Diabetes,119835
4395,Michael Payne,michael.payne66@yahoo.com,(126) 923-3953,24,94140,Male,Physician,Asthma,221526
4396,Andrew Powers,andrew.powers66@gmail.com,(855) 395-2563,69,10041,Male,Software Engineer,Diabetes,81677
4397,Ryan Freeman,ryan.freeman44@hotmail.com,(131) 252-4587,35,60684,Male,Teacher,Depression,61453
4398,Barbara Cooke,barbara.cooke56@hotmail.com,(911) 751-7335,32,75241,Female,Chef,Asthma,39580
4399,Craig Thomas,craig.thomas88@yahoo.com,(592) 151-5694,42,75241,Male,Lawyer,No Condition,118848
4400,Daniel Simpson,daniel.simpson97@hotmail.com,(971) 713-5935,40,94145,Male,Accountant,Hypertension,92359
4401,Melanie Miller,melanie.miller42@gmail.com,(754) 825-6273,21,10086,Female,Lawyer,No Condition,198321
4402,Richard Gonzalez,richard.gonzalez64@gmail.com,(716) 120-9928,57,75253,Male,Electrician,Heart Disease,81351
4403,Mary Stanley,mary.stanley64@hotmail.com,(478) 427-7515,18,10041,Female,Chef,Depression,42939
4404,Randy Gonzales,randy.gonzales42@gmail.com,(209) 750-6699,38,75262,Non-binary,Software Engineer,Depression,121734
4405,Melinda May,melinda.may59@hotmail.com,(785) 685-9441,39,75241,Female,Chef,No Condition,51375
4406,Donna Armstrong,donna.armstrong19@gmail.com,(311) 156-8540,39,33143,Female,Software Engineer,Cancer,97507
4407,James Cameron,james.cameron82@gmail.com,(680) 603-6323,42,60677,Male,Teacher,Depression,57989
4408,Patrick Pierce,patrick.pierce11@gmail.com,(829) 165-6130,28,98186,Male,Data Analyst,No Condition,57094
4409,Morgan Allen,morgan.allen60@hotmail.com,(487) 148-4544,47,33167,Female,Teacher,Arthritis,65921
4410,Allen Marshall,allen.marshall3@yahoo.com,(257) 774-1465,33,75241,Male,Nurse,No Condition,78264
4411,Kathryn Davis,kathryn.davis70@gmail.com,(832) 533-6305,19,94138,Female,Chef,No Condition,38597
4412,Nicholas Ford,nicholas.ford74@hotmail.com,(766) 070-2507,35,10049,Male,Data Analyst,Hypertension,70459
4413,Jeffrey Williams,jeffrey.williams87@yahoo.com,(795) 085-2610,56,98101,Male,Nurse,Heart Disease,97118
4414,Kayla Ortiz,kayla.ortiz70@yahoo.com,(332) 647-4141,30,33143,Female,Software Engineer,No Condition,104154
4415,Megan Smith,megan.smith6@yahoo.com,(739) 684-8359,42,94131,Female,Software Engineer,No Condition,113849
4416,Amber Smith,amber.smith15@gmail.com,(982) 087-1638,36,33141,Female,Graphic Designer,No Condition,62561
4417,Bryan Lewis,bryan.lewis68@hotmail.com,(492) 719-1899,50,75215,Male,Data Analyst,Hypertension,65393
4418,Kristin Chase,kristin.chase44@hotmail.com,(987) 921-6501,18,10041,Female,Marketing Manager,Depression,98166
4419,Tina Marshall,tina.marshall31@yahoo.com,(676) 018-0867,24,94138,Female,Software Engineer,Arthritis,156501
4420,Paul Martinez,paul.martinez1@gmail.com,(949) 152-8932,45,98186,Male,Chef,No Condition,51672
4421,Ashley Flynn,ashley.flynn86@yahoo.com,(865) 177-3131,45,60613,Female,Graphic Designer,No Condition,61661
4422,Steven Hudson,steven.hudson78@gmail.com,(435) 276-2559,66,98118,Male,Chef,Asthma,51447
4423,Tiffany Henderson,tiffany.henderson33@yahoo.com,(711) 825-6651,29,75290,Female,Marketing Manager,No Condition,77895
4424,Cindy Rodriguez,cindy.rodriguez32@gmail.com,(271) 548-3628,55,98158,Female,Lawyer,Hypertension,124417
4425,Sheena Hatfield,sheena.hatfield32@gmail.com,(141) 350-3346,45,94138,Female,Software Engineer,Hypertension,145527
4426,Michelle Collins,michelle.collins45@hotmail.com,(568) 757-4465,64,60627,Female,Accountant,No Condition,85179
4427,Michelle Ryan,michelle.ryan72@gmail.com,(687) 398-2125,36,98197,Female,Teacher,Asthma,49753
4428,Katrina Ayers,katrina.ayers24@yahoo.com,(540) 503-1513,35,60636,Female,Chef,No Condition,41141
4429,Phillip Gray,phillip.gray8@gmail.com,(886) 569-9638,24,98118,Male,Nurse,No Condition,63586
4430,Rachel Carter,rachel.carter30@yahoo.com,(513) 412-5383,34,75215,Female,Software Engineer,Diabetes,118556
4431,Scott Miller,scott.miller51@yahoo.com,(757) 299-7665,33,10086,Male,Nurse,No Condition,67640
4432,Phillip Avery,phillip.avery7@gmail.com,(867) 039-3367,18,75253,Male,Chef,No Condition,50612
4433,Jordan Collins,jordan.collins67@gmail.com,(308) 439-7118,34,94131,Female,Graphic Designer,No Condition,60693
4434,Victoria Brown,victoria.brown10@gmail.com,(234) 093-5827,50,60662,Female,Cashier,No Condition,33576
4435,Tamara Tucker,tamara.tucker15@hotmail.com,(720) 310-6664,51,94139,Female,Software Engineer,Cancer,140445
4436,Michael Davis,michael.davis83@hotmail.com,(947) 887-9788,34,10053,Male,Graphic Designer,Heart Disease,59736
4437,Virginia Bailey,virginia.bailey80@hotmail.com,(279) 579-7114,46,60662,Female,Teacher,Asthma,49463
4438,Judith Hayden,judith.hayden42@yahoo.com,(661) 906-9239,56,10082,Female,Software Engineer,No Condition,104834
4439,Anne Ryan,anne.ryan64@hotmail.com,(932) 786-6868,45,94131,Female,Software Engineer,No Condition,154270
4440,Eric Smith,eric.smith30@gmail.com,(226) 503-0524,43,75262,Male,Teacher,No Condition,60064
4441,Brent Fischer,brent.fischer80@gmail.com,(576) 513-3529,27,60636,Male,Marketing Manager,Asthma,86421
4442,Lindsay Alvarez,lindsay.alvarez33@gmail.com,(839) 610-8492,66,75256,Female,Chef,Diabetes,49368
4443,Amy Mejia,amy.mejia5@gmail.com,(786) 876-1297,24,98158,Female,Lawyer,Depression,121911
4444,Katherine Hernandez,katherine.hernandez55@hotmail.com,(635) 456-1431,34,60684,Female,Teacher,No Condition,66406
4445,Patrick Michael,patrick.michael7@hotmail.com,(134) 899-5312,43,10041,Male,Teacher,Asthma,45323
4446,Amanda Miranda,amanda.miranda32@hotmail.com,(404) 002-4170,33,75241,Female,Nurse,Hypertension,79177
4447,Jared King,jared.king71@gmail.com,(573) 313-4241,40,10053,Male,Graphic Designer,Asthma,66771
4448,Stephen Gonzales,stephen.gonzales69@hotmail.com,(397) 621-7794,33,10086,Male,Software Engineer,No Condition,95979
4449,Vernon May,vernon.may89@gmail.com,(210) 172-7482,32,33167,Male,Software Engineer,No Condition,84262
4450,Michelle Barry,michelle.barry42@yahoo.com,(550) 796-3132,32,60636,Female,Graphic Designer,Asthma,69200
4451,Michael Bates,michael.bates3@hotmail.com,(749) 619-6519,49,60666,Male,Lawyer,No Condition,114406
4452,James Olson,james.olson45@yahoo.com,(357) 065-8686,27,75262,Male,Lawyer,No Condition,117698
4453,Russell Leblanc,russell.leblanc95@gmail.com,(278) 577-1712,29,94131,Male,Cashier,Depression,33288
4454,Kenneth Duncan,kenneth.duncan9@gmail.com,(391) 767-0700,38,10041,Male,Teacher,No Condition,53132
4455,Christopher Gonzales,christopher.gonzales44@yahoo.com,(124) 452-7843,49,75241,Male,Accountant,No Condition,72490
4456,Michael Smith,michael.smith88@hotmail.com,(587) 806-4659,36,75241,Male,Chef,No Condition,45975
4457,Nancy Miller,nancy.miller36@hotmail.com,(368) 498-7493,57,75215,Female,Chef,Heart Disease,46960
4458,Adam Griffith,adam.griffith41@gmail.com,(626) 868-7037,56,10006,Male,Electrician,Diabetes,49043
4459,Jacob Mcneil,jacob.mcneil92@yahoo.com,(385) 457-6530,42,94131,Male,Electrician,No Condition,69593
4460,Dean Ashley,dean.ashley4@yahoo.com,(830) 813-2225,60,98197,Male,Teacher,Arthritis,57626
4461,Jacqueline Green,jacqueline.green48@gmail.com,(626) 643-5094,24,94138,Female,Chef,No Condition,33579
4462,Jacqueline Stevenson,jacqueline.stevenson17@hotmail.com,(373) 149-2662,63,98158,Female,Graphic Designer,Cancer,45897
4463,Rhonda King,rhonda.king19@yahoo.com,(160) 382-8071,32,98186,Female,Chef,No Condition,36703
4464,Anthony Scott,anthony.scott54@hotmail.com,(786) 417-9399,29,98158,Male,Lawyer,No Condition,157165
4465,Lonnie Morrison,lonnie.morrison65@hotmail.com,(739) 338-3387,44,10086,Male,Physician,No Condition,208367
4466,Kristen Clark,kristen.clark20@hotmail.com,(468) 982-5817,27,75262,Female,Nurse,No Condition,65585
4467,Justin Cortez,justin.cortez59@hotmail.com,(416) 522-3507,34,75262,Male,Chef,Depression,48504
4468,Karen Proctor,karen.proctor89@gmail.com,(552) 199-8068,39,60613,Female,Accountant,No Condition,67792
4469,Tammy Carlson,tammy.carlson94@gmail.com,(733) 429-9508,61,94131,Female,Marketing Manager,Hypertension,74591
4470,John Bright,john.bright14@gmail.com,(866) 281-0767,19,60613,Male,Data Analyst,No Condition,68821
4471,Natalie Wallace,natalie.wallace28@hotmail.com,(167) 397-1819,46,75256,Female,Graphic Designer,Asthma,40461
4472,Ian Johnston,ian.johnston74@yahoo.com,(868) 993-3053,43,33130,Male,Graphic Designer,No Condition,75054
4473,Diana Barnett,diana.barnett44@gmail.com,(942) 610-3324,19,75256,Female,Data Analyst,No Condition,64171
4474,Melissa Jimenez,melissa.jimenez15@yahoo.com,(751) 884-9198,48,60636,Female,Graphic Designer,No Condition,55128
4475,Nicole Miller,nicole.miller66@gmail.com,(894) 063-5724,63,94131,Female,Nurse,No Condition,101109
4476,Jennifer Harris,jennifer.harris60@hotmail.com,(357) 268-5007,66,75256,Female,Lawyer,Heart Disease,198052
4477,Juan Rhodes,juan.rhodes22@yahoo.com,(938) 580-0999,33,94138,Male,Software Engineer,No Condition,135622
4478,Jessica Lam,jessica.lam98@hotmail.com,(192) 450-5149,27,60666,Female,Data Analyst,No Condition,50015
4479,Emily Campos,emily.campos98@hotmail.com,(435) 975-4345,49,75241,Female,Marketing Manager,No Condition,84159
4480,Wendy Randall,wendy.randall63@hotmail.com,(896) 107-7997,36,75241,Female,Teacher,Hypertension,54638
4481,Charles Martin,charles.martin42@hotmail.com,(364) 615-3300,63,10082,Male,Lawyer,No Condition,187112
4482,Jonathan Taylor,jonathan.taylor90@yahoo.com,(107) 697-6938,34,75256,Male,Chef,Hypertension,55544
4483,Stephanie Rodriguez,stephanie.rodriguez93@yahoo.com,(338) 690-1681,18,94138,Female,Graphic Designer,Depression,63594
4484,Philip Blackwell,philip.blackwell59@yahoo.com,(650) 006-9915,50,98118,Male,Nurse,No Condition,76362
4485,Joseph Ho,joseph.ho46@hotmail.com,(639) 224-4556,31,75256,Male,Nurse,Depression,66031
4486,Ian White,ian.white72@gmail.com,(648) 944-1399,44,33143,Non-binary,Software Engineer,Heart Disease,114745
4487,Matthew Kent,matthew.kent67@yahoo.com,(799) 330-3815,41,33143,Male,Lawyer,Heart Disease,154023
4488,Kevin Matthews,kevin.matthews34@gmail.com,(470) 569-5106,46,94138,Male,Electrician,No Condition,79848
4489,Jason Rodriguez,jason.rodriguez46@gmail.com,(428) 740-8117,18,33143,Male,Graphic Designer,No Condition,68867
4490,William Mcdaniel,william.mcdaniel54@hotmail.com,(893) 821-4528,32,94131,Male,Lawyer,Arthritis,60341
4491,Stacy Trujillo,stacy.trujillo48@hotmail.com,(399) 962-8930,44,33130,Female,Data Analyst,Arthritis,84875
4492,Kristen Brown,kristen.brown5@gmail.com,(218) 505-6083,57,94145,Female,Nurse,Hypertension,78474
4493,Laura Hernandez,laura.hernandez85@yahoo.com,(904) 858-9654,18,75241,Female,Chef,Hypertension,43447
4494,Andrea Mcpherson,andrea.mcpherson91@yahoo.com,(309) 386-5471,39,75241,Female,Teacher,No Condition,55090
4495,Sue May,sue.may94@gmail.com,(754) 874-8705,20,75241,Female,Nurse,Asthma,73206
4496,James Walker,james.walker76@hotmail.com,(605) 609-4461,62,60677,Male,Accountant,Depression,95258
4497,Adam Davis,adam.davis25@hotmail.com,(635) 066-5660,53,75262,Male,Nurse,No Condition,78263
4498,Alyssa Bailey,alyssa.bailey21@gmail.com,(485) 576-5789,31,10086,Female,Physician,Hypertension,260510
4499,Samantha Alvarez,samantha.alvarez73@hotmail.com,(339) 194-7437,61,94139,Female,Marketing Manager,Diabetes,113150
4500,Shawn Bridges,shawn.bridges69@gmail.com,(135) 219-6091,18,60677,Male,Nurse,No Condition,65370
4501,Charles Henderson,charles.henderson42@yahoo.com,(271) 424-3211,60,33167,Male,Graphic Designer,Heart Disease,81164
4502,Robert Carpenter,robert.carpenter72@gmail.com,(466) 237-7381,43,75253,Male,Graphic Designer,Arthritis,52022
4503,Tiffany Mccormick,tiffany.mccormick75@gmail.com,(998) 314-5237,78,94131,Female,Teacher,No Condition,57413
4504,Tammy Pope,tammy.pope43@gmail.com,(646) 332-8742,42,75215,Female,Cashier,Asthma,33764
4505,Jennifer Powell,jennifer.powell8@hotmail.com,(666) 805-8000,31,33141,Female,Marketing Manager,Depression,58194
4506,Susan Johnston,susan.johnston50@yahoo.com,(538) 157-5015,45,75241,Female,Cashier,No Condition,34143
4507,Daniel Stephens,daniel.stephens53@hotmail.com,(557) 818-0779,62,60613,Male,Teacher,No Condition,66515
4508,Lisa Ramsey,lisa.ramsey89@gmail.com,(748) 815-1446,34,10086,Female,Nurse,No Condition,81614
4509,Brandon Carlson,brandon.carlson54@hotmail.com,(754) 171-0065,37,10040,Male,Physician,No Condition,230722
4510,Sarah Lozano,sarah.lozano98@yahoo.com,(468) 854-5536,28,33143,Female,Marketing Manager,Depression,70007
4511,Jonathan Lang,jonathan.lang50@yahoo.com,(465) 995-9902,47,75262,Male,Marketing Manager,Depression,102358
4512,Desiree Livingston,desiree.livingston40@gmail.com,(938) 162-2664,50,10041,Female,Teacher,Depression,64124
4513,Sarah Austin,sarah.austin63@gmail.com,(786) 146-2883,32,10008,Female,Accountant,Hypertension,72433
4514,Daniel Rogers,daniel.rogers93@gmail.com,(653) 315-1313,46,60622,Male,Marketing Manager,No Condition,90961
4515,Jessica Ochoa,jessica.ochoa49@yahoo.com,(802) 784-7344,45,60684,Female,Chef,No Condition,53916
4516,William Lane,william.lane59@gmail.com,(772) 239-1761,56,33167,Male,Graphic Designer,Diabetes,64696
4517,Kristin Ibarra,kristin.ibarra64@yahoo.com,(888) 584-3135,41,98101,Female,Graphic Designer,No Condition,53115
4518,Elizabeth Rose,elizabeth.rose74@yahoo.com,(774) 073-9729,52,33143,Female,Nurse,Cancer,87634
4519,Damon Freeman,damon.freeman83@yahoo.com,(457) 799-0618,51,10041,Non-binary,Electrician,Depression,58958
4520,Natalie Baker,natalie.baker58@yahoo.com,(211) 809-5455,41,10053,Female,Nurse,No Condition,90703
4521,Kevin Avery,kevin.avery41@gmail.com,(541) 528-6348,50,60684,Male,Accountant,Hypertension,71197
4522,Aaron Estes,aaron.estes53@gmail.com,(470) 649-1445,23,60677,Male,Lawyer,Asthma,108503
4523,Yvonne Vasquez,yvonne.vasquez2@yahoo.com,(220) 156-9146,38,75215,Female,Nurse,No Condition,78210
4524,James Landry,james.landry87@gmail.com,(257) 337-6840,34,94131,Male,Graphic Designer,No Condition,68105
4525,Dakota Jones,dakota.jones49@yahoo.com,(881) 090-7195,57,94138,Male,Nurse,Depression,86163
4526,Martin Sandoval,martin.sandoval57@yahoo.com,(651) 495-1495,18,60677,Male,Nurse,Diabetes,74021
4527,Joseph Lopez,joseph.lopez28@yahoo.com,(236) 807-2966,62,75241,Male,Data Analyst,Heart Disease,89538
4528,Sarah Holmes,sarah.holmes94@hotmail.com,(343) 881-6848,49,10041,Female,Teacher,Depression,69432
4529,Shannon Reeves,shannon.reeves23@gmail.com,(509) 907-0464,44,60681,Female,Lawyer,Depression,192942
4530,Gerald Young,gerald.young22@hotmail.com,(906) 045-1990,28,60681,Male,Lawyer,Diabetes,142459
4531,Angela Palmer,angela.palmer93@gmail.com,(330) 027-6327,21,10041,Female,Software Engineer,Depression,100300
4532,Carol Casey,carol.casey53@gmail.com,(669) 504-3260,56,94192,Female,Nurse,Hypertension,88943
4533,Kevin Green,kevin.green40@gmail.com,(453) 522-6549,39,60684,Male,Lawyer,Depression,116092
4534,Amy Leon,amy.leon20@yahoo.com,(739) 734-5135,18,60622,Female,Software Engineer,Hypertension,70499
4535,Edward Fisher,edward.fisher46@hotmail.com,(560) 098-9727,35,75215,Male,Teacher,Heart Disease,50149
4536,Nicole Haynes,nicole.haynes52@gmail.com,(243) 164-1199,40,94145,Non-binary,Nurse,Asthma,88130
4537,Meredith Hamilton,meredith.hamilton63@yahoo.com,(740) 254-2600,32,33130,Female,Software Engineer,No Condition,118608
4538,Cameron Goodwin,cameron.goodwin87@hotmail.com,(422) 384-3579,19,60677,Male,Cashier,Asthma,20000
4539,Kimberly Carlson,kimberly.carlson16@hotmail.com,(545) 892-2517,19,75215,Female,Teacher,No Condition,55926
4540,Sharon Morris,sharon.morris65@hotmail.com,(349) 775-6551,46,33167,Female,Cashier,No Condition,34672
4541,Kayla Waters,kayla.waters64@hotmail.com,(795) 638-3676,44,98118,Female,Nurse,Asthma,73294
4542,Gregory Gibson,gregory.gibson68@gmail.com,(810) 122-1338,77,60613,Male,Cashier,Asthma,34465
4543,Herbert Clark,herbert.clark56@hotmail.com,(642) 144-8354,56,94138,Male,Software Engineer,Asthma,146915
4544,Nicole Gibson,nicole.gibson89@hotmail.com,(688) 396-8382,26,10082,Female,Cashier,Depression,28544
4545,Brittany Dillon,brittany.dillon80@gmail.com,(209) 353-5215,41,75262,Female,Physician,Asthma,275759
4546,Katherine Frazier,katherine.frazier92@yahoo.com,(866) 068-9924,40,60684,Female,Software Engineer,Cancer,128504
4547,Brian Howard,brian.howard58@yahoo.com,(361) 080-1030,33,75262,Male,Physician,No Condition,217801
4548,Harry Garcia,harry.garcia16@gmail.com,(939) 551-2169,54,10086,Non-binary,Physician,Diabetes,250959
4549,Danny Lee,danny.lee52@hotmail.com,(754) 142-2632,37,10086,Male,Chef,No Condition,47534
4550,Patrick Francis,patrick.francis30@gmail.com,(644) 537-1504,42,75290,Male,Accountant,No Condition,67267
4551,Caleb Williamson,caleb.williamson7@yahoo.com,(287) 788-0115,46,33143,Male,Data Analyst,No Condition,68950
4552,Daniel Henderson,daniel.henderson7@yahoo.com,(123) 263-5546,38,10006,Male,Software Engineer,No Condition,151342
4553,Daniel Love,daniel.love25@hotmail.com,(493) 105-7197,31,75241,Male,Data Analyst,No Condition,58739
4554,Gregory Warner,gregory.warner34@gmail.com,(354) 552-7876,62,98101,Non-binary,Accountant,Arthritis,79765
4555,Lorraine Smith,lorraine.smith76@gmail.com,(935) 640-9309,29,33143,Female,Graphic Designer,No Condition,53290
4556,Jeffrey Lawson,jeffrey.lawson17@gmail.com,(495) 078-6796,32,10053,Male,Teacher,Asthma,59988
4557,Michael Sampson,michael.sampson97@hotmail.com,(419) 487-4612,57,75215,Male,Accountant,No Condition,60906
4558,Tracey Miller,tracey.miller18@hotmail.com,(600) 241-5517,57,10082,Female,Electrician,Depression,72999
4559,Joseph Sanders,joseph.sanders60@gmail.com,(973) 533-2702,57,98158,Male,Software Engineer,Hypertension,123881
4560,Patricia Watkins,patricia.watkins13@yahoo.com,(266) 868-5843,20,75290,Female,Accountant,Arthritis,58069
4561,Brandon Martin,brandon.martin90@gmail.com,(706) 514-9473,70,60677,Male,Cashier,Depression,43238
4562,Nicholas Cohen,nicholas.cohen13@yahoo.com,(431) 055-7710,62,98158,Male,Data Analyst,No Condition,67113
4563,Melanie Murillo,melanie.murillo24@gmail.com,(975) 960-8895,50,75262,Female,Marketing Manager,Heart Disease,93359
4564,James Hayes,james.hayes48@gmail.com,(558) 434-2314,44,60613,Male,Nurse,Cancer,80652
4565,Patricia Jackson,patricia.jackson92@gmail.com,(925) 860-6209,36,75241,Female,Software Engineer,Heart Disease,139161
4566,Brian Williams,brian.williams67@yahoo.com,(509) 991-5141,42,10086,Male,Data Analyst,Hypertension,51860
4567,April Cobb,april.cobb35@hotmail.com,(750) 134-7429,30,98186,Female,Marketing Manager,No Condition,98869
4568,Terry Bowers,terry.bowers54@yahoo.com,(412) 264-7254,29,60627,Male,Software Engineer,Hypertension,102020
4569,Michael Singh,michael.singh78@gmail.com,(145) 396-0424,31,33143,Male,Cashier,Hypertension,30191
4570,Joshua Miller,joshua.miller88@yahoo.com,(842) 539-6852,32,94138,Male,Data Analyst,Diabetes,61067
4571,Rebecca Valentine,rebecca.valentine82@yahoo.com,(382) 091-8812,47,98186,Female,Chef,No Condition,43250
4572,Elizabeth Krause,elizabeth.krause22@yahoo.com,(361) 428-0970,26,94131,Female,Graphic Designer,No Condition,36535
4573,Aimee Gill,aimee.gill70@yahoo.com,(290) 963-5159,41,60613,Female,Data Analyst,Arthritis,83407
4574,Angela Peterson,angela.peterson63@gmail.com,(831) 702-5337,21,75262,Female,Chef,No Condition,45508
4575,April Price,april.price88@yahoo.com,(837) 758-7253,23,75215,Female,Electrician,No Condition,72696
4576,Angelica Taylor,angelica.taylor81@hotmail.com,(615) 333-0032,72,33167,Female,Teacher,Depression,74302
4577,Trevor Johnston,trevor.johnston53@yahoo.com,(247) 413-3115,53,94131,Male,Graphic Designer,Cancer,76482
4578,Linda Gordon,linda.gordon53@hotmail.com,(648) 422-6631,45,33143,Female,Data Analyst,No Condition,89986
4579,Elizabeth Lewis,elizabeth.lewis60@hotmail.com,(790) 349-1315,40,10049,Female,Electrician,Cancer,71576
4580,Martin Gonzalez,martin.gonzalez43@hotmail.com,(666) 713-6463,37,60622,Male,Software Engineer,Asthma,117447
4581,Angela Reilly,angela.reilly46@yahoo.com,(922) 823-2534,21,98118,Female,Cashier,No Condition,20000
4582,Matthew Hardy,matthew.hardy38@hotmail.com,(897) 993-4965,26,10041,Male,Data Analyst,No Condition,63376
4583,Joy Pierce,joy.pierce82@hotmail.com,(135) 219-7064,18,60684,Female,Teacher,No Condition,48234
4584,Tina Roberts,tina.roberts36@gmail.com,(931) 540-2447,50,10041,Female,Chef,No Condition,39457
4585,Christine Stephenson,christine.stephenson95@yahoo.com,(550) 163-2703,55,75256,Female,Accountant,Heart Disease,74306
4586,Kenneth King,kenneth.king59@gmail.com,(852) 696-3642,40,60677,Male,Cashier,No Condition,34925
4587,Tara Cross,tara.cross95@gmail.com,(864) 543-6768,22,33143,Female,Nurse,No Condition,86930
4588,Lisa Hamilton,lisa.hamilton84@hotmail.com,(146) 726-9863,19,10086,Female,Data Analyst,Hypertension,80928
4589,Stephanie Davis,stephanie.davis65@gmail.com,(833) 279-8821,51,33143,Female,Cashier,Diabetes,27603
4590,Aaron Davidson,aaron.davidson59@yahoo.com,(271) 996-1494,26,10053,Male,Accountant,No Condition,77413
4591,Shannon Bell,shannon.bell90@yahoo.com,(675) 616-0384,60,33143,Female,Teacher,No Condition,63278
4592,William Hernandez,william.hernandez37@gmail.com,(268) 228-7956,46,10041,Male,Accountant,No Condition,74372
4593,Elizabeth Miller,elizabeth.miller77@gmail.com,(396) 615-9293,49,94138,Female,Data Analyst,No Condition,85466
4594,Monique Ashley,monique.ashley81@yahoo.com,(189) 088-5069,18,33143,Female,Physician,No Condition,151063
4595,Cheryl Cervantes,cheryl.cervantes93@gmail.com,(147) 112-0273,54,33111,Female,Software Engineer,Cancer,130916
4596,Sandra Santos,sandra.santos74@gmail.com,(885) 951-2920,18,75262,Female,Nurse,No Condition,70255
4597,Brittany Gonzalez,brittany.gonzalez60@gmail.com,(635) 823-3989,33,60662,Female,Accountant,Asthma,64688
4598,Andrea Hale,andrea.hale23@gmail.com,(899) 773-8792,30,10086,Female,Data Analyst,Hypertension,40892
4599,Juan Mcdonald,juan.mcdonald87@yahoo.com,(782) 360-8422,44,60684,Male,Accountant,No Condition,82724
4600,Rhonda Chang,rhonda.chang55@yahoo.com,(551) 444-8657,44,60684,Female,Physician,Arthritis,190882
4601,Christina Villanueva,christina.villanueva20@gmail.com,(206) 814-8499,34,33111,Female,Teacher,Cancer,52776
4602,Laurie Warner,laurie.warner50@gmail.com,(902) 981-1300,20,60627,Female,Cashier,Diabetes,28343
4603,Devon Weeks,devon.weeks14@gmail.com,(791) 419-8117,37,60613,Male,Nurse,Depression,91020
4604,Danielle Lee,danielle.lee62@hotmail.com,(450) 749-5044,57,10006,Female,Data Analyst,Heart Disease,82130
4605,Sarah Jackson,sarah.jackson85@gmail.com,(292) 980-2844,50,75256,Female,Nurse,Hypertension,99556
4606,Rebecca Ortiz,rebecca.ortiz16@hotmail.com,(669) 362-4088,73,75262,Female,Physician,Asthma,231218
4607,Vicki Wilson,vicki.wilson47@hotmail.com,(663) 238-1370,24,94140,Female,Data Analyst,No Condition,75956
4608,Karen Ortega,karen.ortega66@gmail.com,(503) 762-2659,32,60662,Female,Data Analyst,Asthma,55603
4609,Bryan Nguyen,bryan.nguyen97@yahoo.com,(983) 851-6357,68,33141,Male,Nurse,Hypertension,89088
4610,Angel Lindsey,angel.lindsey1@yahoo.com,(344) 668-4713,38,94138,Female,Cashier,No Condition,31326
4611,Melinda Harvey,melinda.harvey28@gmail.com,(902) 915-8511,18,98118,Female,Marketing Manager,No Condition,66638
4612,Jacob Miller,jacob.miller61@gmail.com,(601) 460-2353,47,60627,Male,Cashier,No Condition,32167
4613,Madeline Vargas,madeline.vargas88@yahoo.com,(282) 890-1408,58,75253,Female,Chef,Arthritis,55789
4614,Sarah Steele,sarah.steele2@yahoo.com,(863) 167-6602,44,94131,Female,Software Engineer,Asthma,146574
4615,Brandon Hoffman,brandon.hoffman91@gmail.com,(978) 884-7871,59,60666,Male,Software Engineer,No Condition,146564
4616,Billy Gilbert,billy.gilbert42@hotmail.com,(834) 770-5104,34,75262,Male,Teacher,Asthma,70136
4617,David Smith,david.smith58@hotmail.com,(580) 282-1311,32,75262,Male,Cashier,Asthma,32566
4618,Ryan Thompson,ryan.thompson90@hotmail.com,(814) 304-4469,24,75215,Male,Teacher,No Condition,55235
4619,Joseph Chapman,joseph.chapman6@gmail.com,(859) 634-9001,18,94131,Male,Lawyer,No Condition,112515
4620,Jason Cortez,jason.cortez63@hotmail.com,(633) 450-0419,56,33130,Male,Physician,Asthma,273523
4621,Ann Miller,ann.miller23@hotmail.com,(703) 076-6170,42,94131,Female,Nurse,Arthritis,93180
4622,Michael Rodriguez,michael.rodriguez80@hotmail.com,(968) 464-8209,61,33143,Male,Accountant,Heart Disease,65199
4623,Katherine Schmidt,katherine.schmidt72@hotmail.com,(418) 186-9692,67,60613,Female,Chef,Depression,39770
4624,Richard King,richard.king21@yahoo.com,(205) 572-4772,27,94131,Male,Graphic Designer,Depression,55506
4625,Richard Deleon,richard.deleon25@yahoo.com,(536) 209-1604,44,60636,Male,Cashier,No Condition,36671
4626,Tristan Woods,tristan.woods32@hotmail.com,(723) 190-1706,18,75241,Male,Lawyer,No Condition,112301
4627,William Rose,william.rose49@yahoo.com,(637) 218-5893,32,33143,Male,Nurse,Diabetes,73096
4628,Jose Wright,jose.wright62@hotmail.com,(604) 705-7126,37,75215,Male,Nurse,No Condition,79878
4629,Jasmine Reed,jasmine.reed2@hotmail.com,(641) 656-6671,29,60627,Female,Teacher,No Condition,39699
4630,Jimmy Sparks,jimmy.sparks35@gmail.com,(611) 207-0180,64,98186,Male,Graphic Designer,Diabetes,84157
4631,Mark Tate,mark.tate47@gmail.com,(659) 679-2625,37,75241,Male,Teacher,No Condition,59907
4632,Breanna Stevens,breanna.stevens40@gmail.com,(150) 335-9848,55,10049,Female,Nurse,Heart Disease,81979
4633,Sara Butler,sara.butler25@hotmail.com,(868) 304-3422,32,94172,Female,Chef,Diabetes,46577
4634,Kimberly Robinson,kimberly.robinson80@gmail.com,(101) 339-8930,52,60666,Female,Accountant,Heart Disease,72895
4635,Diana Williams,diana.williams79@yahoo.com,(665) 849-0140,29,10041,Female,Accountant,Depression,96520
4636,Jessica Fitzgerald,jessica.fitzgerald35@gmail.com,(157) 870-9095,18,98158,Female,Graphic Designer,Depression,44778
4637,Charles Stark,charles.stark20@hotmail.com,(299) 046-3691,41,10053,Male,Accountant,Asthma,82702
4638,Jose Lee,jose.lee92@hotmail.com,(764) 883-6269,31,94131,Male,Marketing Manager,Asthma,82472
4639,Angela Graves,angela.graves78@yahoo.com,(577) 177-5296,18,94138,Female,Electrician,No Condition,59770
4640,Taylor Kramer,taylor.kramer45@hotmail.com,(969) 154-8978,39,94131,Female,Data Analyst,No Condition,66364
4641,Monica Powers,monica.powers61@yahoo.com,(112) 452-7705,41,33141,Female,Accountant,Cancer,74446
4642,Rebecca Ballard,rebecca.ballard25@yahoo.com,(255) 056-2448,48,98118,Female,Physician,Depression,199883
4643,Kimberly Farley,kimberly.farley75@hotmail.com,(488) 678-9501,38,60636,Female,Accountant,Hypertension,64942
4644,Stephen Rodriguez,stephen.rodriguez80@hotmail.com,(138) 707-4142,18,60613,Male,Accountant,No Condition,63077
4645,Ashley Hill,ashley.hill61@hotmail.com,(584) 382-8140,36,60677,Female,Teacher,Diabetes,50032
4646,James Collins,james.collins95@hotmail.com,(463) 572-3627,39,75241,Male,Chef,Depression,58195
4647,Crystal Mason,crystal.mason49@hotmail.com,(403) 454-4684,36,98197,Female,Marketing Manager,Asthma,92717
4648,Victor White,victor.white57@gmail.com,(809) 549-6861,49,75215,Male,Chef,No Condition,52508
4649,Joe Robbins,joe.robbins3@gmail.com,(907) 909-9199,51,60636,Male,Chef,No Condition,57154
4650,Ryan Colon,ryan.colon70@yahoo.com,(267) 617-0995,18,98118,Male,Electrician,Hypertension,34364
4651,Brandon Williams,brandon.williams49@hotmail.com,(156) 257-6210,52,75256,Male,Graphic Designer,Hypertension,54855
4652,Charles Johnson,charles.johnson98@yahoo.com,(295) 500-0444,33,10086,Male,Nurse,Arthritis,99900
4653,Gregory York,gregory.york40@yahoo.com,(330) 572-7562,61,75262,Male,Software Engineer,Arthritis,120200
4654,Alison Wilson,alison.wilson13@yahoo.com,(889) 283-9053,69,33143,Female,Cashier,Hypertension,40363
4655,Alyssa Garner,alyssa.garner78@hotmail.com,(976) 072-0324,67,75262,Female,Data Analyst,No Condition,102760
4656,Veronica Lee,veronica.lee7@gmail.com,(737) 756-7794,40,94138,Female,Cashier,No Condition,36704
4657,James Gardner,james.gardner24@gmail.com,(924) 148-4268,59,98118,Male,Nurse,No Condition,93791
4658,William Chandler,william.chandler40@yahoo.com,(975) 746-5857,31,98101,Male,Marketing Manager,No Condition,65314
4659,Jacob Underwood,jacob.underwood65@yahoo.com,(719) 242-7934,36,33143,Male,Teacher,No Condition,37220
4660,Kimberly Anderson,kimberly.anderson9@hotmail.com,(898) 516-5228,24,94131,Female,Physician,No Condition,200102
4661,William Clark,william.clark41@gmail.com,(518) 778-6341,24,98158,Male,Physician,No Condition,123346
4662,Dominique Barrera,dominique.barrera5@hotmail.com,(177) 476-3971,71,60677,Female,Software Engineer,Diabetes,119443
4663,Cheryl Warren,cheryl.warren60@yahoo.com,(927) 796-0688,29,60627,Female,Software Engineer,Asthma,135371
4664,Mckenzie Kim,mckenzie.kim55@hotmail.com,(742) 050-5784,18,75241,Female,Cashier,Asthma,30608
4665,Christopher Morrow,christopher.morrow8@yahoo.com,(634) 651-8651,52,60681,Male,Cashier,Diabetes,35676
4666,David Anderson,david.anderson57@yahoo.com,(913) 829-8790,42,94192,Male,Accountant,No Condition,65528
4667,Paul Dennis,paul.dennis41@hotmail.com,(886) 514-6601,42,33143,Male,Teacher,No Condition,57646
4668,Adrian Miranda,adrian.miranda19@yahoo.com,(393) 967-0155,60,75256,Male,Data Analyst,Hypertension,95342
4669,Clinton Parker,clinton.parker18@hotmail.com,(924) 655-2957,50,98158,Male,Teacher,Diabetes,55197
4670,Jodi Bauer,jodi.bauer11@gmail.com,(851) 683-2022,40,10041,Female,Data Analyst,Diabetes,87946
4671,Michelle Miller,michelle.miller46@hotmail.com,(118) 002-1498,66,75256,Female,Nurse,Depression,94024
4672,Andres Hubbard,andres.hubbard42@hotmail.com,(447) 555-7734,32,10053,Male,Data Analyst,Cancer,90905
4673,Chase White,chase.white91@hotmail.com,(513) 218-3669,41,60684,Male,Electrician,Depression,61691
4674,Loretta Wright,loretta.wright62@hotmail.com,(380) 846-9873,18,94131,Female,Electrician,No Condition,65368
4675,Laura Harrington,laura.harrington3@yahoo.com,(184) 562-7137,26,75262,Female,Chef,Arthritis,44122
4676,Mario Green,mario.green58@yahoo.com,(169) 845-9890,43,60684,Male,Electrician,Arthritis,66697
4677,Jamie Conrad,jamie.conrad69@gmail.com,(594) 783-0626,37,75262,Female,Cashier,Hypertension,37655
4678,Jared Mercer,jared.mercer44@hotmail.com,(789) 987-2444,34,75262,Male,Graphic Designer,Depression,56384
4679,Susan Booker,susan.booker78@gmail.com,(428) 420-9274,41,94131,Female,Graphic Designer,Depression,73199
4680,Michael Wilcox,michael.wilcox28@hotmail.com,(281) 122-0215,52,98193,Male,Graphic Designer,Heart Disease,83069
4681,William Brewer,william.brewer48@hotmail.com,(251) 368-4054,42,60677,Male,Lawyer,Arthritis,145597
4682,Mike Caldwell,mike.caldwell71@gmail.com,(237) 008-7775,53,75241,Male,Cashier,Asthma,36332
4683,Lucas Potter,lucas.potter13@gmail.com,(522) 607-3478,54,98158,Male,Cashier,Heart Disease,34887
4684,David Simmons,david.simmons30@yahoo.com,(484) 643-1032,57,10053,Male,Data Analyst,Depression,83229
4685,Victoria Gardner,victoria.gardner95@hotmail.com,(954) 376-7305,62,98186,Female,Accountant,Heart Disease,78644
4686,Grace Thompson,grace.thompson17@hotmail.com,(564) 599-6822,39,75290,Female,Software Engineer,No Condition,89611
4687,Christine Buck,christine.buck59@hotmail.com,(312) 558-8983,41,60636,Female,Nurse,No Condition,68587
4688,Melissa Smith,melissa.smith11@hotmail.com,(114) 125-7067,48,33143,Female,Teacher,Asthma,75255
4689,Joyce Decker,joyce.decker33@hotmail.com,(224) 454-7597,45,60677,Female,Data Analyst,Heart Disease,88725
4690,Brian Franco,brian.franco78@yahoo.com,(768) 731-0242,52,33143,Male,Chef,Cancer,49485
4691,Regina Stewart,regina.stewart22@hotmail.com,(463) 946-8458,45,94139,Female,Nurse,Depression,87189
4692,Michael Aguirre,michael.aguirre4@hotmail.com,(403) 585-8726,35,98186,Male,Nurse,Depression,88441
4693,Melanie Neal,melanie.neal23@yahoo.com,(350) 271-9264,32,33141,Female,Software Engineer,No Condition,112697
4694,Brian Smith,brian.smith75@gmail.com,(787) 288-0736,39,94138,Male,Cashier,Arthritis,35852
4695,Taylor Macdonald,taylor.macdonald36@hotmail.com,(149) 706-9599,46,94138,Female,Graphic Designer,No Condition,54189
4696,Nicholas Vega,nicholas.vega80@gmail.com,(696) 433-5623,42,75241,Male,Nurse,Diabetes,92583
4697,Richard Jackson,richard.jackson97@gmail.com,(318) 700-0082,72,60677,Male,Teacher,Depression,61221
4698,Bethany Brown,bethany.brown80@gmail.com,(122) 089-3956,62,60684,Female,Electrician,Asthma,65890
4699,Joseph Rice,joseph.rice56@yahoo.com,(966) 171-0147,60,60613,Male,Accountant,Asthma,73938
4700,Christopher Lamb,christopher.lamb92@yahoo.com,(799) 117-3906,44,75256,Male,Lawyer,Heart Disease,144242
4701,Frederick Fitzgerald,frederick.fitzgerald89@hotmail.com,(288) 576-0273,26,75244,Male,Electrician,Asthma,57559
4702,Jeff Allen,jeff.allen27@yahoo.com,(102) 450-6327,40,33167,Male,Physician,No Condition,208366
4703,Timothy Neal,timothy.neal17@yahoo.com,(724) 169-4564,40,60677,Male,Cashier,Heart Disease,29964
4704,Kimberly Gray,kimberly.gray72@yahoo.com,(146) 914-2840,42,60666,Female,Software Engineer,No Condition,137549
4705,Abigail Mckee,abigail.mckee29@gmail.com,(213) 743-7847,45,10006,Female,Cashier,Hypertension,27991
4706,Alicia Wells,alicia.wells48@hotmail.com,(723) 225-8337,59,94139,Female,Data Analyst,Hypertension,76641
4707,Richard Berger,richard.berger49@hotmail.com,(223) 345-0154,58,60613,Male,Accountant,Heart Disease,60498
4708,Julie Sullivan,julie.sullivan98@yahoo.com,(286) 610-0005,37,33143,Female,Cashier,Depression,32291
4709,Sarah Martinez,sarah.martinez66@yahoo.com,(924) 793-9334,47,94131,Female,Graphic Designer,No Condition,65563
4710,Matthew Miller,matthew.miller26@gmail.com,(926) 963-1555,39,10041,Male,Teacher,No Condition,47625
4711,Amber Smith,amber.smith55@yahoo.com,(457) 575-1318,37,75247,Female,Marketing Manager,Arthritis,88573
4712,Nancy Arnold,nancy.arnold3@gmail.com,(170) 844-4685,39,33111,Female,Lawyer,Cancer,156057
4713,Ashley Gonzalez,ashley.gonzalez37@hotmail.com,(413) 854-1842,19,60613,Female,Software Engineer,No Condition,89350
4714,Christopher Powell,christopher.powell65@yahoo.com,(157) 017-7337,47,10086,Male,Physician,No Condition,261786
4715,Austin Henderson,austin.henderson45@gmail.com,(460) 549-7127,84,98186,Male,Cashier,Depression,33325
4716,Angela Johnson,angela.johnson22@gmail.com,(162) 775-6999,33,94131,Female,Data Analyst,No Condition,70487
4717,Jessica Johnson,jessica.johnson27@gmail.com,(286) 960-9566,29,60666,Female,Cashier,No Condition,29211
4718,Bradley Mclaughlin,bradley.mclaughlin27@hotmail.com,(728) 921-0758,33,60684,Male,Accountant,Asthma,93142
4719,Eric Ward,eric.ward88@gmail.com,(509) 753-3631,42,94138,Male,Nurse,Depression,86494
4720,Laura Holden,laura.holden52@gmail.com,(689) 691-8617,62,33111,Female,Cashier,Diabetes,29476
4721,Matthew Gardner,matthew.gardner35@gmail.com,(745) 496-4220,47,75241,Male,Electrician,Hypertension,69836
4722,Rhonda Tate,rhonda.tate80@hotmail.com,(925) 583-0035,43,75262,Female,Cashier,Heart Disease,29955
4723,Anthony Warner,anthony.warner67@hotmail.com,(975) 634-4910,48,98158,Male,Nurse,No Condition,84675
4724,April Cameron,april.cameron64@yahoo.com,(888) 319-2727,35,10082,Non-binary,Data Analyst,Depression,77806
4725,Jonathan Clark,jonathan.clark42@gmail.com,(879) 328-1816,46,75241,Male,Chef,Hypertension,51367
4726,Brandon Mccann,brandon.mccann70@yahoo.com,(411) 034-0207,66,10053,Male,Graphic Designer,Hypertension,68639
4727,Jessica Jimenez,jessica.jimenez46@yahoo.com,(174) 179-1848,18,60636,Female,Graphic Designer,No Condition,46937
4728,Albert Brown,albert.brown36@gmail.com,(113) 302-1489,47,75262,Male,Electrician,No Condition,73405
4729,Dawn Smith,dawn.smith6@gmail.com,(839) 215-8192,32,33143,Female,Software Engineer,No Condition,75463
4730,Randall Crosby,randall.crosby95@yahoo.com,(543) 764-5618,48,75262,Male,Software Engineer,No Condition,108176
4731,Jeffery Berry,jeffery.berry53@gmail.com,(858) 336-5974,26,10086,Male,Software Engineer,No Condition,106871
4732,Stephen Arias,stephen.arias7@hotmail.com,(191) 487-1929,49,60613,Male,Accountant,Arthritis,77597
4733,Sean Kramer,sean.kramer43@gmail.com,(782) 656-1978,44,75262,Male,Nurse,Heart Disease,89193
4734,Kimberly Jones,kimberly.jones61@yahoo.com,(869) 916-9927,43,60684,Female,Nurse,No Condition,85499
4735,Megan Leonard,megan.leonard23@hotmail.com,(866) 574-8659,72,10041,Female,Electrician,Heart Disease,64450
4736,Jessica Ashley,jessica.ashley92@hotmail.com,(677) 673-8007,54,75241,Female,Software Engineer,Asthma,106938
4737,Amanda Briggs,amanda.briggs87@hotmail.com,(823) 373-3934,47,94131,Female,Graphic Designer,Depression,57026
4738,Patricia Vazquez,patricia.vazquez58@hotmail.com,(826) 788-6570,63,94138,Female,Electrician,No Condition,78737
4739,Danielle Fuentes,danielle.fuentes13@yahoo.com,(246) 052-1732,22,10086,Female,Software Engineer,No Condition,104349
4740,David Smith,david.smith76@yahoo.com,(387) 892-8802,34,75241,Male,Lawyer,Diabetes,105155
4741,Leah Montoya,leah.montoya87@yahoo.com,(876) 930-8883,58,98118,Female,Chef,Cancer,65034
4742,Robin Johnson,robin.johnson26@hotmail.com,(591) 906-2315,45,60684,Female,Accountant,No Condition,75337
4743,Danny Parker,danny.parker72@hotmail.com,(719) 747-0848,41,98186,Male,Electrician,Hypertension,76545
4744,John Rodriguez,john.rodriguez84@yahoo.com,(424) 985-9634,55,60684,Male,Marketing Manager,Arthritis,103084
4745,Jay Greer,jay.greer80@hotmail.com,(509) 416-2672,24,60666,Male,Graphic Designer,No Condition,43776
4746,Alexandra Lawson,alexandra.lawson8@gmail.com,(787) 013-2156,46,60666,Female,Teacher,Asthma,66460
4747,Joan Brown,joan.brown3@hotmail.com,(318) 717-1045,57,75290,Female,Teacher,Hypertension,67249
4748,Mitchell Williams,mitchell.williams26@gmail.com,(989) 802-2131,34,60627,Male,Accountant,No Condition,69429
4749,Lauren Sanders,lauren.sanders31@yahoo.com,(203) 461-1734,57,33143,Female,Electrician,Hypertension,69405
4750,Todd Olson,todd.olson22@hotmail.com,(341) 465-5451,18,33143,Male,Physician,No Condition,175779
4751,Tina Villarreal,tina.villarreal12@yahoo.com,(759) 164-9156,26,60622,Female,Chef,No Condition,35398
4752,Corey Vaughn,corey.vaughn71@yahoo.com,(133) 864-8650,22,98118,Male,Accountant,No Condition,65268
4753,Jeremy Phillips,jeremy.phillips51@gmail.com,(452) 501-9165,58,10041,Male,Cashier,No Condition,41034
4754,James Murray,james.murray68@yahoo.com,(269) 677-8134,18,60684,Male,Teacher,Diabetes,54075
4755,Ellen Peterson,ellen.peterson93@yahoo.com,(148) 649-1535,58,98118,Female,Marketing Manager,Hypertension,112666
4756,Laura Barnett,laura.barnett14@gmail.com,(551) 840-6392,42,75262,Female,Teacher,No Condition,66407
4757,Mallory Powell,mallory.powell23@gmail.com,(232) 710-0499,45,98158,Female,Nurse,Asthma,113516
4758,Sharon Patterson,sharon.patterson78@yahoo.com,(338) 470-9819,47,94138,Female,Lawyer,Diabetes,161305
4759,Maria Cox,maria.cox43@hotmail.com,(616) 339-2362,22,10082,Female,Marketing Manager,Asthma,66421
4760,Lauren Robinson,lauren.robinson46@hotmail.com,(265) 711-9249,18,60636,Female,Software Engineer,Hypertension,90787
4761,Brenda Hammond,brenda.hammond74@gmail.com,(300) 623-8183,23,75262,Female,Electrician,Asthma,65528
4762,Joseph Wilson,joseph.wilson89@yahoo.com,(891) 776-1960,41,33167,Non-binary,Nurse,No Condition,74220
4763,Manuel Miller,manuel.miller4@yahoo.com,(429) 233-5913,44,75241,Male,Chef,No Condition,36537
4764,Isaiah Miller,isaiah.miller71@yahoo.com,(135) 628-7245,52,60613,Male,Teacher,Depression,64302
4765,Raymond Higgins,raymond.higgins97@hotmail.com,(909) 414-7716,18,98101,Male,Marketing Manager,Diabetes,70909
4766,Christopher Wade,christopher.wade23@hotmail.com,(221) 824-4682,34,60666,Male,Marketing Manager,Asthma,71437
4767,Jennifer Bennett,jennifer.bennett74@hotmail.com,(370) 386-4732,47,33143,Female,Electrician,Hypertension,66360
4768,Claudia Taylor,claudia.taylor73@gmail.com,(242) 637-8368,35,75241,Female,Data Analyst,No Condition,58116
4769,Caitlin King,caitlin.king75@yahoo.com,(152) 878-4759,32,60613,Female,Chef,Hypertension,45556
4770,Donald Owens,donald.owens9@hotmail.com,(617) 643-4410,53,60684,Male,Electrician,Hypertension,75240
4771,Jimmy Evans,jimmy.evans3@hotmail.com,(306) 525-3293,42,98158,Male,Teacher,No Condition,58623
4772,Derrick Houston,derrick.houston54@hotmail.com,(183) 451-9955,56,75215,Male,Marketing Manager,No Condition,97768
4773,Nicole Pearson,nicole.pearson11@hotmail.com,(877) 547-2815,64,75215,Female,Nurse,Arthritis,100629
4774,Alexander Patterson,alexander.patterson45@gmail.com,(850) 162-2043,33,33167,Male,Teacher,Depression,48620
4775,Jill Martinez,jill.martinez75@hotmail.com,(748) 724-8492,59,10053,Female,Nurse,Diabetes,84254
4776,Autumn Jackson,autumn.jackson53@hotmail.com,(930) 568-2080,68,94179,Female,Cashier,Depression,36089
4777,Casey Hardy,casey.hardy38@hotmail.com,(380) 988-2209,64,98118,Female,Graphic Designer,No Condition,88954
4778,Heather Sims,heather.sims97@gmail.com,(494) 235-4791,40,10053,Female,Electrician,Diabetes,76905
4779,Amber Moore,amber.moore2@hotmail.com,(329) 902-5100,28,75256,Female,Physician,Heart Disease,228487
4780,Christopher Harper,christopher.harper39@gmail.com,(557) 998-8359,60,10086,Male,Data Analyst,Heart Disease,95916
4781,Tanya Jackson,tanya.jackson66@gmail.com,(132) 240-8077,63,60684,Female,Graphic Designer,Cancer,61283
4782,Alexandria Olson,alexandria.olson66@hotmail.com,(517) 150-6852,62,60677,Female,Cashier,Depression,30237
4783,Jane Hunter,jane.hunter4@hotmail.com,(295) 920-8515,27,33141,Female,Marketing Manager,Asthma,95758
4784,Richard Taylor,richard.taylor95@hotmail.com,(566) 009-9974,67,33119,Male,Lawyer,Asthma,147844
4785,Thomas Garcia,thomas.garcia48@yahoo.com,(415) 903-6487,39,33143,Male,Lawyer,No Condition,162818
4786,John Terry,john.terry80@hotmail.com,(901) 259-9684,27,60684,Male,Teacher,No Condition,65038
4787,Michael Adams,michael.adams12@gmail.com,(329) 786-7154,27,33143,Male,Teacher,No Condition,56679
4788,Rhonda Dennis,rhonda.dennis52@hotmail.com,(859) 957-1947,30,60677,Female,Cashier,Arthritis,35076
4789,Amber Mcdonald,amber.mcdonald76@gmail.com,(691) 035-3363,35,75290,Female,Software Engineer,Arthritis,103222
4790,Marcus Wilson,marcus.wilson11@yahoo.com,(923) 405-1558,45,10053,Male,Marketing Manager,Asthma,99361
4791,Maria Hamilton,maria.hamilton25@gmail.com,(614) 387-0611,63,60636,Female,Teacher,Diabetes,49699
4792,Elizabeth Garrison,elizabeth.garrison6@gmail.com,(318) 895-9491,38,98118,Female,Chef,Heart Disease,46090
4793,Molly Hughes,molly.hughes21@hotmail.com,(595) 173-3666,34,10041,Female,Accountant,Diabetes,79210
4794,Joshua Ramirez,joshua.ramirez35@gmail.com,(237) 400-1980,38,98158,Male,Software Engineer,No Condition,130307
4795,Samantha Smith,samantha.smith34@yahoo.com,(638) 224-4326,42,33143,Female,Accountant,Heart Disease,79034
4796,Patricia Sanford,patricia.sanford54@hotmail.com,(651) 898-1978,41,98101,Female,Data Analyst,No Condition,76708
4797,Scott Brown,scott.brown86@yahoo.com,(491) 543-6980,48,60613,Male,Graphic Designer,No Condition,56202
4798,Derrick Morrison,derrick.morrison56@yahoo.com,(189) 304-9408,75,60613,Male,Data Analyst,No Condition,84024
4799,Lisa Jones,lisa.jones44@gmail.com,(469) 569-8198,19,10006,Female,Graphic Designer,No Condition,56802
4800,Chelsea Mata,chelsea.mata57@gmail.com,(416) 792-6640,48,60677,Female,Electrician,No Condition,61774
4801,Michael Griffin,michael.griffin85@gmail.com,(259) 990-6408,58,75215,Male,Teacher,Hypertension,65400
4802,Antonio West,antonio.west42@gmail.com,(391) 796-5105,52,33143,Male,Data Analyst,No Condition,76236
4803,Ronald Johnson,ronald.johnson33@yahoo.com,(453) 749-4558,47,75241,Male,Cashier,No Condition,27309
4804,Kirk Miller,kirk.miller28@yahoo.com,(266) 549-3478,27,75215,Male,Software Engineer,No Condition,83177
4805,Ricky Mack,ricky.mack74@yahoo.com,(388) 810-7863,27,98101,Male,Accountant,No Condition,66967
4806,Amy George,amy.george59@gmail.com,(330) 781-7623,22,10086,Female,Electrician,No Condition,40845
4807,Erin Hardin,erin.hardin31@hotmail.com,(611) 912-7761,41,60666,Female,Lawyer,No Condition,67985
4808,Sarah Gardner,sarah.gardner68@yahoo.com,(184) 424-6760,50,10086,Female,Lawyer,No Condition,137448
4809,David Barrett,david.barrett49@gmail.com,(559) 765-7125,36,94140,Male,Nurse,No Condition,63764
4810,Elizabeth Bell,elizabeth.bell87@yahoo.com,(179) 519-6149,40,98118,Female,Cashier,No Condition,26887
4811,Tracy Jones,tracy.jones66@hotmail.com,(740) 905-4449,45,10082,Female,Cashier,Hypertension,34931
4812,Carolyn Paul,carolyn.paul35@yahoo.com,(121) 653-8973,23,10041,Female,Data Analyst,No Condition,49053
4813,Stephen Powell,stephen.powell90@hotmail.com,(267) 524-4203,55,75215,Non-binary,Nurse,Diabetes,94249
4814,Ryan Miranda,ryan.miranda86@yahoo.com,(399) 706-5811,23,94145,Male,Data Analyst,No Condition,85874
4815,Donald Sherman,donald.sherman50@yahoo.com,(978) 363-5096,55,60627,Male,Software Engineer,Hypertension,118843
4816,Amber Garcia,amber.garcia27@gmail.com,(627) 166-2393,60,10006,Female,Nurse,Diabetes,96027
4817,Catherine Barnes,catherine.barnes29@gmail.com,(377) 265-5813,56,10086,Female,Marketing Manager,Depression,118441
4818,Rebecca Hamilton,rebecca.hamilton22@gmail.com,(454) 270-1823,29,94138,Female,Graphic Designer,No Condition,59111
4819,Maria Abbott,maria.abbott42@hotmail.com,(500) 253-0467,33,10086,Female,Nurse,Cancer,68785
4820,Alan Chavez,alan.chavez26@hotmail.com,(453) 311-5648,47,10086,Male,Marketing Manager,No Condition,97154
4821,Erica Perry,erica.perry80@hotmail.com,(487) 531-8483,30,98158,Female,Nurse,Asthma,85547
4822,Jamie Hart,jamie.hart67@gmail.com,(752) 964-5871,47,75241,Female,Marketing Manager,Cancer,75022
4823,James Banks,james.banks70@gmail.com,(803) 221-6880,43,60613,Male,Lawyer,No Condition,167285
4824,April Hunt,april.hunt22@gmail.com,(255) 741-2512,43,75241,Female,Software Engineer,Depression,88053
4825,Kimberly Lee,kimberly.lee24@hotmail.com,(534) 017-9194,35,94139,Female,Accountant,No Condition,62478
4826,Xavier Fletcher,xavier.fletcher63@hotmail.com,(757) 669-6253,62,94162,Male,Nurse,Hypertension,90270
4827,Jocelyn Garcia,jocelyn.garcia7@yahoo.com,(812) 034-5741,21,75262,Female,Physician,Hypertension,240970
4828,Gina Cooper,gina.cooper78@hotmail.com,(423) 002-2422,48,75241,Female,Data Analyst,No Condition,73749
4829,Tracy Cole,tracy.cole28@yahoo.com,(864) 333-5199,53,60677,Female,Cashier,No Condition,36399
4830,Mark Moore,mark.moore37@gmail.com,(411) 529-2709,49,33143,Male,Nurse,Heart Disease,82690
4831,Nicholas Fisher,nicholas.fisher12@yahoo.com,(164) 201-1731,36,98101,Male,Physician,Arthritis,214065
4832,Blake Salazar,blake.salazar48@gmail.com,(604) 600-5204,53,75256,Male,Lawyer,No Condition,182026
4833,Ronald Roach,ronald.roach37@hotmail.com,(865) 103-8953,68,94138,Male,Electrician,Diabetes,77357
4834,Michael White,michael.white18@yahoo.com,(383) 929-0253,48,94140,Male,Software Engineer,Arthritis,105636
4835,Elizabeth Rice,elizabeth.rice38@hotmail.com,(607) 696-5776,46,33143,Female,Marketing Manager,No Condition,98397
4836,Eric Armstrong,eric.armstrong64@hotmail.com,(528) 914-6312,42,94179,Male,Data Analyst,No Condition,94804
4837,Grace Young,grace.young59@yahoo.com,(949) 116-0847,34,60613,Female,Accountant,Cancer,70931
4838,Melanie Martinez,melanie.martinez69@gmail.com,(522) 344-9447,73,60666,Female,Marketing Manager,No Condition,88245
4839,Joshua Fox,joshua.fox1@hotmail.com,(669) 445-1421,55,75241,Male,Graphic Designer,Diabetes,53868
4840,John Oliver,john.oliver10@hotmail.com,(214) 260-7133,36,10049,Male,Nurse,Asthma,81264
4841,Debra Berger,debra.berger65@gmail.com,(676) 461-2395,45,60677,Female,Nurse,No Condition,86308
4842,Dennis Singh,dennis.singh63@hotmail.com,(825) 913-7206,57,98158,Male,Cashier,Depression,41043
4843,Jessica Valencia,jessica.valencia58@gmail.com,(509) 780-3993,61,98158,Female,Cashier,Diabetes,32229
4844,Jennifer Foster,jennifer.foster64@gmail.com,(975) 391-9193,55,94139,Female,Accountant,Hypertension,92325
4845,Timothy Black,timothy.black42@hotmail.com,(991) 835-0739,49,94131,Male,Cashier,No Condition,32152
4846,Eric Little,eric.little3@yahoo.com,(250) 506-8151,33,94131,Male,Electrician,No Condition,73409
4847,Deborah Anderson,deborah.anderson21@hotmail.com,(356) 621-7627,25,10041,Female,Accountant,Asthma,75367
4848,Emily Meyers,emily.meyers27@gmail.com,(844) 565-1499,35,60622,Female,Graphic Designer,Heart Disease,55336
4849,Grace Santos,grace.santos79@gmail.com,(544) 633-8455,19,60681,Female,Marketing Manager,No Condition,80076
4850,Felicia Smith,felicia.smith18@gmail.com,(422) 198-8481,42,98158,Female,Data Analyst,No Condition,70426
4851,Angela Stanton,angela.stanton1@yahoo.com,(393) 089-8930,26,75241,Female,Cashier,Depression,21158
4852,Matthew Lopez,matthew.lopez46@hotmail.com,(102) 417-6697,62,10006,Male,Data Analyst,Diabetes,63571
4853,Samantha Moon,samantha.moon86@hotmail.com,(868) 382-8266,44,98101,Female,Data Analyst,No Condition,65054
4854,Dylan Sutton,dylan.sutton47@gmail.com,(309) 773-5496,18,10082,Male,Data Analyst,No Condition,60554
4855,Holly Calderon,holly.calderon41@yahoo.com,(190) 121-3553,66,94138,Female,Cashier,Heart Disease,37539
4856,Bailey Morgan,bailey.morgan98@yahoo.com,(736) 466-9370,59,10040,Female,Cashier,Depression,31801
4857,John Murphy,john.murphy82@yahoo.com,(244) 031-4822,79,75241,Male,Graphic Designer,Hypertension,83444
4858,Angela Acosta,angela.acosta16@yahoo.com,(772) 055-5321,70,33119,Female,Cashier,Hypertension,32215
4859,Robert Giles,robert.giles55@hotmail.com,(685) 550-2694,50,60684,Male,Chef,Hypertension,54281
4860,Alexis Rasmussen,alexis.rasmussen29@gmail.com,(460) 722-8849,52,98101,Female,Nurse,No Condition,91054
4861,Tyler Carpenter,tyler.carpenter52@hotmail.com,(188) 668-9801,34,33167,Male,Data Analyst,Asthma,48412
4862,James Gregory,james.gregory32@hotmail.com,(428) 544-3052,33,33143,Male,Teacher,No Condition,50654
4863,Paul Coleman,paul.coleman46@yahoo.com,(316) 370-7274,38,94131,Male,Graphic Designer,Depression,73156
4864,Stephanie Williams,stephanie.williams79@hotmail.com,(450) 294-0799,37,75262,Female,Accountant,No Condition,80446
4865,Lance Ramos,lance.ramos67@hotmail.com,(688) 104-8591,59,10082,Male,Electrician,Hypertension,78743
4866,Patricia Johnson,patricia.johnson27@yahoo.com,(242) 487-8404,37,94131,Female,Nurse,Heart Disease,74905
4867,Randall Porter,randall.porter94@gmail.com,(640) 887-7951,53,98101,Male,Lawyer,No Condition,101762
4868,Michael Morales,michael.morales81@hotmail.com,(722) 913-7901,34,94179,Male,Graphic Designer,Hypertension,65796
4869,Angela Campbell,angela.campbell83@gmail.com,(847) 633-0994,32,60684,Non-binary,Nurse,No Condition,55817
4870,Patricia Carlson,patricia.carlson2@yahoo.com,(815) 928-4276,43,75241,Female,Data Analyst,No Condition,91619
4871,Samantha Bryant,samantha.bryant93@gmail.com,(665) 374-6678,35,33143,Female,Teacher,Arthritis,52341
4872,Ronald Harris,ronald.harris62@yahoo.com,(916) 436-1116,50,60684,Male,Cashier,Diabetes,32008
4873,Jackie Cochran,jackie.cochran48@gmail.com,(941) 716-8747,22,10041,Female,Chef,No Condition,39034
4874,Christopher Russell,christopher.russell39@gmail.com,(343) 251-0110,40,75241,Male,Data Analyst,Depression,80438
4875,Mary Lara,mary.lara71@hotmail.com,(283) 149-1410,45,60636,Female,Nurse,No Condition,85628
4876,Ann Anderson,ann.anderson30@gmail.com,(774) 748-1579,32,10041,Female,Electrician,Depression,68586
4877,Anne Chapman,anne.chapman4@yahoo.com,(923) 802-1245,48,33167,Female,Nurse,Arthritis,82800
4878,Christian Foley,christian.foley20@yahoo.com,(608) 070-9278,46,60636,Male,Chef,Arthritis,49201
4879,Joan Oconnor,joan.oconnor5@yahoo.com,(742) 542-4702,36,60677,Female,Lawyer,Heart Disease,80924
4880,Lori Rodriguez,lori.rodriguez74@yahoo.com,(846) 669-2072,43,94131,Female,Accountant,No Condition,81135
4881,Chase Bowers,chase.bowers31@gmail.com,(518) 708-6334,58,60622,Male,Marketing Manager,Asthma,69564
4882,Hayley Perkins,hayley.perkins9@yahoo.com,(908) 290-3856,51,94179,Female,Accountant,Asthma,64859
4883,Amber Taylor,amber.taylor6@yahoo.com,(940) 278-3626,28,60684,Female,Accountant,No Condition,52570
4884,Tracy Robbins,tracy.robbins26@yahoo.com,(894) 147-9044,56,75241,Female,Marketing Manager,No Condition,82547
4885,Erin Reed,erin.reed77@yahoo.com,(992) 606-0823,36,60684,Female,Teacher,Diabetes,48820
4886,Bridget Rubio,bridget.rubio18@gmail.com,(302) 978-0678,58,94131,Female,Cashier,Diabetes,34568
4887,Mario Henderson,mario.henderson76@hotmail.com,(353) 092-2221,47,60666,Male,Cashier,No Condition,37994
4888,Jose Garcia,jose.garcia33@hotmail.com,(803) 583-2232,31,60677,Male,Teacher,No Condition,59143
4889,Briana Torres,briana.torres41@gmail.com,(541) 608-3881,48,75241,Female,Nurse,Cancer,84397
4890,Nina Silva,nina.silva89@hotmail.com,(548) 223-3228,38,10041,Female,Physician,Diabetes,233688
4891,Jessica Hodge,jessica.hodge68@yahoo.com,(919) 997-1081,52,75215,Female,Chef,No Condition,58223
4892,Jennifer Thomas,jennifer.thomas42@gmail.com,(533) 752-1455,28,60613,Female,Data Analyst,No Condition,83130
4893,Dawn Anderson,dawn.anderson34@yahoo.com,(300) 489-9744,32,10084,Female,Marketing Manager,Depression,70983
4894,Susan Sandoval,susan.sandoval82@hotmail.com,(973) 037-4850,31,60613,Female,Lawyer,No Condition,140758
4895,Christy Good,christy.good30@yahoo.com,(832) 006-0830,44,75247,Female,Electrician,No Condition,58218
4896,John Friedman,john.friedman16@hotmail.com,(267) 585-9877,34,94131,Male,Software Engineer,Diabetes,102609
4897,Monica Buck,monica.buck74@yahoo.com,(173) 335-3837,59,10082,Female,Data Analyst,Diabetes,91439
4898,Cody Ferguson,cody.ferguson93@hotmail.com,(294) 056-9476,32,98101,Male,Nurse,Depression,79851
4899,Tiffany Jackson,tiffany.jackson75@hotmail.com,(981) 207-9624,68,60636,Female,Marketing Manager,Hypertension,78033
4900,Andrew Andrews,andrew.andrews5@hotmail.com,(852) 242-7561,37,98118,Male,Accountant,Depression,62805
4901,Michelle Hurst,michelle.hurst12@yahoo.com,(620) 170-1175,32,33143,Female,Software Engineer,No Condition,114989
4902,Faith Myers,faith.myers19@yahoo.com,(547) 351-0674,31,75262,Female,Graphic Designer,Hypertension,51731
4903,David Jacobs,david.jacobs17@hotmail.com,(989) 071-6778,63,75262,Male,Accountant,Diabetes,85196
4904,Anthony Smith,anthony.smith74@gmail.com,(549) 230-0833,37,10082,Male,Data Analyst,No Condition,84463
4905,Barbara Ferguson,barbara.ferguson60@gmail.com,(155) 039-3038,37,94131,Female,Nurse,No Condition,102962
4906,Cheryl Wood,cheryl.wood8@gmail.com,(513) 731-2950,42,33143,Female,Data Analyst,No Condition,78063
4907,Juan Robertson,juan.robertson19@hotmail.com,(481) 987-5997,23,33167,Male,Chef,Depression,32935
4908,Brenda Thompson,brenda.thompson79@hotmail.com,(927) 809-9283,47,98186,Female,Data Analyst,Hypertension,85419
4909,Jennifer Sawyer,jennifer.sawyer70@gmail.com,(406) 204-6786,41,98158,Female,Accountant,No Condition,62235
4910,Susan Tate,susan.tate24@hotmail.com,(116) 919-4867,40,60613,Female,Graphic Designer,No Condition,57404
4911,Julie James,julie.james63@hotmail.com,(686) 444-9118,49,33143,Female,Cashier,Depression,38394
4912,Angela Rodriguez,angela.rodriguez22@yahoo.com,(927) 255-7301,73,33143,Female,Physician,Diabetes,256164
4913,Paul Fox,paul.fox4@gmail.com,(358) 423-0227,25,10086,Male,Nurse,No Condition,72164
4914,Kari Escobar,kari.escobar22@yahoo.com,(521) 527-2311,37,75262,Female,Teacher,Heart Disease,52122
4915,Daniel Jones,daniel.jones21@yahoo.com,(863) 826-7759,50,94131,Male,Data Analyst,Arthritis,81902
4916,Bonnie Alexander,bonnie.alexander87@gmail.com,(698) 460-5346,58,98193,Female,Teacher,Heart Disease,59355
4917,Mark Alexander,mark.alexander49@gmail.com,(896) 834-8698,38,60684,Male,Teacher,No Condition,59285
4918,Brandon Neal,brandon.neal79@yahoo.com,(129) 291-7736,42,75256,Male,Accountant,No Condition,75641
4919,Gabriel Avila,gabriel.avila65@hotmail.com,(908) 110-0077,60,10053,Male,Graphic Designer,Diabetes,70149
4920,Cynthia Wiley,cynthia.wiley35@hotmail.com,(126) 374-1987,32,10040,Female,Teacher,Heart Disease,58769
4921,Daniel White,daniel.white57@yahoo.com,(808) 193-3922,32,75215,Male,Software Engineer,No Condition,102151
4922,William Scott,william.scott88@yahoo.com,(854) 544-7278,37,98101,Male,Teacher,Arthritis,44928
4923,Michelle Copeland,michelle.copeland9@yahoo.com,(947) 717-4066,34,94138,Female,Graphic Designer,Depression,68626
4924,Jasmine Carroll,jasmine.carroll66@hotmail.com,(942) 061-3769,18,33143,Female,Nurse,Arthritis,69569
4925,Sheila Lee,sheila.lee2@yahoo.com,(918) 259-3087,27,75215,Female,Electrician,No Condition,60368
4926,Scott Snyder,scott.snyder29@gmail.com,(491) 281-2126,30,60627,Male,Graphic Designer,No Condition,55459
4927,Emily Rocha,emily.rocha93@hotmail.com,(381) 567-1026,41,98186,Female,Software Engineer,No Condition,128773
4928,Carolyn Nguyen,carolyn.nguyen43@hotmail.com,(519) 335-6284,47,75215,Female,Data Analyst,No Condition,93989
4929,David Chambers,david.chambers87@hotmail.com,(128) 401-2520,53,33143,Male,Software Engineer,Heart Disease,114807
4930,Derek Lopez,derek.lopez6@hotmail.com,(718) 281-2479,43,75215,Male,Electrician,Depression,81713
4931,Mary Jordan,mary.jordan77@hotmail.com,(578) 303-1729,61,75262,Female,Teacher,Heart Disease,66715
4932,Amber Lynch,amber.lynch50@yahoo.com,(551) 376-8481,53,10006,Female,Software Engineer,Heart Disease,107798
4933,Norman Garcia,norman.garcia80@hotmail.com,(367) 991-8451,44,75256,Male,Lawyer,No Condition,143525
4934,Aaron Griffith,aaron.griffith95@yahoo.com,(196) 538-5194,43,10082,Male,Cashier,No Condition,29352
4935,Jake Powell,jake.powell39@yahoo.com,(359) 340-1075,21,98158,Male,Data Analyst,Depression,80833
4936,Joshua Zimmerman,joshua.zimmerman66@hotmail.com,(397) 225-7502,47,10041,Male,Accountant,Depression,88010
4937,George Wright,george.wright45@hotmail.com,(612) 272-5449,18,75262,Male,Chef,Asthma,50450
4938,Tanya Garrett,tanya.garrett81@gmail.com,(807) 958-2546,27,98158,Female,Marketing Manager,No Condition,104281
4939,Tracy Hernandez,tracy.hernandez45@hotmail.com,(267) 783-9075,25,98158,Female,Nurse,Depression,72103
4940,Jennifer Stephens,jennifer.stephens97@yahoo.com,(162) 679-4099,25,98101,Female,Lawyer,Depression,97334
4941,Jimmy Owens,jimmy.owens87@gmail.com,(729) 176-4803,50,10006,Male,Nurse,Hypertension,100162
4942,Andrea Walters,andrea.walters4@yahoo.com,(644) 029-1956,38,60622,Female,Nurse,Asthma,89127
4943,Alicia Poole,alicia.poole45@hotmail.com,(984) 841-4922,30,98158,Female,Cashier,No Condition,27824
4944,Courtney Murphy,courtney.murphy71@yahoo.com,(502) 293-5117,44,75262,Female,Data Analyst,Hypertension,66719
4945,Sherry Braun,sherry.braun11@hotmail.com,(563) 693-8058,32,60677,Female,Nurse,Cancer,77714
4946,James Johnson,james.johnson52@gmail.com,(843) 517-5931,58,60677,Male,Marketing Manager,No Condition,90367
4947,Caitlyn Noble,caitlyn.noble30@gmail.com,(708) 456-3147,49,10082,Female,Marketing Manager,No Condition,101002
4948,Ashley White,ashley.white24@yahoo.com,(608) 899-7558,44,94139,Female,Chef,No Condition,60503
4949,Cheyenne Kennedy,cheyenne.kennedy17@hotmail.com,(778) 816-6809,48,10041,Female,Marketing Manager,Hypertension,78186
4950,Erin Garcia,erin.garcia16@hotmail.com,(888) 744-7321,38,60613,Female,Data Analyst,No Condition,94055
4951,Martin Mcknight,martin.mcknight94@yahoo.com,(945) 747-7060,48,33119,Male,Marketing Manager,Arthritis,95586
4952,Patricia Norton,patricia.norton3@hotmail.com,(458) 834-8564,30,33111,Female,Data Analyst,Hypertension,77261
4953,Timothy Nash,timothy.nash78@hotmail.com,(854) 115-6527,61,98158,Male,Software Engineer,Arthritis,137171
4954,Anthony Miller,anthony.miller71@hotmail.com,(956) 266-9981,35,33143,Male,Marketing Manager,No Condition,101116
4955,Anthony Richardson,anthony.richardson41@yahoo.com,(292) 008-5463,43,60681,Male,Cashier,No Condition,39521
4956,Jay Gill,jay.gill25@yahoo.com,(860) 664-9323,36,60613,Male,Graphic Designer,Heart Disease,52147
4957,Frances Neal,frances.neal85@hotmail.com,(438) 833-3149,40,75262,Female,Electrician,Asthma,67598
4958,Matthew Howard,matthew.howard80@yahoo.com,(785) 928-2066,42,75262,Male,Electrician,Cancer,68164
4959,Frank Green,frank.green57@hotmail.com,(171) 090-0281,44,10041,Male,Software Engineer,No Condition,119475
4960,Amanda Harris,amanda.harris87@gmail.com,(766) 617-8088,36,60677,Female,Marketing Manager,No Condition,102034
4961,Rebecca Parker,rebecca.parker4@hotmail.com,(391) 627-7650,49,75262,Female,Accountant,Diabetes,64806
4962,Sharon Lynch,sharon.lynch35@yahoo.com,(425) 012-2915,68,98193,Female,Accountant,Heart Disease,83779
4963,Isabella Bryant,isabella.bryant57@hotmail.com,(327) 197-6616,46,60622,Female,Marketing Manager,No Condition,76540
4964,Donna Obrien,donna.obrien46@gmail.com,(838) 010-7017,39,60627,Female,Accountant,No Condition,76884
4965,Paul Knox,paul.knox91@yahoo.com,(260) 834-8649,36,60636,Male,Cashier,Asthma,36225
4966,John Morris,john.morris58@yahoo.com,(583) 123-3153,54,75215,Male,Cashier,Cancer,32923
4967,Kyle Bennett,kyle.bennett45@gmail.com,(274) 103-7514,43,33167,Male,Physician,Depression,249300
4968,James Hoffman,james.hoffman53@hotmail.com,(466) 898-2397,41,94145,Male,Electrician,Diabetes,52974
4969,Tiffany Anderson,tiffany.anderson9@hotmail.com,(660) 284-9635,45,98118,Female,Nurse,Depression,88716
4970,Thomas Rios,thomas.rios15@gmail.com,(612) 199-1499,18,75290,Male,Accountant,Depression,65847
4971,Betty Lee,betty.lee19@yahoo.com,(895) 301-9654,56,60636,Female,Marketing Manager,Hypertension,76781
4972,Anthony Moody,anthony.moody95@hotmail.com,(244) 599-1452,75,60636,Male,Teacher,Cancer,60718
4973,April Johnson,april.johnson13@gmail.com,(588) 707-1360,46,94131,Female,Marketing Manager,No Condition,83963
4974,Terri Jones,terri.jones47@gmail.com,(300) 468-7975,56,10084,Female,Chef,Arthritis,58250
4975,Angela Hurst,angela.hurst38@hotmail.com,(948) 654-2556,53,33143,Female,Lawyer,Diabetes,178427
4976,Janet Thomas,janet.thomas41@gmail.com,(690) 544-1710,33,94138,Female,Nurse,Diabetes,71940
4977,Victor Reyes,victor.reyes32@gmail.com,(792) 936-9070,30,60613,Male,Teacher,No Condition,54462
4978,David Black,david.black65@yahoo.com,(823) 583-8951,43,60684,Male,Physician,No Condition,173628
4979,Shawn Reid,shawn.reid14@gmail.com,(847) 700-4830,23,94131,Male,Electrician,Asthma,54702
4980,Jeanette Murray,jeanette.murray13@gmail.com,(925) 538-2743,41,98193,Female,Marketing Manager,Depression,99266
4981,Cynthia Horton,cynthia.horton63@yahoo.com,(822) 506-3483,51,60677,Female,Accountant,Cancer,70806
4982,David Francis,david.francis55@hotmail.com,(623) 014-6467,47,94140,Male,Teacher,No Condition,59278
4983,Tammy Rush,tammy.rush11@gmail.com,(180) 954-1852,28,94145,Female,Physician,No Condition,248664
4984,Christy Simpson,christy.simpson53@gmail.com,(910) 443-3050,20,60627,Female,Chef,No Condition,27765
4985,Amy Carpenter,amy.carpenter42@gmail.com,(940) 960-0876,51,60666,Female,Software Engineer,Asthma,107909
4986,Eddie Rose,eddie.rose25@yahoo.com,(758) 422-5277,59,60684,Male,Nurse,Hypertension,86485
4987,Kelly Mcdonald,kelly.mcdonald74@yahoo.com,(164) 429-2775,40,75215,Female,Marketing Manager,No Condition,68077
4988,Brandon Clark,brandon.clark47@yahoo.com,(226) 749-4222,18,98101,Male,Teacher,No Condition,47583
4989,Jessica Brown,jessica.brown84@yahoo.com,(523) 814-9871,33,94131,Female,Cashier,Depression,40436
4990,Catherine Johnson,catherine.johnson26@hotmail.com,(535) 777-9312,34,10041,Female,Chef,No Condition,38164
4991,Anthony Lawrence,anthony.lawrence56@hotmail.com,(463) 623-1755,55,75241,Male,Marketing Manager,Hypertension,80727
4992,Colleen Owens,colleen.owens49@hotmail.com,(647) 763-0658,44,98186,Female,Software Engineer,Heart Disease,104506
4993,Jordan Gibson,jordan.gibson13@yahoo.com,(854) 699-1589,46,75241,Male,Physician,No Condition,318049
4994,Daniel Johnson,daniel.johnson67@gmail.com,(978) 581-4429,20,75241,Male,Accountant,No Condition,82377
4995,Scott Gonzalez,scott.gonzalez62@hotmail.com,(776) 190-7505,39,75247,Male,Cashier,No Condition,32068
4996,Blake Spears,blake.spears26@yahoo.com,(955) 107-4981,63,94138,Male,Accountant,Hypertension,84228
4997,Joseph Pope,joseph.pope42@hotmail.com,(861) 158-8901,18,10082,Male,Chef,Depression,44139
4998,Andrea Shaw,andrea.shaw9@gmail.com,(697) 012-6831,60,60636,Female,Teacher,No Condition,73054
4999,Peter Jackson,peter.jackson68@yahoo.com,(820) 605-1169,18,94138,Male,Software Engineer,No Condition,100118
5000,Jennifer Smith,jennifer.smith68@yahoo.com,(835) 268-2194,31,98158,Female,Electrician,Heart Disease,53328
